Algorithm,avg_waiting_time,avg_turnaround_time,avg_response_time,max_waiting_time,throughput,context_switches,starved_processes,adaptive,score,best_fixed_score,workload,seed
FCFS,69.45,86.25,69.45,142.5,0.057971014492753624,9,0,False,418.5,290.70000000000005,cpu_intensive,0
SJF,64.95,81.75,64.95,143.5,0.057971014492753624,9,0,False,396.5,290.70000000000005,cpu_intensive,0
Round Robin (q=2),159.8,176.6,10.1,181.0,0.047619047619047616,84,0,False,290.70000000000005,290.70000000000005,cpu_intensive,0
Priority,70.05,86.85,70.05,153.5,0.057971014492753624,9,1,False,427.0,290.70000000000005,cpu_intensive,0
Adaptive,134.6,151.4,22.3,156.0,0.053763440860215055,36,0,True,301.8,290.70000000000005,cpu_intensive,0
FCFS,65.25,80.85,65.25,135.5,0.06230529595015576,9,0,False,394.0,269.35,cpu_intensive,1
SJF,60.55,76.15,60.55,131.5,0.06230529595015576,9,0,False,368.5,269.35,cpu_intensive,1
Round Robin (q=2),145.2,160.8,10.1,167.5,0.05102040816326531,80,0,False,269.35,269.35,cpu_intensive,1
Priority,67.05,82.65,67.05,131.5,0.06230529595015576,9,0,False,401.0,269.35,cpu_intensive,1
Adaptive,125.15,140.75,22.7,148.5,0.05763688760806916,35,0,True,290.2,269.35,cpu_intensive,1
FCFS,63.35,79.35,63.35,129.5,0.060790273556231005,9,0,False,381.5,270.3,cpu_intensive,2
SJF,56.65,72.65,56.65,137.5,0.060790273556231005,9,2,False,352.0,270.3,cpu_intensive,2
Round Robin (q=2),143.75,159.75,9.95,173.5,0.04987531172069826,81,0,False,270.3,270.3,cpu_intensive,2
Priority,61.25,77.25,61.25,132.5,0.060790273556231005,9,0,False,372.5,270.3,cpu_intensive,2
Adaptive,119.6,135.6,22.5,143.0,0.056338028169014086,35,0,True,281.1,270.3,cpu_intensive,2
FCFS,70.95,87.45,70.95,134.5,0.058997050147492625,9,0,False,422.0,285.65,cpu_intensive,3
SJF,62.45,78.95,62.45,137.5,0.058997050147492625,9,1,False,381.0,285.65,cpu_intensive,3
Round Robin (q=2),156.1,172.6,10.2,177.5,0.04830917874396135,84,0,False,285.65,285.65,cpu_intensive,3
Priority,70.05,86.55,70.05,148.5,0.058997050147492625,9,1,False,424.5,285.65,cpu_intensive,3
Adaptive,125.9,142.4,22.45,147.5,0.054945054945054944,34,0,True,289.45,285.65,cpu_intensive,3
FCFS,62.15,76.95,62.15,126.5,0.06557377049180328,9,0,False,374.0,258.6,cpu_intensive,4
SJF,56.15,70.95,56.15,124.5,0.06557377049180328,9,0,False,343.0,258.6,cpu_intensive,4
Round Robin (q=2),138.75,153.55,10.4,156.5,0.05420054200542006,73,0,False,258.6,258.6,cpu_intensive,4
Priority,60.55,75.35,60.55,133.5,0.06557377049180328,9,1,False,369.5,258.6,cpu_intensive,4
Adaptive,125.2,140.0,17.9,140.5,0.05934718100890208,41,0,True,267.05,258.6,cpu_intensive,4
FCFS,63.15,77.75,63.15,122.5,0.0664451827242525,9,0,False,377.0,255.85000000000002,cpu_intensive,5
SJF,53.65,68.25,53.65,118.5,0.0664451827242525,9,1,False,327.5,255.85000000000002,cpu_intensive,5
Round Robin (q=2),136.05,150.65,10.45,156.0,0.0547945205479452,73,0,False,255.85000000000002,255.85000000000002,cpu_intensive,5
Priority,60.35,74.95,60.35,118.5,0.0664451827242525,9,0,False,361.0,255.85000000000002,cpu_intensive,5
Adaptive,118.2,132.8,18.9,140.5,0.06042296072507553,39,0,True,264.05,255.85000000000002,cpu_intensive,5
FCFS,64.35,79.65,64.35,132.5,0.06349206349206349,9,0,False,388.0,273.6,cpu_intensive,6
SJF,60.25,75.55,60.25,131.5,0.06349206349206349,9,0,False,367.0,273.6,cpu_intensive,6
Round Robin (q=2),148.6,163.9,10.5,166.0,0.052083333333333336,78,0,False,273.6,273.6,cpu_intensive,6
Priority,64.35,79.65,64.35,131.5,0.06349206349206349,9,0,False,387.5,273.6,cpu_intensive,6
Adaptive,120.35,135.65,22.95,145.0,0.058997050147492625,33,0,True,284.65,273.6,cpu_intensive,6
FCFS,62.55,77.95,62.55,135.5,0.06309148264984227,9,0,False,380.5,272.45,cpu_intensive,7
SJF,59.95,75.35,59.95,134.5,0.06309148264984227,9,0,False,367.0,272.45,cpu_intensive,7
Round Robin (q=2),144.0,159.4,10.8,170.5,0.05167958656330749,79,0,False,272.45,272.45,cpu_intensive,7
Priority,67.85,83.25,67.85,135.5,0.06309148264984227,9,0,False,407.0,272.45,cpu_intensive,7
Adaptive,123.5,138.9,23.05,148.0,0.05847953216374269,34,0,True,289.7,272.45,cpu_intensive,7
FCFS,61.75,77.05,61.75,124.5,0.06349206349206349,9,0,False,371.0,269.4,cpu_intensive,8
SJF,59.65,74.95,59.65,125.5,0.06349206349206349,9,0,False,361.0,269.4,cpu_intensive,8
Round Robin (q=2),146.0,161.3,10.1,166.0,0.052083333333333336,78,0,False,269.4,269.4,cpu_intensive,8
Priority,61.75,77.05,61.75,132.5,0.06349206349206349,9,1,False,375.0,269.4,cpu_intensive,8
Adaptive,121.9,137.2,22.8,141.0,0.05865102639296188,35,0,True,283.6,269.4,cpu_intensive,8
FCFS,68.25,83.85,68.25,133.5,0.06230529595015576,9,0,False,408.0,277.79999999999995,cpu_intensive,9
SJF,62.25,77.85,62.25,136.5,0.06230529595015576,9,1,False,379.5,277.79999999999995,cpu_intensive,9
Round Robin (q=2),151.45,167.05,10.15,171.5,0.05115089514066496,79,0,False,277.79999999999995,277.79999999999995,cpu_intensive,9
Priority,68.65,84.25,68.65,137.5,0.06230529595015576,9,0,False,412.0,277.79999999999995,cpu_intensive,9
Adaptive,129.4,145.0,23.1,147.5,0.05763688760806916,35,0,True,295.55,277.79999999999995,cpu_intensive,9
FCFS,61.25,76.65,61.25,123.5,0.06309148264984227,9,0,False,368.0,263.65,cpu_intensive,10
SJF,56.55,71.95,56.55,123.5,0.06309148264984227,9,0,False,344.5,263.65,cpu_intensive,10
Round Robin (q=2),138.9,154.3,10.75,163.5,0.05181347150259067,78,0,False,263.65,263.65,cpu_intensive,10
Priority,65.55,80.95,65.55,141.5,0.06309148264984227,9,1,False,398.5,263.65,cpu_intensive,10
Adaptive,117.85,133.25,22.65,136.0,0.05847953216374269,34,0,True,276.45,263.65,cpu_intensive,10
FCFS,66.85,82.75,66.85,139.5,0.06116207951070336,9,0,False,404.0,264.85,cpu_intensive,11
SJF,57.75,73.65,57.75,130.5,0.06116207951070336,9,1,False,354.0,264.85,cpu_intensive,11
Round Robin (q=2),140.85,156.75,10.25,166.0,0.05037783375314862,79,0,False,264.85,264.85,cpu_intensive,11
Priority,61.95,77.85,61.95,130.5,0.06116207951070336,9,0,False,375.0,264.85,cpu_intensive,11
Adaptive,121.75,137.65,21.95,143.0,0.056818181818181816,34,0,True,281.05,264.85,cpu_intensive,11
FCFS,67.85,83.75,67.85,142.5,0.06116207951070336,9,0,False,410.5,278.25,cpu_intensive,12
SJF,61.25,77.15,61.25,139.5,0.06116207951070336,9,1,False,376.0,278.25,cpu_intensive,12
Round Robin (q=2),151.25,167.15,10.0,174.0,0.05012531328320802,81,0,False,278.25,278.25,cpu_intensive,12
Priority,66.55,82.45,66.55,139.5,0.06116207951070336,9,1,False,402.5,278.25,cpu_intensive,12
Adaptive,126.05,141.95,22.5,151.0,0.056818181818181816,34,0,True,291.55,278.25,cpu_intensive,12
FCFS,66.15,80.55,66.15,123.5,0.06734006734006734,9,0,False,392.5,256.9,cpu_intensive,13
SJF,55.05,69.45,55.05,126.5,0.06734006734006734,9,1,False,338.5,256.9,cpu_intensive,13
Round Robin (q=2),138.1,152.5,9.95,158.0,0.05555555555555555,72,0,False,256.9,256.9,cpu_intensive,13
Priority,66.45,80.85,66.45,129.5,0.06734006734006734,9,0,False,397.0,256.9,cpu_intensive,13
Adaptive,120.55,134.95,18.1,141.0,0.06134969325153374,38,0,True,263.45,256.9,cpu_intensive,13
FCFS,60.35,74.05,60.35,116.5,0.0706713780918728,9,0,False,360.0,248.5,cpu_intensive,14
SJF,54.25,67.95,54.25,119.5,0.0706713780918728,9,1,False,331.0,248.5,cpu_intensive,14
Round Robin (q=2),132.05,145.75,10.3,150.5,0.057971014492753624,71,0,False,248.5,248.5,cpu_intensive,14
Priority,58.85,72.55,58.85,116.5,0.0706713780918728,9,0,False,352.5,248.5,cpu_intensive,14
Adaptive,111.5,125.2,18.85,133.0,0.06451612903225806,36,0,True,253.4,248.5,cpu_intensive,14
FCFS,53.75,68.05,53.75,115.5,0.06779661016949153,9,0,False,326.5,242.8,cpu_intensive,15
SJF,52.45,66.75,52.45,115.5,0.06779661016949153,9,0,False,320.0,242.8,cpu_intensive,15
Round Robin (q=2),124.8,139.1,10.5,152.0,0.055865921787709494,72,0,False,242.8,242.8,cpu_intensive,15
Priority,57.35,71.65,57.35,137.5,0.06779661016949153,9,1,False,355.5,242.8,cpu_intensive,15
Adaptive,109.3,123.6,18.35,135.5,0.06153846153846154,39,0,True,250.45,242.8,cpu_intensive,15
FCFS,58.65,72.65,58.65,116.5,0.06920415224913495,9,0,False,351.5,240.75,cpu_intensive,16
SJF,51.15,65.15,51.15,115.5,0.06920415224913495,9,1,False,313.5,240.75,cpu_intensive,16
Round Robin (q=2),126.3,140.3,10.3,146.5,0.05698005698005698,71,0,False,240.75,240.75,cpu_intensive,16
Priority,60.05,74.05,60.05,114.5,0.06920415224913495,9,0,False,357.5,240.75,cpu_intensive,16
Adaptive,114.6,128.6,18.35,129.5,0.06269592476489028,39,0,True,252.75,240.75,cpu_intensive,16
FCFS,56.95,71.75,56.95,120.5,0.06557377049180328,9,0,False,345.0,246.7,cpu_intensive,17
SJF,54.15,68.95,54.15,120.5,0.06557377049180328,9,0,False,331.0,246.7,cpu_intensive,17
Round Robin (q=2),129.65,144.45,10.2,152.5,0.05420054200542006,73,0,False,246.7,246.7,cpu_intensive,17
Priority,60.75,75.55,60.75,125.5,0.06557377049180328,9,0,False,366.5,246.7,cpu_intensive,17
Adaptive,108.5,123.3,18.35,135.0,0.059880239520958084,38,0,True,249.4,246.7,cpu_intensive,17
FCFS,57.95,72.55,57.95,121.5,0.0664451827242525,9,0,False,350.5,247.75,cpu_intensive,18
SJF,50.85,65.45,50.85,116.5,0.0664451827242525,9,1,False,312.5,247.75,cpu_intensive,18
Round Robin (q=2),129.8,144.4,10.3,153.5,0.0546448087431694,74,0,False,247.75,247.75,cpu_intensive,18
Priority,53.05,67.65,53.05,116.5,0.0664451827242525,9,0,False,323.5,247.75,cpu_intensive,18
Adaptive,112.3,126.9,18.55,138.5,0.060240963855421686,40,0,True,255.75,247.75,cpu_intensive,18
FCFS,68.05,83.35,68.05,134.5,0.06349206349206349,9,0,False,407.5,273.8,cpu_intensive,19
SJF,59.05,74.35,59.05,130.5,0.06349206349206349,9,1,False,360.5,273.8,cpu_intensive,19
Round Robin (q=2),147.5,162.8,10.45,169.0,0.05194805194805195,79,0,False,273.8,273.8,cpu_intensive,19
Priority,62.55,77.85,62.55,130.5,0.06349206349206349,9,1,False,378.0,273.8,cpu_intensive,19
Adaptive,128.2,143.5,22.3,143.0,0.058823529411764705,34,0,True,288.9,273.8,cpu_intensive,19
FCFS,65.85,81.75,65.85,130.5,0.06116207951070336,9,0,False,394.5,281.1,cpu_intensive,20
SJF,62.05,77.95,62.05,130.5,0.06116207951070336,9,0,False,375.5,281.1,cpu_intensive,20
Round Robin (q=2),153.65,169.55,10.05,174.5,0.05025125628140704,80,0,False,281.1,281.1,cpu_intensive,20
Priority,66.25,82.15,66.25,142.5,0.06116207951070336,9,1,False,402.5,281.1,cpu_intensive,20
Adaptive,131.15,147.05,22.4,147.5,0.05649717514124294,36,0,True,294.5,281.1,cpu_intensive,20
FCFS,63.75,78.45,63.75,125.5,0.066006600660066,9,0,False,381.5,252.25,cpu_intensive,21
SJF,53.15,67.85,53.15,120.5,0.066006600660066,9,0,False,326.0,252.25,cpu_intensive,21
Round Robin (q=2),133.05,147.75,10.3,156.0,0.05420054200542006,75,0,False,252.25,252.25,cpu_intensive,21
Priority,59.65,74.35,59.65,124.5,0.066006600660066,9,0,False,360.5,252.25,cpu_intensive,21
Adaptive,116.3,131.0,18.4,136.5,0.06006006006006006,39,0,True,258.15,252.25,cpu_intensive,21
FCFS,54.35,68.15,54.35,115.5,0.07017543859649122,9,0,False,329.5,234.75,cpu_intensive,22
SJF,49.85,63.65,49.85,115.5,0.07017543859649122,9,1,False,307.0,234.75,cpu_intensive,22
Round Robin (q=2),120.45,134.25,10.45,145.0,0.05813953488372093,68,0,False,234.75,234.75,cpu_intensive,22
Priority,55.55,69.35,55.55,116.5,0.07017543859649122,9,0,False,336.0,234.75,cpu_intensive,22
Adaptive,105.25,119.05,18.05,129.5,0.06389776357827476,37,0,True,242.2,234.75,cpu_intensive,22
FCFS,58.35,73.05,58.35,115.5,0.066006600660066,9,0,False,349.5,247.20000000000002,cpu_intensive,23
SJF,51.25,65.95,51.25,115.5,0.066006600660066,9,1,False,314.0,247.20000000000002,cpu_intensive,23
Round Robin (q=2),128.8,143.5,10.1,156.0,0.05420054200542006,75,0,False,247.20000000000002,247.20000000000002,cpu_intensive,23
Priority,58.55,73.25,58.55,127.5,0.066006600660066,9,0,False,356.5,247.20000000000002,cpu_intensive,23
Adaptive,107.85,122.55,18.2,135.5,0.060240963855421686,38,0,True,248.39999999999998,247.20000000000002,cpu_intensive,23
FCFS,69.65,85.55,69.65,137.5,0.06116207951070336,9,0,False,417.0,276.4,cpu_intensive,24
SJF,60.85,76.75,60.85,130.5,0.06116207951070336,9,0,False,369.5,276.4,cpu_intensive,24
Round Robin (q=2),149.7,165.6,10.3,171.0,0.05025125628140704,80,0,False,276.4,276.4,cpu_intensive,24
Priority,71.15,87.05,71.15,137.5,0.06116207951070336,9,0,False,424.5,276.4,cpu_intensive,24
Adaptive,128.5,144.4,23.0,145.0,0.056657223796033995,35,0,True,293.0,276.4,cpu_intensive,24
FCFS,69.05,85.65,69.05,143.5,0.05865102639296188,9,0,False,417.0,285.15,cpu_intensive,25
SJF,62.65,79.25,62.65,141.5,0.05865102639296188,9,1,False,384.0,285.15,cpu_intensive,25
Round Robin (q=2),154.35,170.95,9.95,182.0,0.04819277108433735,83,0,False,285.15,285.15,cpu_intensive,25
Priority,69.55,86.15,69.55,151.5,0.05865102639296188,9,1,False,423.5,285.15,cpu_intensive,25
Adaptive,128.15,144.75,22.2,156.5,0.05449591280653951,35,0,True,295.2,285.15,cpu_intensive,25
FCFS,77.45,94.85,77.45,149.5,0.056022408963585436,9,0,False,462.0,304.7,cpu_intensive,26
SJF,70.35,87.75,70.35,153.5,0.056022408963585436,9,1,False,428.5,304.7,cpu_intensive,26
Round Robin (q=2),168.45,185.85,10.25,190.5,0.04608294930875576,86,0,False,304.7,304.7,cpu_intensive,26
Priority,75.75,93.15,75.75,155.5,0.056022408963585436,9,1,False,456.5,304.7,cpu_intensive,26
Adaptive,147.45,164.85,21.6,163.5,0.05194805194805195,37,0,True,315.6,304.7,cpu_intensive,26
FCFS,57.35,70.65,57.35,109.5,0.07272727272727272,9,0,False,341.5,232.5,cpu_intensive,27
SJF,47.95,61.25,47.95,109.5,0.07272727272727272,9,2,False,294.5,232.5,cpu_intensive,27
Round Robin (q=2),120.5,133.8,10.25,142.0,0.06006006006006006,67,0,False,232.5,232.5,cpu_intensive,27
Priority,57.25,70.55,57.25,109.5,0.07272727272727272,9,0,False,341.0,232.5,cpu_intensive,27
Adaptive,105.7,119.0,19.05,126.5,0.06622516556291391,36,0,True,245.15,232.5,cpu_intensive,27
FCFS,54.65,68.45,54.65,110.5,0.07017543859649122,9,0,False,328.5,238.3,cpu_intensive,28
SJF,51.95,65.75,51.95,110.5,0.07017543859649122,9,0,False,315.0,238.3,cpu_intensive,28
Round Robin (q=2),125.85,139.65,10.55,140.5,0.05813953488372093,68,0,False,238.3,238.3,cpu_intensive,28
Priority,57.65,71.45,57.65,119.5,0.07017543859649122,9,0,False,348.0,238.3,cpu_intensive,28
Adaptive,105.6,119.4,18.5,123.5,0.06430868167202572,35,0,True,241.35,238.3,cpu_intensive,28
FCFS,57.35,72.15,57.35,114.5,0.06557377049180328,9,0,False,344.0,245.70000000000002,cpu_intensive,29
SJF,51.95,66.75,51.95,114.5,0.06557377049180328,9,1,False,317.0,245.70000000000002,cpu_intensive,29
Round Robin (q=2),128.55,143.35,10.1,153.5,0.053763440860215055,76,0,False,245.70000000000002,245.70000000000002,cpu_intensive,29
Priority,57.65,72.45,57.65,114.5,0.06557377049180328,9,0,False,345.5,245.70000000000002,cpu_intensive,29
Adaptive,108.15,122.95,18.6,133.0,0.05970149253731343,39,0,True,249.05,245.70000000000002,cpu_intensive,29
FCFS,69.55,86.45,69.55,141.5,0.05763688760806916,9,0,False,418.5,292.45,cpu_intensive,30
SJF,66.85,83.75,66.85,144.5,0.05763688760806916,9,0,False,406.5,292.45,cpu_intensive,30
Round Robin (q=2),160.1,177.0,10.4,181.5,0.04716981132075472,86,0,False,292.45,292.45,cpu_intensive,30
Priority,68.65,85.55,68.65,148.5,0.05763688760806916,9,1,False,417.5,292.45,cpu_intensive,30
Adaptive,132.65,149.55,21.95,155.0,0.053475935828877004,36,0,True,297.95,292.45,cpu_intensive,30
FCFS,61.05,75.55,61.05,124.5,0.06688963210702341,9,0,False,367.5,250.2,cpu_intensive,31
SJF,54.65,69.15,54.65,124.5,0.06688963210702341,9,1,False,335.5,250.2,cpu_intensive,31
Round Robin (q=2),131.1,145.6,10.4,155.0,0.05509641873278237,73,0,False,250.2,250.2,cpu_intensive,31
Priority,65.85,80.35,65.85,130.5,0.06688963210702341,9,0,False,394.5,250.2,cpu_intensive,31
Adaptive,113.5,128.0,18.8,135.5,0.060790273556231005,39,0,True,256.45,250.2,cpu_intensive,31
FCFS,62.55,77.55,62.55,130.5,0.06472491909385113,9,0,False,378.0,260.45000000000005,cpu_intensive,32
SJF,55.65,70.65,55.65,129.5,0.06472491909385113,9,1,False,343.0,260.45000000000005,cpu_intensive,32
Round Robin (q=2),138.3,153.3,10.1,163.5,0.05305039787798409,77,0,False,260.45000000000005,260.45000000000005,cpu_intensive,32
Priority,62.35,77.35,62.35,132.5,0.06472491909385113,9,1,False,378.0,260.45000000000005,cpu_intensive,32
Adaptive,124.6,139.6,17.95,144.5,0.05847953216374269,42,0,True,268.65,260.45000000000005,cpu_intensive,32
FCFS,77.55,94.65,77.55,151.5,0.05698005698005698,9,0,False,463.5,306.9,cpu_intensive,33
SJF,67.25,84.35,67.25,150.5,0.05698005698005698,9,1,False,411.5,306.9,cpu_intensive,33
Round Robin (q=2),170.3,187.4,10.65,188.0,0.046620046620046623,87,0,False,306.9,306.9,cpu_intensive,33
Priority,69.95,87.05,69.95,148.5,0.05698005698005698,9,0,False,424.0,306.9,cpu_intensive,33
Adaptive,144.2,161.3,22.05,160.0,0.05291005291005291,36,0,True,312.4,306.9,cpu_intensive,33
FCFS,61.05,75.85,61.05,127.5,0.06557377049180328,9,0,False,369.0,258.65,cpu_intensive,34
SJF,58.05,72.85,58.05,125.5,0.06557377049180328,9,1,False,353.0,258.65,cpu_intensive,34
Round Robin (q=2),137.55,152.35,10.4,159.0,0.053763440860215055,76,0,False,258.65,258.65,cpu_intensive,34
Priority,69.35,84.15,69.35,127.5,0.06557377049180328,9,0,False,410.5,258.65,cpu_intensive,34
Adaptive,117.0,131.8,19.1,140.5,0.05970149253731343,39,0,True,263.65,258.65,cpu_intensive,34
FCFS,62.05,76.15,62.05,118.5,0.06872852233676977,9,0,False,369.5,246.65,cpu_intensive,35
SJF,51.15,65.25,51.15,120.5,0.06872852233676977,9,2,False,316.0,246.65,cpu_intensive,35
Round Robin (q=2),128.0,142.1,10.6,152.5,0.05649717514124294,72,0,False,246.65,246.65,cpu_intensive,35
Priority,61.75,75.85,61.75,129.5,0.06872852233676977,9,1,False,373.5,246.65,cpu_intensive,35
Adaptive,109.8,123.9,18.85,134.5,0.06269592476489028,37,0,True,252.45,246.65,cpu_intensive,35
FCFS,52.55,66.25,52.55,108.5,0.0706713780918728,9,0,False,317.0,232.35,cpu_intensive,36
SJF,46.85,60.55,46.85,115.5,0.0706713780918728,9,2,False,292.0,232.35,cpu_intensive,36
Round Robin (q=2),118.7,132.4,10.35,144.5,0.05813953488372093,70,0,False,232.35,232.35,cpu_intensive,36
Priority,52.15,65.85,52.15,109.5,0.0706713780918728,9,1,False,315.5,232.35,cpu_intensive,36
Adaptive,101.25,114.95,17.6,128.0,0.06430868167202572,37,0,True,235.65,232.35,cpu_intensive,36
FCFS,70.65,87.25,70.65,135.5,0.05865102639296188,9,0,False,421.0,287.0,cpu_intensive,37
SJF,61.45,78.05,61.45,133.5,0.05865102639296188,9,1,False,374.0,287.0,cpu_intensive,37
Round Robin (q=2),157.25,173.85,10.5,175.5,0.04807692307692308,84,0,False,287.0,287.0,cpu_intensive,37
Priority,67.95,84.55,67.95,135.5,0.05865102639296188,9,0,False,407.5,287.0,cpu_intensive,37
Adaptive,128.55,145.15,22.9,149.5,0.05449591280653951,35,0,True,294.9,287.0,cpu_intensive,37
FCFS,63.95,78.75,63.95,130.5,0.06557377049180328,9,0,False,385.0,260.85,cpu_intensive,38
SJF,55.95,70.75,55.95,130.5,0.06557377049180328,9,1,False,345.0,260.85,cpu_intensive,38
Round Robin (q=2),137.1,151.9,10.5,163.5,0.05390835579514825,75,0,False,260.85,260.85,cpu_intensive,38
Priority,65.35,80.15,65.35,125.5,0.06557377049180328,9,0,False,389.5,260.85,cpu_intensive,38
Adaptive,121.9,136.7,18.75,142.0,0.05952380952380952,40,0,True,267.9,260.85,cpu_intensive,38
FCFS,63.95,78.75,63.95,122.5,0.06557377049180328,9,0,False,381.0,259.5,cpu_intensive,39
SJF,54.95,69.75,54.95,127.5,0.06557377049180328,9,2,False,338.5,259.5,cpu_intensive,39
Round Robin (q=2),137.0,151.8,10.5,161.0,0.05390835579514825,75,0,False,259.5,259.5,cpu_intensive,39
Priority,65.45,80.25,65.45,132.5,0.06557377049180328,9,0,False,393.5,259.5,cpu_intensive,39
Adaptive,120.4,135.2,19.2,142.5,0.05970149253731343,39,0,True,268.45,259.5,cpu_intensive,39
FCFS,58.75,72.25,58.75,111.5,0.07168458781362007,9,0,False,349.5,240.75,cpu_intensive,40
SJF,49.85,63.35,49.85,120.5,0.07168458781362007,9,2,False,309.5,240.75,cpu_intensive,40
Round Robin (q=2),125.35,138.85,10.35,148.0,0.058997050147492625,69,0,False,240.75,240.75,cpu_intensive,40
Priority,57.55,71.05,57.55,116.5,0.07168458781362007,9,0,False,346.0,240.75,cpu_intensive,40
Adaptive,109.9,123.4,18.4,133.0,0.06535947712418301,36,0,True,250.0,240.75,cpu_intensive,40
FCFS,67.15,82.15,67.15,130.5,0.06472491909385113,9,0,False,401.0,262.6,cpu_intensive,41
SJF,54.55,69.55,54.55,127.5,0.06472491909385113,9,1,False,336.5,262.6,cpu_intensive,41
Round Robin (q=2),141.5,156.5,10.15,161.0,0.05319148936170213,76,0,False,262.6,262.6,cpu_intensive,41
Priority,66.95,81.95,66.95,131.5,0.06472491909385113,9,0,False,400.5,262.6,cpu_intensive,41
Adaptive,118.0,133.0,18.05,142.0,0.05917159763313609,38,0,True,261.2,262.6,cpu_intensive,41
FCFS,63.25,77.35,63.25,120.5,0.06872852233676977,9,0,False,376.5,249.35,cpu_intensive,42
SJF,52.75,66.85,52.75,124.5,0.06872852233676977,9,1,False,326.0,249.35,cpu_intensive,42
Round Robin (q=2),129.85,143.95,10.25,157.0,0.05649717514124294,72,0,False,249.35,249.35,cpu_intensive,42
Priority,57.45,71.55,57.45,130.5,0.06872852233676977,9,1,False,352.5,249.35,cpu_intensive,42
Adaptive,117.5,131.6,19.05,140.5,0.06230529595015576,39,0,True,263.95,249.35,cpu_intensive,42
FCFS,65.35,81.15,65.35,130.5,0.06153846153846154,9,0,False,392.0,269.9,cpu_intensive,43
SJF,57.35,73.15,57.35,135.5,0.06153846153846154,9,2,False,354.5,269.9,cpu_intensive,43
Round Robin (q=2),144.45,160.25,10.05,170.5,0.05063291139240506,79,0,False,269.9,269.9,cpu_intensive,43
Priority,59.25,75.05,59.25,130.5,0.06153846153846154,9,1,False,361.5,269.9,cpu_intensive,43
Adaptive,121.7,137.5,22.9,143.5,0.05698005698005698,35,0,True,285.05,269.9,cpu_intensive,43
FCFS,63.35,78.75,63.35,129.5,0.06309148264984227,9,0,False,381.5,262.7,cpu_intensive,44
SJF,56.85,72.25,56.85,131.5,0.06309148264984227,9,2,False,350.0,262.7,cpu_intensive,44
Round Robin (q=2),140.0,155.4,10.05,165.0,0.05181347150259067,78,0,False,262.7,262.7,cpu_intensive,44
Priority,65.35,80.75,65.35,145.5,0.06309148264984227,9,1,False,399.5,262.7,cpu_intensive,44
Adaptive,121.0,136.4,23.35,142.0,0.05847953216374269,34,0,True,285.4,262.7,cpu_intensive,44
FCFS,52.15,65.25,52.15,109.5,0.07380073800738007,9,0,False,315.5,222.25,cpu_intensive,45
SJF,48.55,61.65,48.55,107.5,0.07380073800738007,9,1,False,296.5,222.25,cpu_intensive,45
Round Robin (q=2),114.5,127.6,10.0,135.5,0.06116207951070336,65,0,False,222.25,222.25,cpu_intensive,45
Priority,55.35,68.45,55.35,109.5,0.07380073800738007,9,0,False,331.5,222.25,cpu_intensive,45
Adaptive,96.65,109.75,19.0,120.0,0.06756756756756757,34,0,True,232.65,222.25,cpu_intensive,45
FCFS,72.15,87.55,72.15,136.5,0.06309148264984227,9,0,False,429.0,269.45000000000005,cpu_intensive,46
SJF,58.75,74.15,58.75,134.5,0.06309148264984227,9,1,False,361.0,269.45000000000005,cpu_intensive,46
Round Robin (q=2),144.55,159.95,10.1,169.0,0.05194805194805195,77,0,False,269.45000000000005,269.45000000000005,cpu_intensive,46
Priority,67.05,82.45,67.05,142.5,0.06309148264984227,9,1,False,406.5,269.45000000000005,cpu_intensive,46
Adaptive,127.45,142.85,23.1,149.0,0.05847953216374269,34,0,True,294.35,269.45000000000005,cpu_intensive,46
FCFS,65.45,81.85,65.45,132.5,0.05934718100890208,9,0,False,393.5,273.1,cpu_intensive,47
SJF,56.65,73.05,56.65,137.5,0.05934718100890208,9,1,False,352.0,273.1,cpu_intensive,47
Round Robin (q=2),146.0,162.4,10.15,173.0,0.04866180048661801,83,0,False,273.1,273.1,cpu_intensive,47
Priority,66.35,82.75,66.35,138.5,0.05934718100890208,9,0,False,401.0,273.1,cpu_intensive,47
Adaptive,121.0,137.4,22.6,145.5,0.05509641873278237,35,0,True,284.15,273.1,cpu_intensive,47
FCFS,63.05,77.45,63.05,123.5,0.06734006734006734,9,0,False,377.0,254.25,cpu_intensive,48
SJF,54.05,68.45,54.05,124.5,0.06734006734006734,9,2,False,332.5,254.25,cpu_intensive,48
Round Robin (q=2),134.8,149.2,10.3,156.5,0.055401662049861494,73,0,False,254.25,254.25,cpu_intensive,48
Priority,59.95,74.35,59.95,124.5,0.06734006734006734,9,1,False,362.0,254.25,cpu_intensive,48
Adaptive,112.85,127.25,18.6,139.0,0.06134969325153374,38,0,True,256.75,254.25,cpu_intensive,48
FCFS,71.55,87.45,71.55,138.5,0.06116207951070336,9,0,False,427.0,285.0,cpu_intensive,49
SJF,62.85,78.75,62.85,141.5,0.06116207951070336,9,1,False,385.0,285.0,cpu_intensive,49
Round Robin (q=2),154.7,170.6,10.45,177.0,0.05025125628140704,80,0,False,285.0,285.0,cpu_intensive,49
Priority,70.95,86.85,70.95,141.5,0.06116207951070336,9,0,False,425.5,285.0,cpu_intensive,49
Adaptive,130.5,146.4,23.15,153.5,0.056818181818181816,34,0,True,299.85,285.0,cpu_intensive,49
FCFS,71.55,88.25,71.55,144.5,0.05830903790087463,9,0,False,430.0,294.3,cpu_intensive,50
SJF,66.55,83.25,66.55,143.5,0.05830903790087463,9,0,False,404.5,294.3,cpu_intensive,50
Round Robin (q=2),161.85,178.55,10.3,182.5,0.0477326968973747,85,0,False,294.3,294.3,cpu_intensive,50
Priority,70.35,87.05,70.35,147.5,0.05830903790087463,9,0,False,425.5,294.3,cpu_intensive,50
Adaptive,135.2,151.9,22.65,157.5,0.05420054200542006,35,0,True,304.54999999999995,294.3,cpu_intensive,50
FCFS,64.45,79.35,64.45,122.5,0.06514657980456026,9,0,False,383.5,261.55,cpu_intensive,51
SJF,56.15,71.05,56.15,126.5,0.06514657980456026,9,1,False,344.0,261.55,cpu_intensive,51
Round Robin (q=2),140.0,154.9,10.45,159.5,0.05361930294906166,75,0,False,261.55,261.55,cpu_intensive,51
Priority,59.95,74.85,59.95,124.5,0.06514657980456026,9,0,False,362.0,261.55,cpu_intensive,51
Adaptive,123.1,138.0,18.25,142.0,0.05917159763313609,40,0,True,267.1,261.55,cpu_intensive,51
FCFS,54.05,67.95,54.05,108.5,0.06968641114982578,9,0,False,324.5,228.45,cpu_intensive,52
SJF,47.25,61.15,47.25,114.5,0.06968641114982578,9,2,False,293.5,228.45,cpu_intensive,52
Round Robin (q=2),114.8,128.7,10.35,144.5,0.05763688760806916,69,0,False,228.45,228.45,cpu_intensive,52
Priority,52.45,66.35,52.45,108.5,0.06968641114982578,9,0,False,316.5,228.45,cpu_intensive,52
Adaptive,99.35,113.25,18.55,129.0,0.06349206349206349,37,0,True,238.05,228.45,cpu_intensive,52
FCFS,58.15,72.45,58.15,117.5,0.06779661016949153,9,0,False,349.5,246.6,cpu_intensive,53
SJF,52.65,66.95,52.65,114.5,0.06779661016949153,9,1,False,320.5,246.6,cpu_intensive,53
Round Robin (q=2),130.5,144.8,10.4,149.0,0.055865921787709494,72,0,False,246.6,246.6,cpu_intensive,53
Priority,55.15,69.45,55.15,114.5,0.06779661016949153,9,0,False,333.0,246.6,cpu_intensive,53
Adaptive,116.95,131.25,18.55,130.0,0.06153846153846154,39,0,True,256.15,246.6,cpu_intensive,53
FCFS,66.35,82.25,66.35,130.5,0.06116207951070336,9,0,False,397.0,281.3,cpu_intensive,54
SJF,59.85,75.75,59.85,137.5,0.06116207951070336,9,1,False,368.0,281.3,cpu_intensive,54
Round Robin (q=2),153.85,169.75,10.3,172.5,0.05,82,0,False,281.3,281.3,cpu_intensive,54
Priority,63.25,79.15,63.25,130.5,0.06116207951070336,9,0,False,381.5,281.3,cpu_intensive,54
Adaptive,129.4,145.3,22.65,145.5,0.05649717514124294,36,0,True,292.75,281.3,cpu_intensive,54
FCFS,58.75,73.65,58.75,130.5,0.06514657980456026,9,0,False,359.0,246.45000000000002,cpu_intensive,55
SJF,51.65,66.55,51.65,121.5,0.06514657980456026,9,0,False,319.0,246.45000000000002,cpu_intensive,55
Round Robin (q=2),129.05,143.95,9.85,156.0,0.053475935828877004,76,0,False,246.45000000000002,246.45000000000002,cpu_intensive,55
Priority,59.55,74.45,59.55,128.5,0.06514657980456026,9,0,False,362.0,246.45000000000002,cpu_intensive,55
Adaptive,112.4,127.3,17.7,138.0,0.05917159763313609,40,0,True,252.2,246.45000000000002,cpu_intensive,55
FCFS,62.05,76.25,62.05,119.5,0.06825938566552901,9,0,False,370.0,250.64999999999998,cpu_intensive,56
SJF,55.75,69.95,55.75,119.5,0.06825938566552901,9,0,False,338.5,250.64999999999998,cpu_intensive,56
Round Robin (q=2),134.2,148.4,10.3,150.5,0.056338028169014086,71,0,False,250.64999999999998,250.64999999999998,cpu_intensive,56
Priority,67.55,81.75,67.55,127.5,0.06825938566552901,9,0,False,401.5,250.64999999999998,cpu_intensive,56
Adaptive,116.3,130.5,18.25,134.0,0.06230529595015576,37,0,True,256.3,250.64999999999998,cpu_intensive,56
FCFS,68.05,84.65,68.05,142.5,0.05865102639296188,9,0,False,411.5,288.65,cpu_intensive,57
SJF,63.75,80.35,63.75,143.5,0.05865102639296188,9,1,False,390.5,288.65,cpu_intensive,57
Round Robin (q=2),157.5,174.1,10.35,179.5,0.04807692307692308,84,0,False,288.65,288.65,cpu_intensive,57
Priority,72.45,89.05,72.45,142.5,0.05865102639296188,9,0,False,433.5,288.65,cpu_intensive,57
Adaptive,131.95,148.55,22.7,156.0,0.05434782608695652,36,0,True,300.75,288.65,cpu_intensive,57
FCFS,58.35,72.45,58.35,116.5,0.06872852233676977,9,0,False,350.0,246.85,cpu_intensive,58
SJF,51.55,65.65,51.55,115.5,0.06872852233676977,9,0,False,315.5,246.85,cpu_intensive,58
Round Robin (q=2),128.95,143.05,10.6,151.0,0.05649717514124294,72,0,False,246.85,246.85,cpu_intensive,58
Priority,56.55,70.65,56.55,123.5,0.06872852233676977,9,1,False,344.5,246.85,cpu_intensive,58
Adaptive,116.15,130.25,18.7,135.0,0.062111801242236024,40,0,True,258.45,246.85,cpu_intensive,58
FCFS,69.25,84.95,69.25,141.5,0.06191950464396285,9,0,False,417.0,281.9,cpu_intensive,59
SJF,61.35,77.05,61.35,141.5,0.06191950464396285,9,1,False,377.5,281.9,cpu_intensive,59
Round Robin (q=2),151.55,167.25,10.65,175.5,0.050761421319796954,80,0,False,281.9,281.9,cpu_intensive,59
Priority,66.55,82.25,66.55,141.5,0.06191950464396285,9,1,False,403.5,281.9,cpu_intensive,59
Adaptive,131.05,146.75,22.75,151.0,0.05747126436781609,34,0,True,297.55,281.9,cpu_intensive,59
FCFS,63.65,79.25,63.65,135.5,0.06230529595015576,9,0,False,386.0,267.3,cpu_intensive,60
SJF,58.45,74.05,58.45,134.5,0.06230529595015576,9,1,False,359.5,267.3,cpu_intensive,60
Round Robin (q=2),142.85,158.45,10.3,166.5,0.05115089514066496,79,0,False,267.3,267.3,cpu_intensive,60
Priority,64.35,79.95,64.35,130.5,0.06230529595015576,9,0,False,387.0,267.3,cpu_intensive,60
Adaptive,121.05,136.65,22.95,143.0,0.057803468208092484,34,0,True,284.35,267.3,cpu_intensive,60
FCFS,57.55,71.55,57.55,116.5,0.06920415224913495,9,0,False,346.0,237.45,cpu_intensive,61
SJF,50.25,64.25,50.25,115.5,0.06920415224913495,9,1,False,309.0,237.45,cpu_intensive,61
Round Robin (q=2),123.25,137.25,10.3,146.0,0.05714285714285714,70,0,False,237.45,237.45,cpu_intensive,61
Priority,61.85,75.85,61.85,120.5,0.06920415224913495,9,0,False,369.5,237.45,cpu_intensive,61
Adaptive,106.3,120.3,18.9,129.5,0.06309148264984227,37,0,True,246.64999999999998,237.45,cpu_intensive,61
FCFS,56.15,70.75,56.15,119.5,0.0664451827242525,9,0,False,340.5,244.5,cpu_intensive,62
SJF,52.15,66.75,52.15,119.5,0.0664451827242525,9,0,False,320.5,244.5,cpu_intensive,62
Round Robin (q=2),127.55,142.15,10.3,151.5,0.0547945205479452,73,0,False,244.5,244.5,cpu_intensive,62
Priority,55.75,70.35,55.75,126.5,0.0664451827242525,9,1,False,342.0,244.5,cpu_intensive,62
Adaptive,110.8,125.4,18.65,136.5,0.060240963855421686,40,0,True,253.64999999999998,244.5,cpu_intensive,62
FCFS,64.05,79.05,64.05,123.5,0.06472491909385113,9,0,False,382.0,261.95000000000005,cpu_intensive,63
SJF,55.35,70.35,55.35,125.5,0.06472491909385113,9,1,False,339.5,261.95000000000005,cpu_intensive,63
Round Robin (q=2),140.8,155.8,10.35,159.5,0.05305039787798409,77,0,False,261.95000000000005,261.95000000000005,cpu_intensive,63
Priority,64.95,79.95,64.95,129.5,0.06472491909385113,9,0,False,389.5,261.95000000000005,cpu_intensive,63
Adaptive,125.5,140.5,18.65,141.5,0.05865102639296188,41,0,True,270.85,261.95000000000005,cpu_intensive,63
FCFS,58.85,73.05,58.85,127.5,0.06825938566552901,9,0,False,358.0,242.6,cpu_intensive,64
SJF,51.15,65.35,51.15,119.5,0.06825938566552901,9,0,False,315.5,242.6,cpu_intensive,64
Round Robin (q=2),126.95,141.15,10.1,150.5,0.056338028169014086,71,0,False,242.6,242.6,cpu_intensive,64
Priority,60.95,75.15,60.95,127.5,0.06825938566552901,9,0,False,368.5,242.6,cpu_intensive,64
Adaptive,110.7,124.9,18.1,134.0,0.062111801242236024,38,0,True,250.10000000000002,242.6,cpu_intensive,64
FCFS,62.05,78.05,62.05,126.5,0.060790273556231005,9,0,False,373.5,268.65,cpu_intensive,65
SJF,56.55,72.55,56.55,128.5,0.060790273556231005,9,0,False,347.0,268.65,cpu_intensive,65
Round Robin (q=2),144.95,160.95,10.3,165.0,0.04975124378109453,82,0,False,268.65,268.65,cpu_intensive,65
Priority,62.55,78.55,62.55,146.5,0.060790273556231005,9,1,False,386.0,268.65,cpu_intensive,65
Adaptive,117.8,133.8,22.25,139.0,0.05649717514124294,34,0,True,276.3,268.65,cpu_intensive,65
FCFS,62.05,76.75,62.05,118.5,0.066006600660066,9,0,False,369.5,252.45000000000002,cpu_intensive,66
SJF,53.75,68.45,53.75,118.5,0.066006600660066,9,0,False,328.0,252.45000000000002,cpu_intensive,66
Round Robin (q=2),134.05,148.75,10.35,154.0,0.05449591280653951,73,0,False,252.45000000000002,252.45000000000002,cpu_intensive,66
Priority,64.15,78.85,64.15,127.5,0.066006600660066,9,0,False,384.5,252.45000000000002,cpu_intensive,66
Adaptive,116.5,131.2,18.3,137.0,0.06006006006006006,39,0,True,258.2,252.45000000000002,cpu_intensive,66
FCFS,59.75,75.85,59.75,126.5,0.06042296072507553,9,0,False,362.0,265.95,cpu_intensive,67
SJF,57.05,73.15,57.05,126.5,0.06042296072507553,9,0,False,348.5,265.95,cpu_intensive,67
Round Robin (q=2),141.6,157.7,10.15,167.5,0.04962779156327544,81,0,False,265.95,265.95,cpu_intensive,67
Priority,60.35,76.45,60.35,126.5,0.06042296072507553,9,1,False,365.0,265.95,cpu_intensive,67
Adaptive,119.5,135.6,21.55,139.5,0.056022408963585436,35,0,True,275.45,265.95,cpu_intensive,67
FCFS,76.15,93.35,76.15,148.5,0.056657223796033995,9,0,False,455.0,308.75,cpu_intensive,68
SJF,69.85,87.05,69.85,153.5,0.056657223796033995,9,1,False,426.0,308.75,cpu_intensive,68
Round Robin (q=2),173.8,191.0,10.05,189.5,0.04640371229698376,87,0,False,308.75,308.75,cpu_intensive,68
Priority,73.35,90.55,73.35,148.5,0.056657223796033995,9,0,False,441.0,308.75,cpu_intensive,68
Adaptive,146.6,163.8,23.45,162.5,0.05249343832020997,37,0,True,321.65,308.75,cpu_intensive,68
FCFS,61.35,75.55,61.35,117.5,0.06825938566552901,9,0,False,365.5,252.45,cpu_intensive,69
SJF,48.75,62.95,48.75,127.5,0.06825938566552901,9,2,False,307.5,252.45,cpu_intensive,69
Round Robin (q=2),132.6,146.8,10.4,156.5,0.056179775280898875,72,0,False,252.45,252.45,cpu_intensive,69
Priority,56.25,70.45,56.25,125.5,0.06825938566552901,9,1,False,344.0,252.45,cpu_intensive,69
Adaptive,111.7,125.9,18.7,135.5,0.06230529595015576,37,0,True,254.25,252.45,cpu_intensive,69
FCFS,60.35,74.45,60.35,122.5,0.06872852233676977,9,0,False,363.0,244.7,cpu_intensive,70
SJF,51.75,65.85,51.75,121.5,0.06872852233676977,9,1,False,319.5,244.7,cpu_intensive,70
Round Robin (q=2),127.3,141.4,10.35,152.0,0.056818181818181816,70,0,False,244.7,244.7,cpu_intensive,70
Priority,57.85,71.95,57.85,130.5,0.06872852233676977,9,1,False,354.5,244.7,cpu_intensive,70
Adaptive,110.45,124.55,18.05,134.5,0.06269592476489028,37,0,True,249.9,244.7,cpu_intensive,70
FCFS,72.65,88.85,72.65,146.5,0.06006006006006006,9,0,False,436.5,288.7,cpu_intensive,71
SJF,64.85,81.05,64.85,139.5,0.06006006006006006,9,0,False,394.0,288.7,cpu_intensive,71
Round Robin (q=2),159.95,176.15,10.25,175.5,0.04950495049504951,80,0,False,288.7,288.7,cpu_intensive,71
Priority,70.65,86.85,70.65,143.5,0.06006006006006006,9,0,False,425.0,288.7,cpu_intensive,71
Adaptive,137.0,153.2,22.95,156.5,0.055710306406685235,35,0,True,307.05,288.7,cpu_intensive,71
FCFS,66.05,81.55,66.05,130.5,0.06269592476489028,9,0,False,395.5,274.35,cpu_intensive,72
SJF,60.65,76.15,60.65,129.5,0.06269592476489028,9,0,False,368.0,274.35,cpu_intensive,72
Round Robin (q=2),151.55,167.05,9.95,166.0,0.05141388174807198,79,0,False,274.35,274.35,cpu_intensive,72
Priority,64.35,79.85,64.35,141.5,0.06269592476489028,9,1,False,392.5,274.35,cpu_intensive,72
Adaptive,126.35,141.85,22.45,144.0,0.05813953488372093,34,0,True,288.15,274.35,cpu_intensive,72
FCFS,63.45,79.05,63.45,126.5,0.06230529595015576,9,0,False,380.5,269.54999999999995,cpu_intensive,73
SJF,57.95,73.55,57.95,126.5,0.06230529595015576,9,1,False,353.0,269.54999999999995,cpu_intensive,73
Round Robin (q=2),143.7,159.3,10.65,166.5,0.05128205128205128,78,0,False,269.54999999999995,269.54999999999995,cpu_intensive,73
Priority,61.65,77.25,61.65,126.5,0.06230529595015576,9,0,False,371.5,269.54999999999995,cpu_intensive,73
Adaptive,123.75,139.35,22.85,143.5,0.05763688760806916,35,0,True,286.9,269.54999999999995,cpu_intensive,73
FCFS,58.05,73.05,58.05,125.5,0.06472491909385113,9,0,False,353.0,250.05,cpu_intensive,74
SJF,54.15,69.15,54.15,121.5,0.06472491909385113,9,0,False,331.5,250.05,cpu_intensive,74
Round Robin (q=2),132.4,147.4,10.1,154.5,0.05333333333333334,75,0,False,250.05,250.05,cpu_intensive,74
Priority,59.85,74.85,59.85,124.5,0.06472491909385113,9,1,False,361.5,250.05,cpu_intensive,74
Adaptive,111.85,126.85,18.1,137.0,0.058823529411764705,40,0,True,252.75,250.05,cpu_intensive,74
FCFS,65.65,82.05,65.65,136.5,0.05934718100890208,9,0,False,396.5,277.0,cpu_intensive,75
SJF,60.25,76.65,60.25,130.5,0.05934718100890208,9,1,False,366.5,277.0,cpu_intensive,75
Round Robin (q=2),148.85,165.25,10.35,173.5,0.04878048780487805,82,0,False,277.0,277.0,cpu_intensive,75
Priority,68.35,84.75,68.35,137.0,0.05934718100890208,9,1,False,410.25,277.0,cpu_intensive,75
Adaptive,118.2,134.6,22.75,144.0,0.055248618784530384,34,0,True,281.2,277.0,cpu_intensive,75
FCFS,57.25,70.25,57.25,104.5,0.07434944237918216,9,0,False,338.5,236.65,cpu_intensive,76
SJF,50.15,63.15,50.15,111.5,0.07434944237918216,9,2,False,306.5,236.65,cpu_intensive,76
Round Robin (q=2),126.05,139.05,10.15,140.0,0.06134969325153374,66,0,False,236.65,236.65,cpu_intensive,76
Priority,53.95,66.95,53.95,115.5,0.07434944237918216,9,1,False,327.5,236.65,cpu_intensive,76
Adaptive,112.75,125.75,18.9,125.5,0.06734006734006734,37,0,True,251.1,236.65,cpu_intensive,76
FCFS,57.65,71.35,57.65,113.5,0.0706713780918728,9,0,False,345.0,246.15,cpu_intensive,77
SJF,52.75,66.45,52.75,109.5,0.0706713780918728,9,0,False,318.5,246.15,cpu_intensive,77
Round Robin (q=2),131.65,145.35,10.25,147.0,0.05830903790087463,69,0,False,246.15,246.15,cpu_intensive,77
Priority,55.65,69.35,55.65,125.5,0.0706713780918728,9,1,False,341.0,246.15,cpu_intensive,77
Adaptive,111.4,125.1,18.2,127.5,0.06430868167202572,37,0,True,247.95,246.15,cpu_intensive,77
FCFS,63.35,78.15,63.35,122.5,0.06557377049180328,9,0,False,378.0,260.65,cpu_intensive,78
SJF,54.65,69.45,54.65,129.5,0.06557377049180328,9,1,False,338.0,260.65,cpu_intensive,78
Round Robin (q=2),139.5,154.3,10.1,161.5,0.053763440860215055,76,0,False,260.65,260.65,cpu_intensive,78
Priority,57.45,72.25,57.45,131.5,0.06557377049180328,9,1,False,353.0,260.65,cpu_intensive,78
Adaptive,118.85,133.65,17.9,145.0,0.05970149253731343,39,0,True,262.95,260.65,cpu_intensive,78
FCFS,58.35,71.95,58.35,111.5,0.0711743772241993,9,0,False,347.5,237.0,cpu_intensive,79
SJF,50.45,64.05,50.45,112.5,0.0711743772241993,9,1,False,308.5,237.0,cpu_intensive,79
Round Robin (q=2),124.2,137.8,10.2,144.0,0.05865102639296188,69,0,False,237.0,237.0,cpu_intensive,79
Priority,58.05,71.65,58.05,117.5,0.0711743772241993,9,1,False,349.0,237.0,cpu_intensive,79
Adaptive,108.9,122.5,18.75,128.0,0.06472491909385113,37,0,True,247.9,237.0,cpu_intensive,79
FCFS,61.15,76.35,61.15,122.5,0.06389776357827476,9,0,False,367.0,259.35,cpu_intensive,80
SJF,56.95,72.15,56.95,122.5,0.06389776357827476,9,0,False,346.0,259.35,cpu_intensive,80
Round Robin (q=2),140.65,155.85,10.05,157.0,0.052770448548812667,75,0,False,259.35,259.35,cpu_intensive,80
Priority,62.55,77.75,62.55,128.5,0.06389776357827476,9,0,False,377.0,259.35,cpu_intensive,80
Adaptive,118.25,133.45,22.3,135.0,0.05934718100890208,33,0,True,274.95,259.35,cpu_intensive,80
FCFS,63.95,79.35,63.95,128.5,0.06309148264984227,9,0,False,384.0,273.1,cpu_intensive,81
SJF,59.45,74.85,59.45,132.5,0.06309148264984227,9,1,False,363.5,273.1,cpu_intensive,81
Round Robin (q=2),148.55,163.95,10.2,167.5,0.05167958656330749,79,0,False,273.1,273.1,cpu_intensive,81
Priority,68.45,83.85,68.45,133.5,0.06309148264984227,9,0,False,409.0,273.1,cpu_intensive,81
Adaptive,120.25,135.65,22.55,142.0,0.05865102639296188,33,0,True,281.45,273.1,cpu_intensive,81
FCFS,59.95,74.55,59.95,121.5,0.0664451827242525,9,0,False,360.5,252.85000000000002,cpu_intensive,82
SJF,55.45,70.05,55.45,122.5,0.0664451827242525,9,1,False,338.5,252.85000000000002,cpu_intensive,82
Round Robin (q=2),134.3,148.9,10.2,155.5,0.05449591280653951,75,0,False,252.85000000000002,252.85000000000002,cpu_intensive,82
Priority,60.25,74.85,60.25,126.5,0.0664451827242525,9,1,False,364.5,252.85000000000002,cpu_intensive,82
Adaptive,115.0,129.6,17.9,138.5,0.06042296072507553,39,0,True,255.85,252.85000000000002,cpu_intensive,82
FCFS,67.45,81.95,67.45,124.5,0.06688963210702341,9,0,False,399.5,257.65,cpu_intensive,83
SJF,57.85,72.35,57.85,128.5,0.06688963210702341,9,1,False,353.5,257.65,cpu_intensive,83
Round Robin (q=2),137.8,152.3,9.9,160.5,0.05509641873278237,73,0,False,257.65,257.65,cpu_intensive,83
Priority,67.95,82.45,67.95,124.5,0.06688963210702341,9,0,False,402.0,257.65,cpu_intensive,83
Adaptive,121.55,136.05,18.45,143.0,0.06097560975609756,38,0,True,266.85,257.65,cpu_intensive,83
FCFS,66.45,81.95,66.45,129.5,0.06269592476489028,9,0,False,397.0,271.05,cpu_intensive,84
SJF,57.45,72.95,57.45,137.5,0.06269592476489028,9,1,False,356.0,271.05,cpu_intensive,84
Round Robin (q=2),142.85,158.35,10.55,172.0,0.05154639175257732,78,0,False,271.05,271.05,cpu_intensive,84
Priority,71.75,87.25,71.75,136.5,0.06269592476489028,9,0,False,427.0,271.05,cpu_intensive,84
Adaptive,117.1,132.6,22.35,141.5,0.05830903790087463,33,0,True,277.25,271.05,cpu_intensive,84
FCFS,70.05,86.15,70.05,139.5,0.06042296072507553,9,0,False,420.0,278.35,cpu_intensive,85
SJF,60.65,76.75,60.65,138.5,0.06042296072507553,9,1,False,372.5,278.35,cpu_intensive,85
Round Robin (q=2),149.4,165.5,10.55,173.5,0.04950495049504951,82,0,False,278.35,278.35,cpu_intensive,85
Priority,70.45,86.55,70.45,145.5,0.06042296072507553,9,0,False,425.0,278.35,cpu_intensive,85
Adaptive,124.0,140.1,22.0,149.5,0.056179775280898875,34,0,True,286.75,278.35,cpu_intensive,85
FCFS,70.55,86.45,70.55,141.5,0.06116207951070336,9,0,False,423.5,291.5,cpu_intensive,86
SJF,65.55,81.45,65.55,142.5,0.06116207951070336,9,1,False,399.0,291.5,cpu_intensive,86
Round Robin (q=2),161.65,177.55,10.15,178.5,0.05012531328320802,81,0,False,291.5,291.5,cpu_intensive,86
Priority,74.95,90.85,74.95,152.5,0.06116207951070336,9,1,False,451.0,291.5,cpu_intensive,86
Adaptive,141.15,157.05,22.15,155.0,0.05649717514124294,36,0,True,307.25,291.5,cpu_intensive,86
FCFS,62.65,77.25,62.65,126.5,0.0664451827242525,9,0,False,376.5,260.95,cpu_intensive,87
SJF,58.45,73.05,58.45,128.5,0.0664451827242525,9,1,False,356.5,260.95,cpu_intensive,87
Round Robin (q=2),141.1,155.7,9.9,160.5,0.0547945205479452,73,0,False,260.95,260.95,cpu_intensive,87
Priority,65.05,79.65,65.05,128.5,0.0664451827242525,9,0,False,389.5,260.95,cpu_intensive,87
Adaptive,123.75,138.35,18.5,143.5,0.06042296072507553,39,0,True,269.5,260.95,cpu_intensive,87
FCFS,65.25,79.85,65.25,120.5,0.0664451827242525,9,0,False,386.5,261.4,cpu_intensive,88
SJF,53.75,68.35,53.75,129.5,0.0664451827242525,9,2,False,333.5,261.4,cpu_intensive,88
Round Robin (q=2),139.45,154.05,10.3,161.5,0.05449591280653951,75,0,False,261.4,261.4,cpu_intensive,88
Priority,65.25,79.85,65.25,129.5,0.0664451827242525,9,0,False,391.0,261.4,cpu_intensive,88
Adaptive,122.15,136.75,18.6,142.0,0.06042296072507553,39,0,True,267.55,261.4,cpu_intensive,88
FCFS,68.85,84.05,68.85,124.5,0.06389776357827476,9,0,False,406.5,269.65,cpu_intensive,89
SJF,59.45,74.65,59.45,131.5,0.06389776357827476,9,1,False,363.0,269.65,cpu_intensive,89
Round Robin (q=2),145.25,160.45,10.35,166.0,0.05235602094240838,78,0,False,269.65,269.65,cpu_intensive,89
Priority,70.25,85.45,70.25,136.5,0.06389776357827476,9,0,False,419.5,269.65,cpu_intensive,89
Adaptive,122.5,137.7,22.7,141.0,0.05934718100890208,33,0,True,283.8,269.65,cpu_intensive,89
FCFS,62.25,76.65,62.25,123.5,0.06734006734006734,9,0,False,373.0,245.65,cpu_intensive,90
SJF,48.05,62.45,48.05,126.5,0.06734006734006734,9,2,False,303.5,245.65,cpu_intensive,90
Round Robin (q=2),127.8,142.2,10.15,154.5,0.055248618784530384,74,0,False,245.65,245.65,cpu_intensive,90
Priority,60.75,75.15,60.75,123.5,0.06734006734006734,9,0,False,365.5,245.65,cpu_intensive,90
Adaptive,109.75,124.15,18.65,135.5,0.06116207951070336,39,0,True,252.1,245.65,cpu_intensive,90
FCFS,69.85,86.05,69.85,138.5,0.06006006006006006,9,0,False,418.5,287.45,cpu_intensive,91
SJF,64.25,80.45,64.25,137.5,0.06006006006006006,9,1,False,390.0,287.45,cpu_intensive,91
Round Robin (q=2),159.5,175.7,10.3,173.5,0.04938271604938271,81,0,False,287.45,287.45,cpu_intensive,91
Priority,66.85,83.05,66.85,137.5,0.06006006006006006,9,0,False,403.0,287.45,cpu_intensive,91
Adaptive,139.05,155.25,22.55,152.0,0.055401662049861494,37,0,True,305.25,287.45,cpu_intensive,91
FCFS,66.95,82.25,66.95,126.5,0.06349206349206349,9,0,False,398.0,263.85,cpu_intensive,92
SJF,56.15,71.45,56.15,130.5,0.06349206349206349,9,2,False,346.0,263.85,cpu_intensive,92
Round Robin (q=2),140.0,155.3,10.4,164.5,0.05221932114882506,77,0,False,263.85,263.85,cpu_intensive,92
Priority,64.85,80.15,64.85,130.5,0.06349206349206349,9,1,False,389.5,263.85,cpu_intensive,92
Adaptive,121.65,136.95,22.1,143.5,0.058823529411764705,34,0,True,281.8,263.85,cpu_intensive,92
FCFS,70.15,86.95,70.15,148.5,0.057971014492753624,9,0,False,425.0,296.25,cpu_intensive,93
SJF,66.65,83.45,66.65,148.5,0.057971014492753624,9,0,False,407.5,296.25,cpu_intensive,93
Round Robin (q=2),160.6,177.4,10.6,186.5,0.047505938242280284,85,0,False,296.25,296.25,cpu_intensive,93
Priority,75.45,92.25,75.45,151.5,0.057971014492753624,9,1,False,453.0,296.25,cpu_intensive,93
Adaptive,137.55,154.35,22.85,162.0,0.053763440860215055,36,0,True,309.95000000000005,296.25,cpu_intensive,93
FCFS,59.25,74.35,59.25,118.5,0.06430868167202572,9,0,False,355.5,260.85,cpu_intensive,94
SJF,54.05,69.15,54.05,128.5,0.06430868167202572,9,1,False,334.5,260.85,cpu_intensive,94
Round Robin (q=2),137.5,152.6,10.65,161.5,0.05263157894736842,78,0,False,260.85,260.85,cpu_intensive,94
Priority,56.65,71.75,56.65,129.5,0.06430868167202572,9,1,False,348.0,260.85,cpu_intensive,94
Adaptive,115.9,131.0,22.35,139.0,0.05952380952380952,34,0,True,274.8,260.85,cpu_intensive,94
FCFS,65.15,80.75,65.15,131.5,0.06230529595015576,9,0,False,391.5,266.7,cpu_intensive,95
SJF,59.65,75.25,59.65,137.5,0.06230529595015576,9,1,False,367.0,266.7,cpu_intensive,95
Round Robin (q=2),140.25,155.85,10.3,170.5,0.05128205128205128,78,0,False,266.7,266.7,cpu_intensive,95
Priority,73.45,89.05,73.45,148.5,0.06230529595015576,9,1,False,441.5,266.7,cpu_intensive,95
Adaptive,115.9,131.5,22.8,143.5,0.057971014492753624,33,0,True,278.85,266.7,cpu_intensive,95
FCFS,61.45,75.95,61.45,127.5,0.06688963210702341,9,0,False,371.0,250.60000000000002,cpu_intensive,96
SJF,54.45,68.95,54.45,125.5,0.06688963210702341,9,1,False,335.0,250.60000000000002,cpu_intensive,96
Round Robin (q=2),131.3,145.8,10.2,157.0,0.054945054945054944,74,0,False,250.60000000000002,250.60000000000002,cpu_intensive,96
Priority,57.25,71.75,57.25,124.5,0.06688963210702341,9,0,False,348.5,250.60000000000002,cpu_intensive,96
Adaptive,115.6,130.1,18.55,138.5,0.060790273556231005,39,0,True,259.05,250.60000000000002,cpu_intensive,96
FCFS,61.85,75.95,61.85,123.5,0.06872852233676977,9,0,False,371.0,247.55,cpu_intensive,97
SJF,51.15,65.25,51.15,116.5,0.06872852233676977,9,1,False,314.0,247.55,cpu_intensive,97
Round Robin (q=2),129.1,143.2,10.55,152.5,0.056657223796033995,71,0,False,247.55,247.55,cpu_intensive,97
Priority,60.15,74.25,60.15,116.5,0.06872852233676977,9,0,False,359.0,247.55,cpu_intensive,97
Adaptive,114.7,128.8,19.1,134.5,0.0625,38,0,True,258.35,247.55,cpu_intensive,97
FCFS,61.85,76.25,61.85,119.5,0.06734006734006734,9,0,False,369.0,258.45,cpu_intensive,98
SJF,56.05,70.45,56.05,126.5,0.06734006734006734,9,1,False,343.5,258.45,cpu_intensive,98
Round Robin (q=2),136.2,150.6,10.75,158.5,0.055401662049861494,73,0,False,258.45,258.45,cpu_intensive,98
Priority,63.95,78.35,63.95,119.5,0.06734006734006734,9,0,False,379.5,258.45,cpu_intensive,98
Adaptive,120.2,134.6,18.55,141.5,0.06116207951070336,39,0,True,265.15,258.45,cpu_intensive,98
FCFS,65.05,80.75,65.05,134.5,0.06191950464396285,9,0,False,392.5,275.1,cpu_intensive,99
SJF,61.25,76.95,61.25,133.5,0.06191950464396285,9,0,False,373.0,275.1,cpu_intensive,99
Round Robin (q=2),148.15,163.85,10.3,171.5,0.050761421319796954,80,0,False,275.1,275.1,cpu_intensive,99
Priority,67.35,83.05,67.35,139.5,0.06191950464396285,9,1,False,406.5,275.1,cpu_intensive,99
Adaptive,128.9,144.6,22.3,147.5,0.05730659025787966,35,0,True,291.85,275.1,cpu_intensive,99
FCFS,60.55,74.85,60.55,113.5,0.06779661016949153,9,0,False,359.5,252.29999999999998,cpu_intensive,100
SJF,54.55,68.85,54.55,113.5,0.06779661016949153,9,0,False,329.5,252.29999999999998,cpu_intensive,100
Round Robin (q=2),135.2,149.5,10.4,151.0,0.055865921787709494,72,0,False,252.29999999999998,252.29999999999998,cpu_intensive,100
Priority,61.45,75.75,61.45,121.5,0.06779661016949153,9,0,False,368.0,252.29999999999998,cpu_intensive,100
Adaptive,117.2,131.5,18.1,133.5,0.06172839506172839,38,0,True,256.35,252.29999999999998,cpu_intensive,100
FCFS,64.25,79.25,64.25,124.5,0.06472491909385113,9,0,False,383.5,266.6,cpu_intensive,101
SJF,56.85,71.85,56.85,131.5,0.06472491909385113,9,1,False,350.0,266.6,cpu_intensive,101
Round Robin (q=2),143.0,158.0,10.4,164.0,0.05305039787798409,77,0,False,266.6,266.6,cpu_intensive,101
Priority,65.35,80.35,65.35,127.5,0.06472491909385113,9,0,False,390.5,266.6,cpu_intensive,101
Adaptive,130.55,145.55,18.15,145.5,0.05830903790087463,43,0,True,275.9,266.6,cpu_intensive,101
FCFS,70.75,87.15,70.75,139.5,0.05934718100890208,9,0,False,423.5,286.3,cpu_intensive,102
SJF,65.55,81.95,65.55,143.5,0.05934718100890208,9,1,False,399.5,286.3,cpu_intensive,102
Round Robin (q=2),155.5,171.9,10.2,180.0,0.04878048780487805,82,0,False,286.3,286.3,cpu_intensive,102
Priority,69.75,86.15,69.75,139.5,0.05934718100890208,9,0,False,418.5,286.3,cpu_intensive,102
Adaptive,132.35,148.75,23.4,153.0,0.054945054945054944,36,0,True,302.45,286.3,cpu_intensive,102
FCFS,64.35,78.95,64.35,125.5,0.0664451827242525,9,0,False,384.5,259.0,cpu_intensive,103
SJF,52.75,67.35,52.75,130.5,0.0664451827242525,9,1,False,329.0,259.0,cpu_intensive,103
Round Robin (q=2),138.7,153.3,10.45,157.0,0.05434782608695652,76,0,False,259.0,259.0,cpu_intensive,103
Priority,60.45,75.05,60.45,124.5,0.0664451827242525,9,0,False,364.5,259.0,cpu_intensive,103
Adaptive,120.05,134.65,18.4,138.5,0.06042296072507553,39,0,True,262.9,259.0,cpu_intensive,103
FCFS,62.55,77.95,62.55,134.5,0.06309148264984227,9,0,False,380.0,256.6,cpu_intensive,104
SJF,55.05,70.45,55.05,127.5,0.06309148264984227,9,1,False,339.0,256.6,cpu_intensive,104
Round Robin (q=2),134.6,150.0,10.0,164.0,0.05194805194805195,77,0,False,256.6,256.6,cpu_intensive,104
Priority,63.75,79.15,63.75,133.5,0.06309148264984227,9,0,False,385.5,256.6,cpu_intensive,104
Adaptive,107.65,123.05,22.3,138.5,0.058997050147492625,31,0,True,266.1,256.6,cpu_intensive,104
FCFS,65.75,81.05,65.75,130.5,0.06349206349206349,9,0,False,394.0,268.25,cpu_intensive,105
SJF,57.75,73.05,57.75,133.5,0.06349206349206349,9,2,False,355.5,268.25,cpu_intensive,105
Round Robin (q=2),144.1,159.4,10.1,167.5,0.05221932114882506,77,0,False,268.25,268.25,cpu_intensive,105
Priority,67.75,83.05,67.75,130.5,0.06349206349206349,9,0,False,404.0,268.25,cpu_intensive,105
Adaptive,122.65,137.95,22.7,140.0,0.058997050147492625,33,0,True,283.45,268.25,cpu_intensive,105
FCFS,51.85,65.35,51.85,111.5,0.07168458781362007,9,0,False,315.0,230.95,cpu_intensive,106
SJF,48.55,62.05,48.55,113.5,0.07168458781362007,9,2,False,299.5,230.95,cpu_intensive,106
Round Robin (q=2),117.65,131.15,10.45,143.0,0.05917159763313609,68,0,False,230.95,230.95,cpu_intensive,106
Priority,54.65,68.15,54.65,111.5,0.07168458781362007,9,0,False,329.0,230.95,cpu_intensive,106
Adaptive,104.5,118.0,18.45,127.5,0.06514657980456026,37,0,True,242.05,230.95,cpu_intensive,106
FCFS,69.85,85.05,69.85,131.5,0.06389776357827476,9,0,False,415.0,274.9,cpu_intensive,107
SJF,61.15,76.35,61.15,132.5,0.06389776357827476,9,1,False,372.0,274.9,cpu_intensive,107
Round Robin (q=2),151.25,166.45,10.1,166.5,0.05249343832020997,77,0,False,274.9,274.9,cpu_intensive,107
Priority,66.75,81.95,66.75,137.5,0.06389776357827476,9,1,False,402.5,274.9,cpu_intensive,107
Adaptive,131.5,146.7,22.3,144.0,0.05917159763313609,34,0,True,292.7,274.9,cpu_intensive,107
FCFS,61.15,75.95,61.15,130.5,0.06557377049180328,9,0,False,371.0,260.05,cpu_intensive,108
SJF,57.05,71.85,57.05,126.5,0.06557377049180328,9,0,False,348.5,260.05,cpu_intensive,108
Round Robin (q=2),141.05,155.85,9.75,160.0,0.05390835579514825,75,0,False,260.05,260.05,cpu_intensive,108
Priority,61.05,75.85,61.05,132.5,0.06557377049180328,9,0,False,371.5,260.05,cpu_intensive,108
Adaptive,122.45,137.25,17.6,142.5,0.05952380952380952,40,0,True,264.1,260.05,cpu_intensive,108
FCFS,60.75,76.25,60.75,125.5,0.06269592476489028,9,0,False,366.5,261.3,cpu_intensive,109
SJF,56.35,71.85,56.35,126.5,0.06269592476489028,9,0,False,345.0,261.3,cpu_intensive,109
Round Robin (q=2),139.5,155.0,10.45,160.0,0.05154639175257732,78,0,False,261.3,261.3,cpu_intensive,109
Priority,67.55,83.05,67.55,136.5,0.06269592476489028,9,0,False,406.0,261.3,cpu_intensive,109
Adaptive,117.25,132.75,22.65,138.0,0.05813953488372093,34,0,True,276.85,261.3,cpu_intensive,109
FCFS,68.15,83.45,68.15,132.5,0.06349206349206349,9,0,False,407.0,275.15,cpu_intensive,110
SJF,61.75,77.05,61.75,134.5,0.06349206349206349,9,1,False,376.0,275.15,cpu_intensive,110
Round Robin (q=2),149.55,164.85,10.4,168.0,0.05235602094240838,76,0,False,275.15,275.15,cpu_intensive,110
Priority,64.85,80.15,64.85,133.5,0.06349206349206349,9,0,False,391.0,275.15,cpu_intensive,110
Adaptive,124.75,140.05,22.1,145.5,0.058997050147492625,33,0,True,285.9,275.15,cpu_intensive,110
FCFS,69.05,84.85,69.05,132.5,0.06153846153846154,9,0,False,411.5,273.9,cpu_intensive,111
SJF,56.35,72.15,56.35,136.5,0.06153846153846154,9,2,False,350.0,273.9,cpu_intensive,111
Round Robin (q=2),147.65,163.45,10.25,170.5,0.050505050505050504,80,0,False,273.9,273.9,cpu_intensive,111
Priority,66.65,82.45,66.65,132.5,0.06153846153846154,9,0,False,399.5,273.9,cpu_intensive,111
Adaptive,123.65,139.45,22.3,145.5,0.05714285714285714,34,0,True,285.6,273.9,cpu_intensive,111
FCFS,67.65,83.65,67.65,136.5,0.060790273556231005,9,0,False,406.5,275.55,cpu_intensive,112
SJF,60.75,76.75,60.75,129.5,0.060790273556231005,9,0,False,368.5,275.55,cpu_intensive,112
Round Robin (q=2),148.9,164.9,10.35,170.5,0.04975124378109453,82,0,False,275.55,275.55,cpu_intensive,112
Priority,64.85,80.85,64.85,129.5,0.060790273556231005,9,0,False,389.0,275.55,cpu_intensive,112
Adaptive,119.0,135.0,22.4,141.5,0.056657223796033995,33,0,True,279.35,275.55,cpu_intensive,112
FCFS,67.75,82.55,67.75,126.5,0.06557377049180328,9,0,False,402.0,264.2,cpu_intensive,113
SJF,56.55,71.35,56.55,132.5,0.06557377049180328,9,1,False,349.0,264.2,cpu_intensive,113
Round Robin (q=2),141.4,156.2,10.2,164.0,0.053763440860215055,76,0,False,264.2,264.2,cpu_intensive,113
Priority,66.95,81.75,66.95,126.5,0.06557377049180328,9,0,False,398.0,264.2,cpu_intensive,113
Adaptive,126.85,141.65,18.95,144.5,0.05952380952380952,40,0,True,274.9,264.2,cpu_intensive,113
FCFS,74.35,91.55,74.35,147.5,0.056657223796033995,9,0,False,445.5,308.9,cpu_intensive,114
SJF,69.45,86.65,69.45,154.5,0.056657223796033995,9,1,False,424.5,308.9,cpu_intensive,114
Round Robin (q=2),173.45,190.65,10.05,190.5,0.046189376443418015,89,0,False,308.9,308.9,cpu_intensive,114
Priority,76.65,93.85,76.65,153.5,0.056657223796033995,9,0,False,460.0,308.9,cpu_intensive,114
Adaptive,139.6,156.8,23.45,161.0,0.05263157894736842,36,0,True,313.9,308.9,cpu_intensive,114
FCFS,64.65,79.85,64.65,133.5,0.06389776357827476,9,0,False,390.0,264.75,cpu_intensive,115
SJF,56.85,72.05,56.85,126.5,0.06389776357827476,9,1,False,347.5,264.75,cpu_intensive,115
Round Robin (q=2),142.25,157.45,10.5,161.0,0.05263157894736842,76,0,False,264.75,264.75,cpu_intensive,115
Priority,63.75,78.95,63.75,133.5,0.06389776357827476,9,1,False,385.5,264.75,cpu_intensive,115
Adaptive,120.0,135.2,22.0,138.5,0.05934718100890208,33,0,True,277.25,264.75,cpu_intensive,115
FCFS,61.05,76.45,61.05,127.5,0.06309148264984227,9,0,False,369.0,262.85,cpu_intensive,116
SJF,54.95,70.35,54.95,127.5,0.06309148264984227,9,1,False,338.5,262.85,cpu_intensive,116
Round Robin (q=2),136.8,152.2,10.7,166.5,0.05181347150259067,78,0,False,262.85,262.85,cpu_intensive,116
Priority,60.75,76.15,60.75,127.5,0.06309148264984227,9,0,False,367.5,262.85,cpu_intensive,116
Adaptive,115.3,130.7,22.4,140.0,0.05847953216374269,34,0,True,274.9,262.85,cpu_intensive,116
FCFS,52.75,66.75,52.75,108.5,0.06920415224913495,9,0,False,318.0,230.15,cpu_intensive,117
SJF,48.15,62.15,48.15,106.5,0.06920415224913495,9,0,False,294.0,230.15,cpu_intensive,117
Round Robin (q=2),120.4,134.4,10.25,137.5,0.05698005698005698,71,0,False,230.15,230.15,cpu_intensive,117
Priority,54.15,68.15,54.15,112.0,0.06920415224913495,9,1,False,326.75,230.15,cpu_intensive,117
Adaptive,97.95,111.95,18.9,122.0,0.06329113924050633,36,0,True,234.55,230.15,cpu_intensive,117
FCFS,65.75,81.95,65.75,138.5,0.06006006006006006,9,0,False,398.0,279.45,cpu_intensive,118
SJF,61.35,77.55,61.35,136.5,0.06006006006006006,9,0,False,375.0,279.45,cpu_intensive,118
Round Robin (q=2),151.5,167.7,10.3,173.5,0.04914004914004914,83,0,False,279.45,279.45,cpu_intensive,118
Priority,66.25,82.45,66.25,138.5,0.06006006006006006,9,0,False,400.5,279.45,cpu_intensive,118
Adaptive,122.6,138.8,22.55,149.0,0.055865921787709494,34,0,True,287.3,279.45,cpu_intensive,118
FCFS,58.15,72.75,58.15,119.5,0.0664451827242525,9,0,False,350.5,244.15,cpu_intensive,119
SJF,51.15,65.75,51.15,124.5,0.0664451827242525,9,1,False,318.0,244.15,cpu_intensive,119
Round Robin (q=2),125.0,139.6,10.6,153.5,0.054945054945054944,72,0,False,244.15,244.15,cpu_intensive,119
Priority,57.35,71.95,57.35,120.5,0.0664451827242525,9,0,False,347.0,244.15,cpu_intensive,119
Adaptive,107.65,122.25,17.9,137.5,0.06060606060606061,38,0,True,248.0,244.15,cpu_intensive,119
FCFS,57.95,72.15,57.95,124.5,0.06825938566552901,9,0,False,352.0,243.1,cpu_intensive,120
SJF,51.35,65.55,51.35,120.5,0.06825938566552901,9,1,False,317.0,243.1,cpu_intensive,120
Round Robin (q=2),126.55,140.75,10.2,151.5,0.056338028169014086,71,0,False,243.1,243.1,cpu_intensive,120
Priority,55.25,69.45,55.25,117.5,0.06825938566552901,9,0,False,335.0,243.1,cpu_intensive,120
Adaptive,111.1,125.3,18.1,132.5,0.062111801242236024,38,0,True,249.75,243.1,cpu_intensive,120
FCFS,69.05,85.15,69.05,136.5,0.06042296072507553,9,0,False,413.5,277.0,cpu_intensive,121
SJF,57.55,73.65,57.55,140.5,0.06042296072507553,9,2,False,358.0,277.0,cpu_intensive,121
Round Robin (q=2),148.5,164.6,10.25,175.0,0.04962779156327544,81,0,False,277.0,277.0,cpu_intensive,121
Priority,63.15,79.25,63.15,140.5,0.06042296072507553,9,1,False,386.0,277.0,cpu_intensive,121
Adaptive,125.1,141.2,21.95,147.0,0.056179775280898875,34,0,True,286.4,277.0,cpu_intensive,121
FCFS,66.05,81.75,66.05,129.5,0.06191950464396285,9,0,False,395.0,276.7,cpu_intensive,122
SJF,57.85,73.55,57.85,138.5,0.06191950464396285,9,1,False,358.5,276.7,cpu_intensive,122
Round Robin (q=2),150.1,165.8,10.4,170.0,0.05089058524173028,79,0,False,276.7,276.7,cpu_intensive,122
Priority,66.25,81.95,66.25,141.5,0.06191950464396285,9,1,False,402.0,276.7,cpu_intensive,122
Adaptive,124.1,139.8,22.7,142.0,0.05747126436781609,34,0,True,285.9,276.7,cpu_intensive,122
FCFS,59.15,73.05,59.15,119.5,0.06968641114982578,9,0,False,355.5,246.55,cpu_intensive,123
SJF,52.95,66.85,52.95,113.5,0.06968641114982578,9,0,False,321.5,246.55,cpu_intensive,123
Round Robin (q=2),131.6,145.5,10.3,147.5,0.05763688760806916,69,0,False,246.55,246.55,cpu_intensive,123
Priority,58.75,72.65,58.75,124.5,0.06968641114982578,9,1,False,356.0,246.55,cpu_intensive,123
Adaptive,114.7,128.6,17.75,127.5,0.06369426751592357,36,0,True,249.45,246.55,cpu_intensive,123
FCFS,61.15,76.25,61.15,123.5,0.06430868167202572,9,0,False,367.5,257.6,cpu_intensive,124
SJF,57.55,72.65,57.55,123.5,0.06430868167202572,9,0,False,349.5,257.6,cpu_intensive,124
Round Robin (q=2),136.45,151.55,10.6,157.5,0.05291005291005291,76,0,False,257.6,257.6,cpu_intensive,124
Priority,65.85,80.95,65.85,132.5,0.06430868167202572,9,0,False,395.5,257.6,cpu_intensive,124
Adaptive,114.05,129.15,22.25,136.0,0.05970149253731343,33,0,True,271.05,257.6,cpu_intensive,124
FCFS,67.55,83.85,67.55,133.5,0.05970149253731343,9,0,False,404.5,280.8,cpu_intensive,125
SJF,60.05,76.35,60.05,141.5,0.05970149253731343,9,1,False,371.0,280.8,cpu_intensive,125
Round Robin (q=2),150.9,167.2,10.35,177.0,0.0488997555012225,83,0,False,280.8,280.8,cpu_intensive,125
Priority,67.35,83.65,67.35,133.5,0.05970149253731343,9,0,False,403.5,280.8,cpu_intensive,125
Adaptive,127.15,143.45,22.3,149.0,0.055401662049861494,35,0,True,290.85,280.8,cpu_intensive,125
FCFS,64.05,80.45,64.05,128.5,0.05934718100890208,9,0,False,384.5,279.05,cpu_intensive,126
SJF,60.35,76.75,60.35,128.5,0.05934718100890208,9,1,False,366.0,279.05,cpu_intensive,126
Round Robin (q=2),151.05,167.45,10.5,172.0,0.04878048780487805,82,0,False,279.05,279.05,cpu_intensive,126
Priority,67.95,84.35,67.95,131.5,0.05934718100890208,9,0,False,405.5,279.05,cpu_intensive,126
Adaptive,124.35,140.75,22.75,144.0,0.054945054945054944,36,0,True,287.35,279.05,cpu_intensive,126
FCFS,56.85,70.65,56.85,108.5,0.07017543859649122,9,0,False,338.5,239.25,cpu_intensive,127
SJF,48.05,61.85,48.05,123.5,0.07017543859649122,9,2,False,302.0,239.25,cpu_intensive,127
Round Robin (q=2),123.3,137.1,10.55,147.5,0.057803468208092484,70,0,False,239.25,239.25,cpu_intensive,127
Priority,54.95,68.75,54.95,114.5,0.07017543859649122,9,1,False,332.0,239.25,cpu_intensive,127
Adaptive,108.9,122.7,18.4,130.5,0.06389776357827476,37,0,True,247.75,239.25,cpu_intensive,127
FCFS,63.25,78.55,63.25,130.5,0.06349206349206349,9,0,False,381.5,262.70000000000005,cpu_intensive,128
SJF,58.85,74.15,58.85,131.5,0.06349206349206349,9,1,False,360.0,262.70000000000005,cpu_intensive,128
Round Robin (q=2),140.55,155.85,9.85,165.5,0.05221932114882506,77,0,False,262.70000000000005,262.70000000000005,cpu_intensive,128
Priority,61.75,77.05,61.75,130.5,0.06349206349206349,9,0,False,374.0,262.70000000000005,cpu_intensive,128
Adaptive,123.25,138.55,23.2,144.5,0.058823529411764705,34,0,True,288.3,262.70000000000005,cpu_intensive,128
FCFS,62.35,76.95,62.35,128.5,0.0664451827242525,9,0,False,376.0,254.5,cpu_intensive,129
SJF,53.75,68.35,53.75,128.5,0.0664451827242525,9,1,False,333.0,254.5,cpu_intensive,129
Round Robin (q=2),133.55,148.15,10.3,159.5,0.0546448087431694,74,0,False,254.5,254.5,cpu_intensive,129
Priority,62.35,76.95,62.35,128.5,0.0664451827242525,9,0,False,376.0,254.5,cpu_intensive,129
Adaptive,113.15,127.75,18.7,139.5,0.06060606060606061,38,0,True,257.7,254.5,cpu_intensive,129
FCFS,62.05,77.25,62.05,127.5,0.06389776357827476,9,0,False,374.0,262.0,cpu_intensive,130
SJF,56.55,71.75,56.55,129.5,0.06389776357827476,9,0,False,347.5,262.0,cpu_intensive,130
Round Robin (q=2),136.95,152.15,10.7,164.5,0.05263157894736842,76,0,False,262.0,262.0,cpu_intensive,130
Priority,64.25,79.45,64.25,136.5,0.06389776357827476,9,1,False,389.5,262.0,cpu_intensive,130
Adaptive,108.45,123.65,21.95,139.0,0.05970149253731343,31,0,True,265.75,262.0,cpu_intensive,130
FCFS,70.95,86.95,70.95,146.5,0.060790273556231005,9,0,False,428.0,283.95,cpu_intensive,131
SJF,63.35,79.35,63.35,136.5,0.060790273556231005,9,0,False,385.0,283.95,cpu_intensive,131
Round Robin (q=2),153.65,169.65,10.45,177.0,0.04987531172069826,81,0,False,283.95,283.95,cpu_intensive,131
Priority,69.75,85.75,69.75,140.5,0.060790273556231005,9,0,False,419.0,283.95,cpu_intensive,131
Adaptive,130.9,146.9,23.15,149.5,0.056338028169014086,35,0,True,298.25,283.95,cpu_intensive,131
FCFS,55.55,69.75,55.55,115.5,0.06825938566552901,9,0,False,335.5,245.45,cpu_intensive,132
SJF,53.25,67.45,53.25,121.5,0.06825938566552901,9,1,False,327.0,245.45,cpu_intensive,132
Round Robin (q=2),128.45,142.65,10.25,152.0,0.056022408963585436,73,0,False,245.45,245.45,cpu_intensive,132
Priority,58.25,72.45,58.25,120.5,0.06825938566552901,9,0,False,351.5,245.45,cpu_intensive,132
Adaptive,108.95,123.15,18.35,132.5,0.062111801242236024,38,0,True,248.60000000000002,245.45,cpu_intensive,132
FCFS,61.15,75.85,61.15,118.5,0.066006600660066,9,0,False,365.0,256.7,cpu_intensive,133
SJF,55.65,70.35,55.65,118.5,0.066006600660066,9,0,False,337.5,256.7,cpu_intensive,133
Round Robin (q=2),137.75,152.45,9.8,159.5,0.05434782608695652,74,0,False,256.7,256.7,cpu_intensive,133
Priority,60.05,74.75,60.05,124.5,0.066006600660066,9,0,False,362.5,256.7,cpu_intensive,133
Adaptive,116.85,131.55,18.05,132.5,0.06042296072507553,37,0,True,255.3,256.7,cpu_intensive,133
FCFS,59.15,73.95,59.15,123.5,0.06557377049180328,9,0,False,357.5,242.95,cpu_intensive,134
SJF,53.85,68.65,53.85,117.5,0.06557377049180328,9,0,False,328.0,242.95,cpu_intensive,134
Round Robin (q=2),127.15,141.95,10.2,150.0,0.05405405405405406,74,0,False,242.95,242.95,cpu_intensive,134
Priority,64.35,79.15,64.35,123.5,0.06557377049180328,9,0,False,383.5,242.95,cpu_intensive,134
Adaptive,112.05,126.85,18.3,132.5,0.05970149253731343,39,0,True,251.5,242.95,cpu_intensive,134
FCFS,77.25,94.55,77.25,146.5,0.056338028169014086,9,0,False,459.5,313.1,cpu_intensive,135
SJF,70.85,88.15,70.85,153.5,0.056338028169014086,9,1,False,431.0,313.1,cpu_intensive,135
Round Robin (q=2),176.55,193.85,10.2,191.5,0.04608294930875576,88,0,False,313.1,313.1,cpu_intensive,135
Priority,73.15,90.45,73.15,150.5,0.056338028169014086,9,1,False,441.0,313.1,cpu_intensive,135
Adaptive,145.5,162.8,22.8,160.5,0.05235602094240838,36,0,True,316.95,313.1,cpu_intensive,135
FCFS,62.25,77.15,62.25,128.5,0.06514657980456026,9,0,False,375.5,253.35,cpu_intensive,136
SJF,53.75,68.65,53.75,122.5,0.06514657980456026,9,1,False,330.0,253.35,cpu_intensive,136
Round Robin (q=2),133.25,148.15,10.4,157.0,0.05361930294906166,75,0,False,253.35,253.35,cpu_intensive,136
Priority,64.45,79.35,64.45,124.5,0.06514657980456026,9,0,False,384.5,253.35,cpu_intensive,136
Adaptive,120.75,135.65,18.95,137.5,0.058997050147492625,41,0,True,265.3,253.35,cpu_intensive,136
FCFS,58.45,73.45,58.45,122.5,0.06472491909385113,9,0,False,353.5,248.10000000000002,cpu_intensive,137
SJF,51.75,66.75,51.75,120.5,0.06472491909385113,9,1,False,319.0,248.10000000000002,cpu_intensive,137
Round Robin (q=2),130.65,145.65,10.05,154.5,0.05333333333333334,75,0,False,248.10000000000002,248.10000000000002,cpu_intensive,137
Priority,60.25,75.25,60.25,130.5,0.06472491909385113,9,0,False,366.5,248.10000000000002,cpu_intensive,137
Adaptive,111.95,126.95,18.6,137.0,0.058823529411764705,40,0,True,254.85000000000002,248.10000000000002,cpu_intensive,137
FCFS,62.35,77.55,62.35,127.5,0.06389776357827476,9,0,False,375.5,265.45,cpu_intensive,138
SJF,57.75,72.95,57.75,125.5,0.06389776357827476,9,1,False,351.5,265.45,cpu_intensive,138
Round Robin (q=2),143.7,158.9,10.25,161.5,0.05249343832020997,77,0,False,265.45,265.45,cpu_intensive,138
Priority,62.75,77.95,62.75,127.5,0.06389776357827476,9,1,False,377.5,265.45,cpu_intensive,138
Adaptive,119.75,134.95,22.25,137.5,0.05934718100890208,33,0,True,277.5,265.45,cpu_intensive,138
FCFS,72.35,88.95,72.35,139.5,0.05865102639296188,9,0,False,431.5,292.7,cpu_intensive,139
SJF,65.05,81.65,65.05,145.5,0.05865102639296188,9,1,False,398.0,292.7,cpu_intensive,139
Round Robin (q=2),160.2,176.8,10.25,183.0,0.04807692307692308,84,0,False,292.7,292.7,cpu_intensive,139
Priority,74.65,91.25,74.65,148.5,0.05865102639296188,9,0,False,447.5,292.7,cpu_intensive,139
Adaptive,136.2,152.8,22.7,153.0,0.05434782608695652,36,0,True,303.5,292.7,cpu_intensive,139
FCFS,59.85,74.25,59.85,124.5,0.06734006734006734,9,0,False,361.5,244.95,cpu_intensive,140
SJF,51.85,66.25,51.85,124.5,0.06734006734006734,9,1,False,321.5,244.95,cpu_intensive,140
Round Robin (q=2),125.15,139.55,10.45,156.0,0.05555555555555555,72,0,False,244.95,244.95,cpu_intensive,140
Priority,63.65,78.05,63.65,122.5,0.06734006734006734,9,0,False,379.5,244.95,cpu_intensive,140
Adaptive,113.1,127.5,18.55,137.5,0.06116207951070336,39,0,True,256.05,244.95,cpu_intensive,140
FCFS,74.15,90.75,74.15,142.5,0.05865102639296188,9,0,False,442.0,295.65,cpu_intensive,141
SJF,66.25,82.85,66.25,149.5,0.05865102639296188,9,1,False,406.0,295.65,cpu_intensive,141
Round Robin (q=2),163.75,180.35,10.1,183.0,0.047961630695443645,85,0,False,295.65,295.65,cpu_intensive,141
Priority,74.45,91.05,74.45,142.5,0.05865102639296188,9,0,False,443.5,295.65,cpu_intensive,141
Adaptive,136.0,152.6,23.2,155.5,0.05449591280653951,35,0,True,306.55,295.65,cpu_intensive,141
FCFS,57.45,71.75,57.45,121.5,0.06779661016949153,9,0,False,348.0,240.75,cpu_intensive,142
SJF,50.95,65.25,50.95,115.5,0.06779661016949153,9,0,False,312.5,240.75,cpu_intensive,142
Round Robin (q=2),126.45,140.75,9.7,151.0,0.055710306406685235,73,0,False,240.75,240.75,cpu_intensive,142
Priority,55.55,69.85,55.55,125.5,0.06779661016949153,9,1,False,340.5,240.75,cpu_intensive,142
Adaptive,105.85,120.15,18.4,133.0,0.06191950464396285,37,0,True,245.95,240.75,cpu_intensive,142
FCFS,62.85,78.25,62.85,131.5,0.06309148264984227,9,0,False,380.0,266.8,cpu_intensive,143
SJF,57.55,72.95,57.55,130.5,0.06309148264984227,9,1,False,353.0,266.8,cpu_intensive,143
Round Robin (q=2),140.25,155.65,10.45,169.5,0.05181347150259067,78,0,False,266.8,266.8,cpu_intensive,143
Priority,63.75,79.15,63.75,134.5,0.06309148264984227,9,0,False,386.0,266.8,cpu_intensive,143
Adaptive,119.75,135.15,22.7,144.0,0.05847953216374269,34,0,True,282.55,266.8,cpu_intensive,143
FCFS,63.75,78.75,63.75,127.5,0.06472491909385113,9,0,False,382.5,257.95000000000005,cpu_intensive,144
SJF,53.35,68.35,53.35,128.5,0.06472491909385113,9,2,False,331.0,257.95000000000005,cpu_intensive,144
Round Robin (q=2),134.55,149.55,10.35,164.0,0.05319148936170213,76,0,False,257.95000000000005,257.95000000000005,cpu_intensive,144
Priority,62.95,77.95,62.95,127.5,0.06472491909385113,9,0,False,378.5,257.95000000000005,cpu_intensive,144
Adaptive,115.95,130.95,18.8,143.5,0.058997050147492625,39,0,True,262.9,257.95000000000005,cpu_intensive,144
FCFS,56.75,70.85,56.75,117.5,0.06872852233676977,9,0,False,342.5,235.8,cpu_intensive,145
SJF,50.45,64.55,50.45,120.5,0.06872852233676977,9,1,False,312.5,235.8,cpu_intensive,145
Round Robin (q=2),121.55,135.65,10.0,148.5,0.056818181818181816,70,0,False,235.8,235.8,cpu_intensive,145
Priority,56.85,70.95,56.85,126.5,0.06872852233676977,9,1,False,347.5,235.8,cpu_intensive,145
Adaptive,105.95,120.05,18.1,131.0,0.0625,38,0,True,243.85000000000002,235.8,cpu_intensive,145
FCFS,52.35,65.65,52.35,108.5,0.07272727272727272,9,0,False,316.0,227.3,cpu_intensive,146
SJF,48.35,61.65,48.35,113.5,0.07272727272727272,9,1,False,298.5,227.3,cpu_intensive,146
Round Robin (q=2),117.5,130.8,9.95,140.0,0.059880239520958084,68,0,False,227.3,227.3,cpu_intensive,146
Priority,50.35,63.65,50.35,108.5,0.07272727272727272,9,0,False,306.0,227.3,cpu_intensive,146
Adaptive,100.95,114.25,18.0,124.5,0.066006600660066,37,0,True,235.2,227.3,cpu_intensive,146
FCFS,61.55,77.45,61.55,132.5,0.06116207951070336,9,0,False,374.0,265.05,cpu_intensive,147
SJF,56.55,72.45,56.55,128.5,0.06116207951070336,9,0,False,347.0,265.05,cpu_intensive,147
Round Robin (q=2),142.05,157.95,10.25,164.0,0.05025125628140704,80,0,False,265.05,265.05,cpu_intensive,147
Priority,61.05,76.95,61.05,129.5,0.06116207951070336,9,1,False,370.0,265.05,cpu_intensive,147
Adaptive,117.7,133.6,22.2,142.0,0.056818181818181816,34,0,True,277.5,265.05,cpu_intensive,147
FCFS,67.05,83.75,67.05,133.5,0.05830903790087463,9,0,False,402.0,284.29999999999995,cpu_intensive,148
SJF,62.45,79.15,62.45,143.5,0.05830903790087463,9,1,False,384.0,284.29999999999995,cpu_intensive,148
Round Robin (q=2),154.95,171.65,10.4,175.5,0.04784688995215311,84,0,False,284.29999999999995,284.29999999999995,cpu_intensive,148
Priority,68.65,85.35,68.65,133.5,0.05830903790087463,9,0,False,410.0,284.29999999999995,cpu_intensive,148
Adaptive,125.4,142.1,22.6,148.5,0.05420054200542006,35,0,True,290.05,284.29999999999995,cpu_intensive,148
FCFS,56.55,70.45,56.55,118.5,0.06968641114982578,9,0,False,342.0,242.0,cpu_intensive,149
SJF,53.35,67.25,53.35,119.5,0.06968641114982578,9,0,False,326.5,242.0,cpu_intensive,149
Round Robin (q=2),125.7,139.6,10.2,151.0,0.05763688760806916,69,0,False,242.0,242.0,cpu_intensive,149
Priority,59.55,73.45,59.55,119.5,0.06968641114982578,9,0,False,357.5,242.0,cpu_intensive,149
Adaptive,109.7,123.6,17.95,135.0,0.06349206349206349,37,0,True,249.0,242.0,cpu_intensive,149
FCFS,61.95,75.85,61.95,121.5,0.06968641114982578,9,0,False,370.5,249.5,cpu_intensive,150
SJF,55.85,69.75,55.85,117.5,0.06968641114982578,9,0,False,338.0,249.5,cpu_intensive,150
Round Robin (q=2),133.35,147.25,10.1,151.5,0.05747126436781609,70,0,False,249.5,249.5,cpu_intensive,150
Priority,60.05,73.95,60.05,121.5,0.06968641114982578,9,0,False,361.0,249.5,cpu_intensive,150
Adaptive,116.05,129.95,18.5,135.0,0.06349206349206349,37,0,True,257.55,249.5,cpu_intensive,150
FCFS,69.45,85.25,69.45,131.5,0.06153846153846154,9,0,False,413.0,278.1,cpu_intensive,151
SJF,64.45,80.25,64.45,131.5,0.06153846153846154,9,0,False,388.0,278.1,cpu_intensive,151
Round Robin (q=2),152.7,168.5,10.1,170.0,0.05063291139240506,79,0,False,278.1,278.1,cpu_intensive,151
Priority,70.25,86.05,70.25,131.5,0.06153846153846154,9,0,False,417.0,278.1,cpu_intensive,151
Adaptive,131.6,147.4,22.7,148.0,0.05698005698005698,35,0,True,296.4,278.1,cpu_intensive,151
FCFS,65.55,80.15,65.55,128.5,0.0664451827242525,9,0,False,392.0,261.9,cpu_intensive,152
SJF,58.75,73.35,58.75,126.5,0.0664451827242525,9,1,False,357.0,261.9,cpu_intensive,152
Round Robin (q=2),140.35,154.95,10.45,159.5,0.05449591280653951,75,0,False,261.9,261.9,cpu_intensive,152
Priority,62.75,77.35,62.75,128.5,0.0664451827242525,9,0,False,378.0,261.9,cpu_intensive,152
Adaptive,123.0,137.6,18.3,142.0,0.060240963855421686,40,0,True,267.2,261.9,cpu_intensive,152
FCFS,65.65,82.25,65.65,136.5,0.05865102639296188,9,0,False,396.5,280.25,cpu_intensive,153
SJF,60.95,77.55,60.95,136.5,0.05865102639296188,9,0,False,373.0,280.25,cpu_intensive,153
Round Robin (q=2),151.5,168.1,10.25,175.5,0.04807692307692308,84,0,False,280.25,280.25,cpu_intensive,153
Priority,64.25,80.85,64.25,140.5,0.05865102639296188,9,1,False,391.5,280.25,cpu_intensive,153
Adaptive,127.2,143.8,22.75,149.5,0.05449591280653951,35,0,True,292.95,280.25,cpu_intensive,153
FCFS,70.95,86.05,70.95,134.5,0.06430868167202572,9,0,False,422.0,276.6,cpu_intensive,154
SJF,60.75,75.85,60.75,131.5,0.06430868167202572,9,0,False,369.5,276.6,cpu_intensive,154
Round Robin (q=2),151.75,166.85,10.15,168.5,0.052770448548812667,77,0,False,276.6,276.6,cpu_intensive,154
Priority,66.55,81.65,66.55,134.5,0.06430868167202572,9,0,False,400.0,276.6,cpu_intensive,154
Adaptive,134.55,149.65,22.35,146.0,0.05934718100890208,35,0,True,296.95000000000005,276.6,cpu_intensive,154
FCFS,75.55,91.35,75.55,141.5,0.06153846153846154,9,0,False,448.5,282.1,cpu_intensive,155
SJF,62.45,78.25,62.45,138.5,0.06153846153846154,9,1,False,381.5,282.1,cpu_intensive,155
Round Robin (q=2),154.3,170.1,10.2,174.0,0.050505050505050504,80,0,False,282.1,282.1,cpu_intensive,155
Priority,72.15,87.95,72.15,138.5,0.06153846153846154,9,0,False,430.0,282.1,cpu_intensive,155
Adaptive,134.55,150.35,21.3,151.0,0.05714285714285714,34,0,True,295.25,282.1,cpu_intensive,155
FCFS,54.95,67.55,54.95,105.5,0.07662835249042145,9,0,False,327.5,223.05,cpu_intensive,156
SJF,47.85,60.45,47.85,104.5,0.07662835249042145,9,1,False,291.5,223.05,cpu_intensive,156
Round Robin (q=2),115.75,128.35,10.45,131.0,0.06369426751592357,62,0,False,223.05,223.05,cpu_intensive,156
Priority,54.55,67.15,54.55,105.5,0.07662835249042145,9,0,False,325.5,223.05,cpu_intensive,156
Adaptive,98.75,111.35,17.9,116.0,0.07042253521126761,32,0,True,228.35,223.05,cpu_intensive,156
FCFS,53.45,66.35,53.45,108.5,0.0749063670411985,9,0,False,321.5,231.65,cpu_intensive,157
SJF,49.55,62.45,49.55,110.5,0.0749063670411985,9,0,False,303.0,231.65,cpu_intensive,157
Round Robin (q=2),121.65,134.55,10.25,138.0,0.06172839506172839,66,0,False,231.65,231.65,cpu_intensive,157
Priority,51.35,64.25,51.35,112.5,0.0749063670411985,9,0,False,313.0,231.65,cpu_intensive,157
Adaptive,106.55,119.45,18.0,121.5,0.06825938566552901,35,0,True,239.3,231.65,cpu_intensive,157
FCFS,61.45,75.95,61.45,127.5,0.06688963210702341,9,0,False,371.0,244.2,cpu_intensive,158
SJF,49.85,64.35,49.85,123.5,0.06688963210702341,9,2,False,311.0,244.2,cpu_intensive,158
Round Robin (q=2),125.15,139.65,10.45,154.5,0.05509641873278237,73,0,False,244.2,244.2,cpu_intensive,158
Priority,55.25,69.75,55.25,122.5,0.06688963210702341,9,1,False,337.5,244.2,cpu_intensive,158
Adaptive,109.25,123.75,18.55,137.0,0.06097560975609756,38,0,True,251.95,244.2,cpu_intensive,158
FCFS,56.15,71.35,56.15,117.5,0.06389776357827476,9,0,False,339.5,244.6,cpu_intensive,159
SJF,51.15,66.35,51.15,117.5,0.06389776357827476,9,0,False,314.5,244.6,cpu_intensive,159
Round Robin (q=2),125.35,140.55,10.5,154.5,0.05263157894736842,76,0,False,244.6,244.6,cpu_intensive,159
Priority,61.85,77.05,61.85,124.5,0.06389776357827476,9,0,False,371.5,244.6,cpu_intensive,159
Adaptive,101.05,116.25,22.35,130.5,0.05952380952380952,32,0,True,255.7,244.6,cpu_intensive,159
FCFS,63.85,79.25,63.85,127.5,0.06309148264984227,9,0,False,383.0,264.2,cpu_intensive,160
SJF,59.65,75.05,59.65,127.5,0.06309148264984227,9,0,False,362.0,264.2,cpu_intensive,160
Round Robin (q=2),141.5,156.9,10.55,161.0,0.05221932114882506,75,0,False,264.2,264.2,cpu_intensive,160
Priority,64.35,79.75,64.35,143.5,0.06309148264984227,9,1,False,393.5,264.2,cpu_intensive,160
Adaptive,121.55,136.95,22.7,140.5,0.05847953216374269,34,0,True,282.6,264.2,cpu_intensive,160
FCFS,64.95,80.45,64.95,126.5,0.06269592476489028,9,0,False,388.0,259.55,cpu_intensive,161
SJF,57.05,72.55,57.05,130.5,0.06269592476489028,9,1,False,350.5,259.55,cpu_intensive,161
Round Robin (q=2),137.4,152.9,9.85,165.5,0.05154639175257732,78,0,False,259.55,259.55,cpu_intensive,161
Priority,60.15,75.65,60.15,135.5,0.06269592476489028,9,2,False,368.5,259.55,cpu_intensive,161
Adaptive,110.5,126.0,22.8,138.5,0.05847953216374269,32,0,True,270.95,259.55,cpu_intensive,161
FCFS,70.85,86.75,70.85,133.5,0.06116207951070336,9,0,False,421.0,276.8,cpu_intensive,162
SJF,63.25,79.15,63.25,133.5,0.06116207951070336,9,0,False,383.0,276.8,cpu_intensive,162
Round Robin (q=2),149.55,165.45,10.5,170.5,0.05025125628140704,80,0,False,276.8,276.8,cpu_intensive,162
Priority,69.25,85.15,69.25,140.5,0.06116207951070336,9,0,False,416.5,276.8,cpu_intensive,162
Adaptive,128.95,144.85,23.05,146.0,0.056818181818181816,34,0,True,294.15,276.8,cpu_intensive,162
FCFS,59.25,73.95,59.25,122.5,0.066006600660066,9,0,False,357.5,252.75,cpu_intensive,163
SJF,56.35,71.05,56.35,119.5,0.066006600660066,9,0,False,341.5,252.75,cpu_intensive,163
Round Robin (q=2),135.1,149.8,10.35,152.5,0.05434782608695652,74,0,False,252.75,252.75,cpu_intensive,163
Priority,62.55,77.25,62.55,122.5,0.066006600660066,9,0,False,374.0,252.75,cpu_intensive,163
Adaptive,117.35,132.05,18.85,135.5,0.059880239520958084,40,0,True,260.5,252.75,cpu_intensive,163
FCFS,58.85,73.35,58.85,121.5,0.06688963210702341,9,0,False,355.0,243.15,cpu_intensive,164
SJF,49.45,63.95,49.45,117.5,0.06688963210702341,9,1,False,306.0,243.15,cpu_intensive,164
Round Robin (q=2),126.75,141.25,10.6,148.0,0.05509641873278237,73,0,False,243.15,243.15,cpu_intensive,164
Priority,59.25,73.75,59.25,121.5,0.06688963210702341,9,0,False,357.0,243.15,cpu_intensive,164
Adaptive,109.25,123.75,18.6,130.0,0.06097560975609756,38,0,True,248.65,243.15,cpu_intensive,164
FCFS,66.75,83.05,66.75,142.5,0.05970149253731343,9,0,False,405.0,279.29999999999995,cpu_intensive,165
SJF,61.05,77.35,61.05,139.5,0.05970149253731343,9,0,False,375.0,279.29999999999995,cpu_intensive,165
Round Robin (q=2),148.45,164.75,10.65,176.5,0.049019607843137254,82,0,False,279.29999999999995,279.29999999999995,cpu_intensive,165
Priority,68.95,85.25,68.95,142.5,0.05970149253731343,9,0,False,416.0,279.29999999999995,cpu_intensive,165
Adaptive,123.1,139.4,22.35,155.0,0.05555555555555555,34,0,True,290.0,279.29999999999995,cpu_intensive,165
FCFS,59.75,74.35,59.75,121.5,0.0664451827242525,9,0,False,359.5,247.25,cpu_intensive,166
SJF,55.35,69.95,55.35,118.5,0.0664451827242525,9,0,False,336.0,247.25,cpu_intensive,166
Round Robin (q=2),129.45,144.05,10.45,152.0,0.0547945205479452,73,0,False,247.25,247.25,cpu_intensive,166
Priority,61.85,76.45,61.85,118.5,0.0664451827242525,9,0,False,368.5,247.25,cpu_intensive,166
Adaptive,115.35,129.95,18.05,133.5,0.06042296072507553,39,0,True,254.3,247.25,cpu_intensive,166
FCFS,54.35,67.55,54.35,104.5,0.07326007326007326,9,0,False,324.0,231.05,cpu_intensive,167
SJF,47.55,60.75,47.55,104.5,0.07326007326007326,9,0,False,290.0,231.05,cpu_intensive,167
Round Robin (q=2),120.7,133.9,10.4,137.5,0.06060606060606061,66,0,False,231.05,231.05,cpu_intensive,167
Priority,52.65,65.85,52.65,117.5,0.07326007326007326,9,1,False,322.0,231.05,cpu_intensive,167
Adaptive,102.4,115.6,18.25,120.0,0.06711409395973154,34,0,True,235.4,231.05,cpu_intensive,167
FCFS,60.25,75.45,60.25,125.5,0.06389776357827476,9,0,False,364.0,260.4,cpu_intensive,168
SJF,55.55,70.75,55.55,130.5,0.06389776357827476,9,1,False,343.0,260.4,cpu_intensive,168
Round Robin (q=2),137.3,152.5,10.4,163.0,0.05249343832020997,77,0,False,260.4,260.4,cpu_intensive,168
Priority,60.65,75.85,60.65,124.5,0.06389776357827476,9,0,False,365.5,260.4,cpu_intensive,168
Adaptive,116.15,131.35,22.05,135.5,0.05917159763313609,34,0,True,272.1,260.4,cpu_intensive,168
FCFS,69.95,84.75,69.95,130.5,0.06557377049180328,9,0,False,415.0,270.35,cpu_intensive,169
SJF,60.45,75.25,60.45,133.5,0.06557377049180328,9,1,False,369.0,270.35,cpu_intensive,169
Round Robin (q=2),146.2,161.0,10.35,165.5,0.05390835579514825,75,0,False,270.35,270.35,cpu_intensive,169
Priority,70.55,85.35,70.55,137.5,0.06557377049180328,9,0,False,421.5,270.35,cpu_intensive,169
Adaptive,129.3,144.1,18.2,148.0,0.05952380952380952,40,0,True,276.1,270.35,cpu_intensive,169
FCFS,60.45,75.35,60.45,118.5,0.06514657980456026,9,0,False,361.5,251.35,cpu_intensive,170
SJF,55.95,70.85,55.95,118.5,0.06514657980456026,9,0,False,339.0,251.35,cpu_intensive,170
Round Robin (q=2),134.6,149.5,10.0,153.5,0.053475935828877004,76,0,False,251.35,251.35,cpu_intensive,170
Priority,65.45,80.35,65.45,132.5,0.06514657980456026,9,1,False,393.5,251.35,cpu_intensive,170
Adaptive,113.7,128.6,18.1,135.5,0.05934718100890208,39,0,True,253.85000000000002,251.35,cpu_intensive,170
FCFS,59.55,73.25,59.55,112.5,0.0706713780918728,9,0,False,354.0,244.2,cpu_intensive,171
SJF,50.45,64.15,50.45,118.5,0.0706713780918728,9,1,False,311.5,244.2,cpu_intensive,171
Round Robin (q=2),128.4,142.1,10.45,148.0,0.05847953216374269,68,0,False,244.2,244.2,cpu_intensive,171
Priority,60.25,73.95,60.25,118.5,0.0706713780918728,9,0,False,360.5,244.2,cpu_intensive,171
Adaptive,112.5,126.2,18.4,128.5,0.06451612903225806,36,0,True,250.35,244.2,cpu_intensive,171
FCFS,60.05,73.95,60.05,116.5,0.06968641114982578,9,0,False,358.5,249.45,cpu_intensive,172
SJF,51.15,65.05,51.15,118.5,0.06968641114982578,9,2,False,315.0,249.45,cpu_intensive,172
Round Robin (q=2),132.9,146.8,10.2,151.5,0.05714285714285714,72,0,False,249.45,249.45,cpu_intensive,172
Priority,57.25,71.15,57.25,121.5,0.06968641114982578,9,1,False,347.0,249.45,cpu_intensive,172
Adaptive,117.9,131.8,18.25,135.0,0.06309148264984227,39,0,True,258.4,249.45,cpu_intensive,172
FCFS,66.65,81.95,66.65,131.5,0.06349206349206349,9,0,False,399.0,272.7,cpu_intensive,173
SJF,60.15,75.45,60.15,131.5,0.06349206349206349,9,1,False,366.5,272.7,cpu_intensive,173
Round Robin (q=2),150.45,165.75,9.75,166.5,0.05194805194805195,79,0,False,272.7,272.7,cpu_intensive,173
Priority,69.65,84.95,69.65,139.5,0.06349206349206349,9,1,False,418.0,272.7,cpu_intensive,173
Adaptive,126.6,141.9,23.15,145.0,0.058823529411764705,34,0,True,291.7,272.7,cpu_intensive,173
FCFS,66.85,82.65,66.85,134.5,0.06153846153846154,9,0,False,401.5,270.29999999999995,cpu_intensive,174
SJF,59.25,75.05,59.25,131.5,0.06153846153846154,9,0,False,362.0,270.29999999999995,cpu_intensive,174
Round Robin (q=2),146.7,162.5,9.9,168.0,0.05063291139240506,79,0,False,270.29999999999995,270.29999999999995,cpu_intensive,174
Priority,65.15,80.95,65.15,131.5,0.06153846153846154,9,0,False,391.5,270.29999999999995,cpu_intensive,174
Adaptive,119.85,135.65,23.4,143.5,0.05730659025787966,33,0,True,285.2,270.29999999999995,cpu_intensive,174
FCFS,64.65,79.95,64.65,133.5,0.06349206349206349,9,0,False,390.0,268.1,cpu_intensive,175
SJF,57.35,72.65,57.35,132.5,0.06349206349206349,9,1,False,353.0,268.1,cpu_intensive,175
Round Robin (q=2),143.75,159.05,10.15,167.5,0.05194805194805195,79,0,False,268.1,268.1,cpu_intensive,175
Priority,65.85,81.15,65.85,139.5,0.06349206349206349,9,1,False,399.0,268.1,cpu_intensive,175
Adaptive,118.4,133.7,23.15,139.0,0.058823529411764705,34,0,True,280.5,268.1,cpu_intensive,175
FCFS,55.85,69.85,55.85,112.5,0.06920415224913495,9,0,False,335.5,240.9,cpu_intensive,176
SJF,51.25,65.25,51.25,116.5,0.06920415224913495,9,0,False,314.5,240.9,cpu_intensive,176
Round Robin (q=2),124.75,138.75,10.6,147.5,0.05698005698005698,71,0,False,240.9,240.9,cpu_intensive,176
Priority,54.75,68.75,54.75,127.5,0.06920415224913495,9,1,False,337.5,240.9,cpu_intensive,176
Adaptive,108.6,122.6,18.75,131.0,0.06289308176100629,38,0,True,249.1,240.9,cpu_intensive,176
FCFS,67.15,82.55,67.15,132.5,0.06309148264984227,9,0,False,402.0,272.1,cpu_intensive,177
SJF,58.55,73.95,58.55,134.5,0.06309148264984227,9,1,False,360.0,272.1,cpu_intensive,177
Round Robin (q=2),147.8,163.2,10.45,165.0,0.05194805194805195,77,0,False,272.1,272.1,cpu_intensive,177
Priority,66.35,81.75,66.35,141.5,0.06309148264984227,9,1,False,402.5,272.1,cpu_intensive,177
Adaptive,129.2,144.6,23.5,141.5,0.05830903790087463,35,0,True,293.95,272.1,cpu_intensive,177
FCFS,61.75,77.25,61.75,125.5,0.06269592476489028,9,0,False,371.5,264.45,cpu_intensive,178
SJF,59.55,75.05,59.55,125.5,0.06269592476489028,9,0,False,360.5,264.45,cpu_intensive,178
Round Robin (q=2),143.0,158.5,10.3,160.5,0.05154639175257732,78,0,False,264.45,264.45,cpu_intensive,178
Priority,68.95,84.45,68.95,139.5,0.06269592476489028,9,1,False,414.5,264.45,cpu_intensive,178
Adaptive,117.3,132.8,23.6,137.5,0.05830903790087463,33,0,True,280.45,264.45,cpu_intensive,178
FCFS,55.25,68.25,55.25,111.5,0.07434944237918216,9,0,False,332.0,228.9,cpu_intensive,179
SJF,45.95,58.95,45.95,105.5,0.07434944237918216,9,2,False,282.5,228.9,cpu_intensive,179
Round Robin (q=2),117.05,130.05,10.65,138.5,0.06172839506172839,64,0,False,228.9,228.9,cpu_intensive,179
Priority,52.95,65.95,52.95,105.5,0.07434944237918216,9,0,False,317.5,228.9,cpu_intensive,179
Adaptive,102.7,115.7,18.55,121.5,0.06802721088435375,34,0,True,237.65,228.9,cpu_intensive,179
FCFS,56.25,70.35,56.25,122.5,0.06872852233676977,9,0,False,342.5,240.1,cpu_intensive,180
SJF,50.05,64.15,50.05,115.5,0.06872852233676977,9,0,False,308.0,240.1,cpu_intensive,180
Round Robin (q=2),123.35,137.45,10.5,149.5,0.05649717514124294,72,0,False,240.1,240.1,cpu_intensive,180
Priority,59.55,73.65,59.55,122.5,0.06872852233676977,9,1,False,359.0,240.1,cpu_intensive,180
Adaptive,104.75,118.85,18.7,130.0,0.06269592476489028,37,0,True,244.55,240.1,cpu_intensive,180
FCFS,48.55,61.95,48.55,100.5,0.07220216606498195,9,0,False,293.0,224.8,cpu_intensive,181
SJF,47.05,60.45,47.05,100.5,0.07220216606498195,9,0,False,285.5,224.8,cpu_intensive,181
Round Robin (q=2),115.3,128.7,10.25,137.0,0.05952380952380952,68,0,False,224.8,224.8,cpu_intensive,181
Priority,48.15,61.55,48.15,112.5,0.07220216606498195,9,1,False,297.0,224.8,cpu_intensive,181
Adaptive,102.2,115.6,17.75,116.0,0.06557377049180328,37,0,True,231.2,224.8,cpu_intensive,181
FCFS,66.35,82.65,66.35,140.5,0.05970149253731343,9,0,False,402.0,286.3,cpu_intensive,182
SJF,63.05,79.35,63.05,141.5,0.05970149253731343,9,1,False,386.0,286.3,cpu_intensive,182
Round Robin (q=2),155.65,171.95,10.35,178.5,0.0488997555012225,83,0,False,286.3,286.3,cpu_intensive,182
Priority,70.05,86.35,70.05,144.5,0.05970149253731343,9,1,False,422.5,286.3,cpu_intensive,182
Adaptive,124.1,140.4,23.15,153.0,0.05555555555555555,34,0,True,293.2,286.3,cpu_intensive,182
FCFS,66.85,81.95,66.85,131.5,0.06430868167202572,9,0,False,400.0,264.9,cpu_intensive,183
SJF,57.85,72.95,57.85,133.5,0.06430868167202572,9,1,False,356.0,264.9,cpu_intensive,183
Round Robin (q=2),141.45,156.55,10.05,166.5,0.05305039787798409,75,0,False,264.9,264.9,cpu_intensive,183
Priority,68.85,83.95,68.85,139.5,0.06430868167202572,9,0,False,414.0,264.9,cpu_intensive,183
Adaptive,123.2,138.3,23.25,144.5,0.05952380952380952,34,0,True,288.45,264.9,cpu_intensive,183
FCFS,58.15,72.25,58.15,122.5,0.06872852233676977,9,0,False,352.0,249.7,cpu_intensive,184
SJF,53.65,67.75,53.65,118.5,0.06872852233676977,9,0,False,327.5,249.7,cpu_intensive,184
Round Robin (q=2),131.85,145.95,10.15,154.5,0.05649717514124294,72,0,False,249.7,249.7,cpu_intensive,184
Priority,57.25,71.35,57.25,122.5,0.06872852233676977,9,1,False,347.5,249.7,cpu_intensive,184
Adaptive,113.05,127.15,19.15,137.5,0.0625,38,0,True,258.4,249.7,cpu_intensive,184
FCFS,68.05,83.95,68.05,136.5,0.06116207951070336,9,0,False,408.5,278.8,cpu_intensive,185
SJF,58.25,74.15,58.25,136.5,0.06116207951070336,9,2,False,359.5,278.8,cpu_intensive,185
Round Robin (q=2),150.9,166.8,10.35,173.0,0.05012531328320802,81,0,False,278.8,278.8,cpu_intensive,185
Priority,66.45,82.35,66.45,133.5,0.06116207951070336,9,0,False,399.0,278.8,cpu_intensive,185
Adaptive,130.25,146.15,21.8,147.5,0.056657223796033995,35,0,True,291.2,278.8,cpu_intensive,185
FCFS,60.75,75.25,60.75,124.5,0.06688963210702341,9,0,False,366.0,248.7,cpu_intensive,186
SJF,55.05,69.55,55.05,117.5,0.06688963210702341,9,0,False,334.0,248.7,cpu_intensive,186
Round Robin (q=2),131.15,145.65,9.95,155.5,0.055248618784530384,72,0,False,248.7,248.7,cpu_intensive,186
Priority,64.85,79.35,64.85,124.5,0.06688963210702341,9,0,False,386.5,248.7,cpu_intensive,186
Adaptive,110.7,125.2,18.85,138.5,0.06097560975609756,38,0,True,255.35000000000002,248.7,cpu_intensive,186
FCFS,72.65,89.05,72.65,142.5,0.05934718100890208,9,0,False,434.5,296.5,cpu_intensive,187
SJF,64.05,80.45,64.05,138.5,0.05934718100890208,9,0,False,389.5,296.5,cpu_intensive,187
Round Robin (q=2),163.55,179.95,10.55,181.5,0.04854368932038835,84,0,False,296.5,296.5,cpu_intensive,187
Priority,70.75,87.15,70.75,139.5,0.05934718100890208,9,0,False,423.5,296.5,cpu_intensive,187
Adaptive,138.95,155.35,22.4,153.0,0.054945054945054944,36,0,True,305.04999999999995,296.5,cpu_intensive,187
FCFS,55.95,69.85,55.95,120.5,0.06968641114982578,9,0,False,340.0,242.45,cpu_intensive,188
SJF,52.95,66.85,52.95,115.5,0.06968641114982578,9,0,False,322.5,242.45,cpu_intensive,188
Round Robin (q=2),127.8,141.7,10.35,146.5,0.05730659025787966,71,0,False,242.45,242.45,cpu_intensive,188
Priority,57.85,71.75,57.85,127.5,0.06968641114982578,9,1,False,353.0,242.45,cpu_intensive,188
Adaptive,112.6,126.5,19.25,131.5,0.06309148264984227,39,0,True,255.35,242.45,cpu_intensive,188
FCFS,68.35,83.85,68.35,133.5,0.06269592476489028,9,0,False,408.5,277.25,cpu_intensive,189
SJF,60.85,76.35,60.85,139.5,0.06269592476489028,9,1,False,374.0,277.25,cpu_intensive,189
Round Robin (q=2),148.4,163.9,10.65,172.5,0.05154639175257732,78,0,False,277.25,277.25,cpu_intensive,189
Priority,74.85,90.35,74.85,146.5,0.06269592476489028,9,0,False,447.5,277.25,cpu_intensive,189
Adaptive,125.35,140.85,23.35,148.5,0.05813953488372093,34,0,True,293.0,277.25,cpu_intensive,189
FCFS,60.55,75.95,60.55,127.5,0.06309148264984227,9,0,False,366.5,265.85,cpu_intensive,190
SJF,57.25,72.65,57.25,127.5,0.06309148264984227,9,0,False,350.0,265.85,cpu_intensive,190
Round Robin (q=2),140.35,155.75,10.5,167.0,0.05167958656330749,79,0,False,265.85,265.85,cpu_intensive,190
Priority,61.75,77.15,61.75,127.5,0.06309148264984227,9,0,False,372.5,265.85,cpu_intensive,190
Adaptive,121.0,136.4,22.65,140.5,0.05830903790087463,35,0,True,281.85,265.85,cpu_intensive,190
FCFS,65.75,79.75,65.75,123.5,0.06920415224913495,9,0,False,390.5,255.1,cpu_intensive,191
SJF,55.65,69.65,55.65,125.5,0.06920415224913495,9,1,False,341.0,255.1,cpu_intensive,191
Round Robin (q=2),135.45,149.45,10.35,156.5,0.05698005698005698,71,0,False,255.1,255.1,cpu_intensive,191
Priority,64.05,78.05,64.05,123.5,0.06920415224913495,9,0,False,382.0,255.1,cpu_intensive,191
Adaptive,117.65,131.65,18.6,139.0,0.06329113924050633,36,0,True,261.55,255.1,cpu_intensive,191
FCFS,63.65,79.55,63.65,134.5,0.06116207951070336,9,0,False,385.5,269.95,cpu_intensive,192
SJF,60.35,76.25,60.35,132.5,0.06116207951070336,9,0,False,368.0,269.95,cpu_intensive,192
Round Robin (q=2),145.45,161.35,10.25,167.0,0.050505050505050504,78,0,False,269.95,269.95,cpu_intensive,192
Priority,66.05,81.95,66.05,134.5,0.06116207951070336,9,0,False,397.5,269.95,cpu_intensive,192
Adaptive,121.5,137.4,22.45,146.0,0.056818181818181816,34,0,True,284.3,269.95,cpu_intensive,192
FCFS,65.35,81.55,65.35,134.5,0.06006006006006006,9,0,False,394.0,277.15,cpu_intensive,193
SJF,60.75,76.95,60.75,138.5,0.06006006006006006,9,1,False,373.0,277.15,cpu_intensive,193
Round Robin (q=2),148.65,164.85,10.5,173.0,0.04938271604938271,81,0,False,277.15,277.15,cpu_intensive,193
Priority,65.95,82.15,65.95,143.5,0.06006006006006006,9,1,False,401.5,277.15,cpu_intensive,193
Adaptive,125.8,142.0,22.7,147.5,0.055710306406685235,35,0,True,290.35,277.15,cpu_intensive,193
FCFS,74.65,91.85,74.65,151.5,0.056657223796033995,9,0,False,449.0,300.75,cpu_intensive,194
SJF,66.35,83.55,66.35,146.5,0.056657223796033995,9,1,False,405.0,300.75,cpu_intensive,194
Round Robin (q=2),166.4,183.6,10.4,185.5,0.04640371229698376,87,0,False,300.75,300.75,cpu_intensive,194
Priority,71.55,88.75,71.55,146.5,0.056657223796033995,9,1,False,431.0,300.75,cpu_intensive,194
Adaptive,143.75,160.95,22.15,161.5,0.05249343832020997,37,0,True,313.1,300.75,cpu_intensive,194
FCFS,61.65,76.15,61.65,127.5,0.06688963210702341,9,0,False,372.0,250.0,cpu_intensive,195
SJF,52.15,66.65,52.15,120.5,0.06688963210702341,9,1,False,321.0,250.0,cpu_intensive,195
Round Robin (q=2),129.7,144.2,10.45,157.0,0.05509641873278237,73,0,False,250.0,250.0,cpu_intensive,195
Priority,62.15,76.65,62.15,128.5,0.06688963210702341,9,0,False,375.0,250.0,cpu_intensive,195
Adaptive,109.5,124.0,18.95,136.5,0.06116207951070336,37,0,True,253.55,250.0,cpu_intensive,195
FCFS,63.05,78.15,63.05,128.5,0.06430868167202572,9,0,False,379.5,259.15,cpu_intensive,196
SJF,55.55,70.65,55.55,129.5,0.06430868167202572,9,1,False,342.5,259.15,cpu_intensive,196
Round Robin (q=2),136.6,151.7,10.2,163.5,0.052770448548812667,77,0,False,259.15,259.15,cpu_intensive,196
Priority,60.95,76.05,60.95,140.5,0.06430868167202572,9,1,False,375.0,259.15,cpu_intensive,196
Adaptive,119.55,134.65,22.3,140.5,0.05952380952380952,34,0,True,279.0,259.15,cpu_intensive,196
FCFS,61.75,76.65,61.75,129.5,0.06514657980456026,9,0,False,373.5,255.9,cpu_intensive,197
SJF,54.35,69.25,54.35,128.5,0.06514657980456026,9,1,False,336.0,255.9,cpu_intensive,197
Round Robin (q=2),133.05,147.95,10.65,160.5,0.053475935828877004,76,0,False,255.9,255.9,cpu_intensive,197
Priority,64.15,79.05,64.15,135.5,0.06514657980456026,9,1,False,388.5,255.9,cpu_intensive,197
Adaptive,114.7,129.6,18.75,140.0,0.05934718100890208,39,0,True,259.7,255.9,cpu_intensive,197
FCFS,68.25,84.75,68.25,140.5,0.058997050147492625,9,0,False,411.5,283.79999999999995,cpu_intensive,198
SJF,63.35,79.85,63.35,137.5,0.058997050147492625,9,1,False,385.5,283.79999999999995,cpu_intensive,198
Round Robin (q=2),154.95,171.45,10.4,174.5,0.048426150121065374,83,0,False,283.79999999999995,283.79999999999995,cpu_intensive,198
Priority,71.15,87.65,71.15,140.5,0.058997050147492625,9,0,False,426.0,283.79999999999995,cpu_intensive,198
Adaptive,125.95,142.45,23.15,153.5,0.0547945205479452,35,0,True,295.3,283.79999999999995,cpu_intensive,198
FCFS,62.65,78.05,62.65,127.5,0.06309148264984227,9,0,False,377.0,267.95,cpu_intensive,199
SJF,58.15,73.55,58.15,134.5,0.06309148264984227,9,1,False,358.0,267.95,cpu_intensive,199
Round Robin (q=2),143.75,159.15,10.3,166.0,0.05181347150259067,78,0,False,267.95,267.95,cpu_intensive,199
Priority,62.05,77.45,62.05,132.5,0.06309148264984227,9,1,False,376.5,267.95,cpu_intensive,199
Adaptive,119.25,134.65,22.6,143.0,0.05847953216374269,34,0,True,281.15,267.95,cpu_intensive,199
FCFS,0.95,3.55,0.95,2.5,0.2631578947368421,9,0,False,6.0,6.0,short_burst,0
SJF,0.95,3.55,0.95,2.5,0.2631578947368421,9,0,False,6.0,6.0,short_burst,0
Round Robin (q=2),1.1,3.7,0.8,4.0,0.2631578947368421,10,0,False,6.300000000000001,6.0,short_burst,0
Priority,0.95,3.55,0.95,2.5,0.2631578947368421,9,0,False,6.0,6.0,short_burst,0
Adaptive,0.95,3.55,0.95,2.5,0.2631578947368421,9,0,True,6.0,6.0,short_burst,0
FCFS,3.45,6.25,3.45,6.5,0.29411764705882354,9,0,False,20.5,16.75,short_burst,1
SJF,2.55,5.35,2.55,8.0,0.29411764705882354,9,0,False,16.75,16.75,short_burst,1
Round Robin (q=2),4.95,7.75,3.1,10.0,0.273972602739726,14,0,False,22.35,16.75,short_burst,1
Priority,2.85,5.65,2.85,14.5,0.29411764705882354,9,1,False,21.5,16.75,short_burst,1
Adaptive,2.55,5.35,2.55,8.0,0.29411764705882354,9,0,True,16.75,16.75,short_burst,1
FCFS,1.2,3.5,1.2,3.0,0.28169014084507044,9,0,False,7.5,7.5,short_burst,2
SJF,1.2,3.5,1.2,3.0,0.28169014084507044,9,0,False,7.5,7.5,short_burst,2
Round Robin (q=2),2.05,4.35,1.25,5.5,0.2702702702702703,12,0,False,9.8,7.5,short_burst,2
Priority,1.2,3.5,1.2,3.0,0.28169014084507044,9,0,False,7.5,7.5,short_burst,2
Adaptive,1.2,3.5,1.2,3.0,0.28169014084507044,9,0,True,7.5,7.5,short_burst,2
FCFS,0.75,3.15,0.75,2.0,0.26666666666666666,9,0,False,4.75,4.75,short_burst,3
SJF,0.75,3.15,0.75,2.0,0.26666666666666666,9,0,False,4.75,4.75,short_burst,3
Round Robin (q=2),0.75,3.15,0.75,2.0,0.26666666666666666,9,0,False,4.75,4.75,short_burst,3
Priority,0.75,3.15,0.75,2.0,0.26666666666666666,9,0,False,4.75,4.75,short_burst,3
Adaptive,0.75,3.15,0.75,2.0,0.26666666666666666,9,0,True,4.75,4.75,short_burst,3
FCFS,1.0,3.4,1.0,3.0,0.2777777777777778,9,0,False,6.5,5.65,short_burst,4
SJF,1.0,3.4,1.0,3.0,0.2777777777777778,9,0,False,6.5,5.65,short_burst,4
Round Robin (q=2),1.5,3.9,0.6,3.5,0.2702702702702703,13,0,False,5.65,5.65,short_burst,4
Priority,1.0,3.4,1.0,3.0,0.2777777777777778,9,0,False,6.5,5.65,short_burst,4
Adaptive,1.0,3.4,1.0,3.0,0.2777777777777778,9,0,True,6.5,5.65,short_burst,4
FCFS,1.4,3.9,1.4,4.0,0.2857142857142857,9,0,False,9.0,9.0,short_burst,5
SJF,1.4,3.9,1.4,4.0,0.2857142857142857,9,0,False,9.0,9.0,short_burst,5
Round Robin (q=2),2.25,4.75,1.3,5.5,0.2857142857142857,12,0,False,10.2,9.0,short_burst,5
Priority,1.4,3.9,1.4,4.0,0.2857142857142857,9,0,False,9.0,9.0,short_burst,5
Adaptive,1.4,3.9,1.4,4.0,0.2857142857142857,9,0,True,9.0,9.0,short_burst,5
FCFS,1.95,4.35,1.95,5.0,0.30303030303030304,9,0,False,12.25,11.25,short_burst,6
SJF,1.75,4.15,1.75,5.0,0.30303030303030304,9,0,False,11.25,11.25,short_burst,6
Round Robin (q=2),3.4,5.8,1.7,6.5,0.29850746268656714,14,0,False,13.45,11.25,short_burst,6
Priority,1.85,4.25,1.85,6.5,0.30303030303030304,9,0,False,12.5,11.25,short_burst,6
Adaptive,1.75,4.15,1.75,5.0,0.30303030303030304,9,0,True,11.25,11.25,short_burst,6
FCFS,2.15,4.35,2.15,5.0,0.37037037037037035,9,0,False,13.25,12.25,short_burst,7
SJF,1.95,4.15,1.95,5.0,0.37037037037037035,9,0,False,12.25,12.25,short_burst,7
Round Robin (q=2),2.95,5.15,2.15,6.0,0.3508771929824561,12,0,False,14.55,12.25,short_burst,7
Priority,1.95,4.15,1.95,5.0,0.37037037037037035,9,0,False,12.25,12.25,short_burst,7
Adaptive,1.95,4.15,1.95,5.0,0.37037037037037035,9,0,True,12.25,12.25,short_burst,7
FCFS,0.75,3.75,0.75,2.0,0.273972602739726,9,0,False,4.75,4.75,short_burst,8
SJF,0.75,3.75,0.75,2.0,0.273972602739726,9,0,False,4.75,4.75,short_burst,8
Round Robin (q=2),0.75,3.75,0.75,2.0,0.273972602739726,9,0,False,4.75,4.75,short_burst,8
Priority,0.75,3.75,0.75,2.0,0.273972602739726,9,0,False,4.75,4.75,short_burst,8
Adaptive,0.75,3.75,0.75,2.0,0.273972602739726,9,0,True,4.75,4.75,short_burst,8
FCFS,3.75,6.75,3.75,7.0,0.2777777777777778,9,0,False,22.25,20.25,short_burst,9
SJF,3.15,6.15,3.15,9.0,0.2777777777777778,9,0,False,20.25,20.25,short_burst,9
Round Robin (q=2),5.9,8.9,3.5,11.5,0.2597402597402597,14,0,False,25.65,20.25,short_burst,9
Priority,4.05,7.05,4.05,21.5,0.2777777777777778,9,1,False,31.0,20.25,short_burst,9
Adaptive,3.15,6.15,3.15,9.0,0.2777777777777778,9,0,True,20.25,20.25,short_burst,9
FCFS,3.95,7.25,3.95,7.0,0.2631578947368421,9,0,False,23.25,23.25,short_burst,10
SJF,3.75,7.05,3.75,12.5,0.2631578947368421,9,0,False,25.0,23.25,short_burst,10
Round Robin (q=2),7.05,10.35,3.45,12.0,0.24096385542168675,17,0,False,26.85,23.25,short_burst,10
Priority,4.25,7.55,4.25,14.0,0.2631578947368421,9,0,False,28.25,23.25,short_burst,10
Adaptive,3.95,7.25,3.95,7.0,0.2631578947368421,9,0,True,23.25,23.25,short_burst,10
FCFS,1.0,3.4,1.0,2.0,0.2857142857142857,9,0,False,6.0,5.95,short_burst,11
SJF,1.0,3.4,1.0,2.0,0.2857142857142857,9,0,False,6.0,5.95,short_burst,11
Round Robin (q=2),1.1,3.5,0.9,2.5,0.2857142857142857,10,0,False,5.95,5.95,short_burst,11
Priority,1.0,3.4,1.0,2.0,0.2857142857142857,9,0,False,6.0,5.95,short_burst,11
Adaptive,1.0,3.4,1.0,2.0,0.2857142857142857,9,0,True,6.0,5.95,short_burst,11
FCFS,1.65,4.35,1.65,4.5,0.3076923076923077,9,0,False,10.5,10.25,short_burst,12
SJF,1.65,4.35,1.65,4.5,0.3076923076923077,9,0,False,10.5,10.25,short_burst,12
Round Robin (q=2),1.95,4.65,1.45,5.0,0.29850746268656714,11,0,False,10.25,10.25,short_burst,12
Priority,1.65,4.35,1.65,4.5,0.3076923076923077,9,0,False,10.5,10.25,short_burst,12
Adaptive,1.65,4.35,1.65,4.5,0.3076923076923077,9,0,True,10.5,10.25,short_burst,12
FCFS,0.75,3.25,0.75,2.5,0.28169014084507044,9,0,False,5.0,5.0,short_burst,13
SJF,0.75,3.25,0.75,2.5,0.28169014084507044,9,0,False,5.0,5.0,short_burst,13
Round Robin (q=2),1.25,3.75,0.75,4.0,0.28169014084507044,11,0,False,6.25,5.0,short_burst,13
Priority,0.75,3.25,0.75,2.5,0.28169014084507044,9,0,False,5.0,5.0,short_burst,13
Adaptive,0.75,3.25,0.75,2.5,0.28169014084507044,9,0,True,5.0,5.0,short_burst,13
FCFS,0.6,2.9,0.6,1.0,0.273972602739726,9,0,False,3.5,3.5,short_burst,14
SJF,0.6,2.9,0.6,1.0,0.273972602739726,9,0,False,3.5,3.5,short_burst,14
Round Robin (q=2),0.6,2.9,0.6,1.0,0.273972602739726,9,0,False,3.5,3.5,short_burst,14
Priority,0.6,2.9,0.6,1.0,0.273972602739726,9,0,False,3.5,3.5,short_burst,14
Adaptive,0.6,2.9,0.6,1.0,0.273972602739726,9,0,True,3.5,3.5,short_burst,14
FCFS,0.65,3.35,0.65,1.5,0.26666666666666666,9,0,False,4.0,4.0,short_burst,15
SJF,0.65,3.35,0.65,1.5,0.26666666666666666,9,0,False,4.0,4.0,short_burst,15
Round Robin (q=2),0.65,3.35,0.65,1.5,0.26666666666666666,9,0,False,4.0,4.0,short_burst,15
Priority,0.65,3.35,0.65,1.5,0.26666666666666666,9,0,False,4.0,4.0,short_burst,15
Adaptive,0.65,3.35,0.65,1.5,0.26666666666666666,9,0,True,4.0,4.0,short_burst,15
FCFS,0.55,2.95,0.55,1.0,0.2777777777777778,9,0,False,3.25,3.25,short_burst,16
SJF,0.55,2.95,0.55,1.0,0.2777777777777778,9,0,False,3.25,3.25,short_burst,16
Round Robin (q=2),0.55,2.95,0.55,1.0,0.2777777777777778,9,0,False,3.25,3.25,short_burst,16
Priority,0.55,2.95,0.55,1.0,0.2777777777777778,9,0,False,3.25,3.25,short_burst,16
Adaptive,0.55,2.95,0.55,1.0,0.2777777777777778,9,0,True,3.25,3.25,short_burst,16
FCFS,0.75,2.85,0.75,2.0,0.3076923076923077,9,0,False,4.75,4.65,short_burst,17
SJF,0.75,2.85,0.75,2.0,0.3076923076923077,9,0,False,4.75,4.65,short_burst,17
Round Robin (q=2),0.95,3.05,0.55,3.0,0.3076923076923077,11,0,False,4.65,4.65,short_burst,17
Priority,0.75,2.85,0.75,2.0,0.3076923076923077,9,0,False,4.75,4.65,short_burst,17
Adaptive,0.75,2.85,0.75,2.0,0.3076923076923077,9,0,True,4.75,4.65,short_burst,17
FCFS,0.7,3.3,0.7,1.5,0.2702702702702703,9,0,False,4.25,4.25,short_burst,18
SJF,0.7,3.3,0.7,1.5,0.2702702702702703,9,0,False,4.25,4.25,short_burst,18
Round Robin (q=2),1.05,3.65,0.75,4.0,0.26666666666666666,10,0,False,6.05,4.25,short_burst,18
Priority,0.7,3.3,0.7,1.5,0.2702702702702703,9,0,False,4.25,4.25,short_burst,18
Adaptive,0.7,3.3,0.7,1.5,0.2702702702702703,9,0,True,4.25,4.25,short_burst,18
FCFS,1.45,3.95,1.45,3.5,0.2702702702702703,9,0,False,9.0,9.0,short_burst,19
SJF,1.35,3.85,1.35,5.0,0.2702702702702703,9,0,False,9.25,9.0,short_burst,19
Round Robin (q=2),2.55,5.05,1.2,5.5,0.2631578947368421,13,0,False,10.1,9.0,short_burst,19
Priority,1.45,3.95,1.45,3.5,0.2702702702702703,9,0,False,9.0,9.0,short_burst,19
Adaptive,1.35,3.85,1.35,5.0,0.2702702702702703,9,0,True,9.25,9.0,short_burst,19
FCFS,1.75,4.45,1.75,4.5,0.2857142857142857,9,0,False,11.0,11.0,short_burst,20
SJF,1.65,4.35,1.65,6.0,0.2857142857142857,9,0,False,11.25,11.0,short_burst,20
Round Robin (q=2),3.05,5.75,1.7,6.5,0.2702702702702703,13,0,False,13.1,11.0,short_burst,20
Priority,1.65,4.35,1.65,6.0,0.2857142857142857,9,0,False,11.25,11.0,short_burst,20
Adaptive,1.65,4.35,1.65,6.0,0.2857142857142857,9,0,True,11.25,11.0,short_burst,20
FCFS,0.95,3.45,0.95,2.5,0.28169014084507044,9,0,False,6.0,6.0,short_burst,21
SJF,0.95,3.45,0.95,2.5,0.28169014084507044,9,0,False,6.0,6.0,short_burst,21
Round Robin (q=2),0.95,3.45,0.95,2.5,0.28169014084507044,9,0,False,6.0,6.0,short_burst,21
Priority,0.95,3.45,0.95,2.5,0.28169014084507044,9,0,False,6.0,6.0,short_burst,21
Adaptive,0.95,3.45,0.95,2.5,0.28169014084507044,9,0,True,6.0,6.0,short_burst,21
FCFS,0.95,3.15,0.95,3.0,0.26666666666666666,9,0,False,6.25,6.25,short_burst,22
SJF,0.95,3.15,0.95,3.0,0.26666666666666666,9,0,False,6.25,6.25,short_burst,22
Round Robin (q=2),1.55,3.75,0.95,4.0,0.26666666666666666,11,0,False,7.35,6.25,short_burst,22
Priority,0.95,3.15,0.95,3.0,0.26666666666666666,9,0,False,6.25,6.25,short_burst,22
Adaptive,0.95,3.15,0.95,3.0,0.26666666666666666,9,0,True,6.25,6.25,short_burst,22
FCFS,1.15,3.45,1.15,4.5,0.273972602739726,9,0,False,8.0,7.2,short_burst,23
SJF,1.15,3.45,1.15,4.5,0.273972602739726,9,0,False,8.0,7.2,short_burst,23
Round Robin (q=2),1.2,3.5,1.0,4.0,0.273972602739726,10,0,False,7.2,7.2,short_burst,23
Priority,1.15,3.45,1.15,4.5,0.273972602739726,9,0,False,8.0,7.2,short_burst,23
Adaptive,1.15,3.45,1.15,4.5,0.273972602739726,9,0,True,8.0,7.2,short_burst,23
FCFS,1.85,4.15,1.85,4.0,0.3389830508474576,9,0,False,11.25,11.25,short_burst,24
SJF,1.85,4.15,1.85,4.0,0.3389830508474576,9,0,False,11.25,11.25,short_burst,24
Round Robin (q=2),2.7,5.0,1.9,6.0,0.3333333333333333,12,0,False,13.3,11.25,short_burst,24
Priority,2.55,4.85,2.55,15.5,0.3389830508474576,9,1,False,20.5,11.25,short_burst,24
Adaptive,1.85,4.15,1.85,4.0,0.3389830508474576,9,0,True,11.25,11.25,short_burst,24
FCFS,0.9,3.1,0.9,3.0,0.2777777777777778,9,0,False,6.0,5.5,short_burst,25
SJF,0.9,3.1,0.9,3.0,0.2777777777777778,9,0,False,6.0,5.5,short_burst,25
Round Robin (q=2),1.1,3.3,0.6,4.0,0.2702702702702703,11,0,False,5.5,5.5,short_burst,25
Priority,0.9,3.1,0.9,3.0,0.2777777777777778,9,0,False,6.0,5.5,short_burst,25
Adaptive,0.9,3.1,0.9,3.0,0.2777777777777778,9,0,True,6.0,5.5,short_burst,25
FCFS,1.1,3.2,1.1,3.0,0.36363636363636365,9,0,False,7.0,6.8,short_burst,26
SJF,1.1,3.2,1.1,3.0,0.36363636363636365,9,0,False,7.0,6.8,short_burst,26
Round Robin (q=2),1.25,3.35,0.95,3.5,0.36363636363636365,10,0,False,6.8,6.8,short_burst,26
Priority,1.1,3.2,1.1,3.0,0.36363636363636365,9,0,False,7.0,6.8,short_burst,26
Adaptive,1.1,3.2,1.1,3.0,0.36363636363636365,9,0,True,7.0,6.8,short_burst,26
FCFS,0.8,3.4,0.8,2.5,0.26666666666666666,9,0,False,5.25,5.25,short_burst,27
SJF,0.8,3.4,0.8,2.5,0.26666666666666666,9,0,False,5.25,5.25,short_burst,27
Round Robin (q=2),0.8,3.4,0.8,2.5,0.26666666666666666,9,0,False,5.25,5.25,short_burst,27
Priority,0.8,3.4,0.8,2.5,0.26666666666666666,9,0,False,5.25,5.25,short_burst,27
Adaptive,0.8,3.4,0.8,2.5,0.26666666666666666,9,0,True,5.25,5.25,short_burst,27
FCFS,1.05,3.45,1.05,2.5,0.29411764705882354,9,0,False,6.5,6.5,short_burst,28
SJF,1.05,3.45,1.05,2.5,0.29411764705882354,9,0,False,6.5,6.5,short_burst,28
Round Robin (q=2),1.2,3.6,0.9,4.0,0.2898550724637681,10,0,False,6.8,6.5,short_burst,28
Priority,1.05,3.45,1.05,2.5,0.29411764705882354,9,0,False,6.5,6.5,short_burst,28
Adaptive,1.05,3.45,1.05,2.5,0.29411764705882354,9,0,True,6.5,6.5,short_burst,28
FCFS,0.75,3.15,0.75,3.0,0.2597402597402597,9,0,False,5.25,4.2,short_burst,29
SJF,0.75,3.15,0.75,3.0,0.2597402597402597,9,0,False,5.25,4.2,short_burst,29
Round Robin (q=2),0.75,3.15,0.55,2.5,0.2597402597402597,10,0,False,4.2,4.2,short_burst,29
Priority,0.75,3.15,0.75,3.0,0.2597402597402597,9,0,False,5.25,4.2,short_burst,29
Adaptive,0.75,3.15,0.75,3.0,0.2597402597402597,9,0,True,5.25,4.2,short_burst,29
FCFS,4.25,7.35,4.25,10.0,0.2564102564102564,9,0,False,26.25,26.25,short_burst,30
SJF,4.05,7.15,4.05,12.5,0.2564102564102564,9,0,False,26.5,26.25,short_burst,30
Round Robin (q=2),7.65,10.75,3.45,14.5,0.23529411764705882,16,0,False,28.700000000000003,26.25,short_burst,30
Priority,4.45,7.55,4.45,13.0,0.2564102564102564,9,0,False,28.75,26.25,short_burst,30
Adaptive,4.15,7.25,4.15,10.0,0.2564102564102564,9,0,True,25.75,26.25,short_burst,30
FCFS,0.6,2.9,0.6,1.0,0.2857142857142857,9,0,False,3.5,3.5,short_burst,31
SJF,0.6,2.9,0.6,1.0,0.2857142857142857,9,0,False,3.5,3.5,short_burst,31
Round Robin (q=2),0.6,2.9,0.6,1.0,0.2857142857142857,9,0,False,3.5,3.5,short_burst,31
Priority,0.6,2.9,0.6,1.0,0.2857142857142857,9,0,False,3.5,3.5,short_burst,31
Adaptive,0.6,2.9,0.6,1.0,0.2857142857142857,9,0,True,3.5,3.5,short_burst,31
FCFS,1.85,4.15,1.85,5.0,0.30303030303030304,9,0,False,11.75,10.75,short_burst,32
SJF,1.65,3.95,1.65,5.0,0.30303030303030304,9,0,False,10.75,10.75,short_burst,32
Round Robin (q=2),2.55,4.85,1.75,6.5,0.2898550724637681,12,0,False,12.8,10.75,short_burst,32
Priority,1.85,4.15,1.85,8.0,0.30303030303030304,9,0,False,13.25,10.75,short_burst,32
Adaptive,1.65,3.95,1.65,5.0,0.30303030303030304,9,0,True,10.75,10.75,short_burst,32
FCFS,0.7,3.0,0.7,2.0,0.23809523809523808,9,0,False,4.5,4.5,short_burst,33
SJF,0.7,3.0,0.7,2.0,0.23809523809523808,9,0,False,4.5,4.5,short_burst,33
Round Robin (q=2),1.1,3.4,0.6,3.5,0.23255813953488372,11,0,False,5.25,4.5,short_burst,33
Priority,0.7,3.0,0.7,2.0,0.23809523809523808,9,0,False,4.5,4.5,short_burst,33
Adaptive,0.7,3.0,0.7,2.0,0.23809523809523808,9,0,True,4.5,4.5,short_burst,33
FCFS,1.15,3.15,1.15,3.5,0.3076923076923077,9,0,False,7.5,7.5,short_burst,34
SJF,1.15,3.15,1.15,3.5,0.3076923076923077,9,0,False,7.5,7.5,short_burst,34
Round Robin (q=2),1.75,3.75,1.15,4.5,0.3076923076923077,11,0,False,8.6,7.5,short_burst,34
Priority,1.15,3.15,1.15,5.0,0.3076923076923077,9,0,False,8.25,7.5,short_burst,34
Adaptive,1.15,3.15,1.15,3.5,0.3076923076923077,9,0,True,7.5,7.5,short_burst,34
FCFS,1.0,3.1,1.0,3.5,0.29411764705882354,9,0,False,6.75,6.75,short_burst,35
SJF,1.0,3.1,1.0,3.5,0.29411764705882354,9,0,False,6.75,6.75,short_burst,35
Round Robin (q=2),1.6,3.7,0.95,4.5,0.29411764705882354,11,0,False,7.65,6.75,short_burst,35
Priority,1.0,3.1,1.0,3.5,0.29411764705882354,9,0,False,6.75,6.75,short_burst,35
Adaptive,1.0,3.1,1.0,3.5,0.29411764705882354,9,0,True,6.75,6.75,short_burst,35
FCFS,0.5,2.7,0.5,1.0,0.24096385542168675,9,0,False,3.0,3.0,short_burst,36
SJF,0.5,2.7,0.5,1.0,0.24096385542168675,9,0,False,3.0,3.0,short_burst,36
Round Robin (q=2),0.5,2.7,0.5,1.0,0.24096385542168675,9,0,False,3.0,3.0,short_burst,36
Priority,0.5,2.7,0.5,1.0,0.24096385542168675,9,0,False,3.0,3.0,short_burst,36
Adaptive,0.5,2.7,0.5,1.0,0.24096385542168675,9,0,True,3.0,3.0,short_burst,36
FCFS,0.9,3.1,0.9,3.0,0.2898550724637681,9,0,False,6.0,5.2,short_burst,37
SJF,0.9,3.1,0.9,3.0,0.2898550724637681,9,0,False,6.0,5.2,short_burst,37
Round Robin (q=2),0.95,3.15,0.75,2.5,0.2857142857142857,10,0,False,5.2,5.2,short_burst,37
Priority,0.9,3.1,0.9,3.0,0.2898550724637681,9,0,False,6.0,5.2,short_burst,37
Adaptive,0.9,3.1,0.9,3.0,0.2898550724637681,9,0,True,6.0,5.2,short_burst,37
FCFS,0.85,3.75,0.85,2.5,0.26666666666666666,9,0,False,5.5,5.5,short_burst,38
SJF,0.85,3.75,0.85,2.5,0.26666666666666666,9,0,False,5.5,5.5,short_burst,38
Round Robin (q=2),1.5,4.4,0.9,3.5,0.26666666666666666,11,0,False,6.85,5.5,short_burst,38
Priority,0.85,3.75,0.85,2.5,0.26666666666666666,9,0,False,5.5,5.5,short_burst,38
Adaptive,0.85,3.75,0.85,2.5,0.26666666666666666,9,0,True,5.5,5.5,short_burst,38
FCFS,0.9,3.3,0.9,2.5,0.26666666666666666,9,0,False,5.75,5.75,short_burst,39
SJF,0.9,3.3,0.9,2.5,0.26666666666666666,9,0,False,5.75,5.75,short_burst,39
Round Robin (q=2),1.6,4.0,0.8,3.5,0.2597402597402597,12,0,False,6.550000000000001,5.75,short_burst,39
Priority,0.9,3.3,0.9,2.5,0.26666666666666666,9,0,False,5.75,5.75,short_burst,39
Adaptive,0.9,3.3,0.9,2.5,0.26666666666666666,9,0,True,5.75,5.75,short_burst,39
FCFS,2.35,5.15,2.35,5.0,0.2702702702702703,9,0,False,14.25,14.25,short_burst,40
SJF,2.35,5.15,2.35,5.0,0.2702702702702703,9,0,False,14.25,14.25,short_burst,40
Round Robin (q=2),5.15,7.95,2.35,10.0,0.24691358024691357,16,0,False,19.55,14.25,short_burst,40
Priority,2.45,5.25,2.45,7.0,0.2702702702702703,9,0,False,15.75,14.25,short_burst,40
Adaptive,2.35,5.15,2.35,5.0,0.2702702702702703,9,0,True,14.25,14.25,short_burst,40
FCFS,0.9,3.3,0.9,2.5,0.3076923076923077,9,0,False,5.75,5.75,short_burst,41
SJF,0.9,3.3,0.9,2.5,0.3076923076923077,9,0,False,5.75,5.75,short_burst,41
Round Robin (q=2),1.1,3.5,0.8,4.0,0.3076923076923077,10,0,False,6.300000000000001,5.75,short_burst,41
Priority,0.9,3.3,0.9,2.5,0.3076923076923077,9,0,False,5.75,5.75,short_burst,41
Adaptive,0.9,3.3,0.9,2.5,0.3076923076923077,9,0,True,5.75,5.75,short_burst,41
FCFS,0.6,2.3,0.6,1.0,0.29411764705882354,9,0,False,3.5,3.5,short_burst,42
SJF,0.6,2.3,0.6,1.0,0.29411764705882354,9,0,False,3.5,3.5,short_burst,42
Round Robin (q=2),0.6,2.3,0.6,1.0,0.29411764705882354,9,0,False,3.5,3.5,short_burst,42
Priority,0.6,2.3,0.6,1.0,0.29411764705882354,9,0,False,3.5,3.5,short_burst,42
Adaptive,0.6,2.3,0.6,1.0,0.29411764705882354,9,0,True,3.5,3.5,short_burst,42
FCFS,3.15,6.05,3.15,7.0,0.2702702702702703,9,0,False,19.25,16.75,short_burst,43
SJF,2.65,5.55,2.65,7.0,0.2702702702702703,9,0,False,16.75,16.75,short_burst,43
Round Robin (q=2),4.8,7.7,3.2,9.0,0.2564102564102564,13,0,False,22.1,16.75,short_burst,43
Priority,2.85,5.75,2.85,12.0,0.2702702702702703,9,0,False,20.25,16.75,short_burst,43
Adaptive,2.65,5.55,2.65,7.0,0.2702702702702703,9,0,True,16.75,16.75,short_burst,43
FCFS,1.1,3.0,1.1,2.5,0.32786885245901637,9,0,False,6.75,6.75,short_burst,44
SJF,1.1,3.0,1.1,2.5,0.32786885245901637,9,0,False,6.75,6.75,short_burst,44
Round Robin (q=2),1.7,3.6,1.05,4.5,0.32786885245901637,11,0,False,8.15,6.75,short_burst,44
Priority,1.1,3.0,1.1,4.0,0.32786885245901637,9,0,False,7.5,6.75,short_burst,44
Adaptive,1.1,3.0,1.1,2.5,0.32786885245901637,9,0,True,6.75,6.75,short_burst,44
FCFS,0.5,2.1,0.5,1.0,0.2631578947368421,9,0,False,3.0,3.0,short_burst,45
SJF,0.5,2.1,0.5,1.0,0.2631578947368421,9,0,False,3.0,3.0,short_burst,45
Round Robin (q=2),0.5,2.1,0.5,1.0,0.2631578947368421,9,0,False,3.0,3.0,short_burst,45
Priority,0.5,2.1,0.5,1.0,0.2631578947368421,9,0,False,3.0,3.0,short_burst,45
Adaptive,0.5,2.1,0.5,1.0,0.2631578947368421,9,0,True,3.0,3.0,short_burst,45
FCFS,0.7,3.0,0.7,2.0,0.26666666666666666,9,0,False,4.5,4.5,short_burst,46
SJF,0.7,3.0,0.7,2.0,0.26666666666666666,9,0,False,4.5,4.5,short_burst,46
Round Robin (q=2),0.7,3.0,0.7,2.0,0.26666666666666666,9,0,False,4.5,4.5,short_burst,46
Priority,0.7,3.0,0.7,2.0,0.26666666666666666,9,0,False,4.5,4.5,short_burst,46
Adaptive,0.7,3.0,0.7,2.0,0.26666666666666666,9,0,True,4.5,4.5,short_burst,46
FCFS,1.8,4.3,1.8,5.5,0.2597402597402597,9,0,False,11.75,9.75,short_burst,47
SJF,1.5,4.0,1.5,4.5,0.2597402597402597,9,0,False,9.75,9.75,short_burst,47
Round Robin (q=2),2.8,5.3,1.45,5.5,0.25316455696202533,13,0,False,11.35,9.75,short_burst,47
Priority,1.8,4.3,1.8,5.5,0.2597402597402597,9,0,False,11.75,9.75,short_burst,47
Adaptive,1.5,4.0,1.5,4.5,0.2597402597402597,9,0,True,9.75,9.75,short_burst,47
FCFS,1.2,3.4,1.2,3.0,0.3125,9,0,False,7.5,7.5,short_burst,48
SJF,1.2,3.4,1.2,3.0,0.3125,9,0,False,7.5,7.5,short_burst,48
Round Robin (q=2),1.6,3.8,1.1,4.0,0.30303030303030304,11,0,False,8.0,7.5,short_burst,48
Priority,1.2,3.4,1.2,3.0,0.3125,9,0,False,7.5,7.5,short_burst,48
Adaptive,1.2,3.4,1.2,3.0,0.3125,9,0,True,7.5,7.5,short_burst,48
FCFS,2.25,5.35,2.25,4.0,0.28169014084507044,9,0,False,13.25,13.25,short_burst,49
SJF,2.25,5.35,2.25,4.0,0.28169014084507044,9,0,False,13.25,13.25,short_burst,49
Round Robin (q=2),5.9,9.0,2.4,9.5,0.25316455696202533,17,0,False,20.25,13.25,short_burst,49
Priority,2.25,5.35,2.25,4.0,0.28169014084507044,9,0,False,13.25,13.25,short_burst,49
Adaptive,2.25,5.35,2.25,4.0,0.28169014084507044,9,0,True,13.25,13.25,short_burst,49
FCFS,4.35,7.35,4.35,8.0,0.2898550724637681,9,0,False,25.75,24.25,short_burst,50
SJF,3.85,6.85,3.85,10.0,0.2898550724637681,9,0,False,24.25,24.25,short_burst,50
Round Robin (q=2),7.2,10.2,4.1,14.0,0.26666666666666666,15,0,False,30.599999999999998,24.25,short_burst,50
Priority,4.55,7.55,4.55,13.5,0.2898550724637681,9,0,False,29.5,24.25,short_burst,50
Adaptive,3.85,6.85,3.85,10.0,0.2898550724637681,9,0,True,24.25,24.25,short_burst,50
FCFS,0.5,3.1,0.5,1.0,0.2597402597402597,9,0,False,3.0,3.0,short_burst,51
SJF,0.5,3.1,0.5,1.0,0.2597402597402597,9,0,False,3.0,3.0,short_burst,51
Round Robin (q=2),0.5,3.1,0.5,1.0,0.2597402597402597,9,0,False,3.0,3.0,short_burst,51
Priority,0.5,3.1,0.5,1.0,0.2597402597402597,9,0,False,3.0,3.0,short_burst,51
Adaptive,0.5,3.1,0.5,1.0,0.2597402597402597,9,0,True,3.0,3.0,short_burst,51
FCFS,0.8,3.1,0.8,2.0,0.2597402597402597,9,0,False,5.0,5.0,short_burst,52
SJF,0.8,3.1,0.8,2.0,0.2597402597402597,9,0,False,5.0,5.0,short_burst,52
Round Robin (q=2),1.0,3.3,0.7,3.5,0.2597402597402597,10,0,False,5.55,5.0,short_burst,52
Priority,0.8,3.1,0.8,2.0,0.2597402597402597,9,0,False,5.0,5.0,short_burst,52
Adaptive,0.8,3.1,0.8,2.0,0.2597402597402597,9,0,True,5.0,5.0,short_burst,52
FCFS,0.7,3.3,0.7,2.0,0.2857142857142857,9,0,False,4.5,4.45,short_burst,53
SJF,0.7,3.3,0.7,2.0,0.2857142857142857,9,0,False,4.5,4.45,short_burst,53
Round Robin (q=2),0.8,3.4,0.6,2.5,0.2857142857142857,10,0,False,4.45,4.45,short_burst,53
Priority,0.7,3.3,0.7,2.0,0.2857142857142857,9,0,False,4.5,4.45,short_burst,53
Adaptive,0.7,3.3,0.7,2.0,0.2857142857142857,9,0,True,4.5,4.45,short_burst,53
FCFS,0.75,3.55,0.75,2.0,0.24390243902439024,9,0,False,4.75,4.75,short_burst,54
SJF,0.75,3.55,0.75,2.0,0.24390243902439024,9,0,False,4.75,4.75,short_burst,54
Round Robin (q=2),1.15,3.95,0.65,3.5,0.23809523809523808,11,0,False,5.5,4.75,short_burst,54
Priority,0.75,3.55,0.75,2.0,0.24390243902439024,9,0,False,4.75,4.75,short_burst,54
Adaptive,0.75,3.55,0.75,2.0,0.24390243902439024,9,0,True,4.75,4.75,short_burst,54
FCFS,0.8,2.9,0.8,2.5,0.24691358024691357,9,0,False,5.25,5.25,short_burst,55
SJF,0.8,2.9,0.8,2.5,0.24691358024691357,9,0,False,5.25,5.25,short_burst,55
Round Robin (q=2),1.3,3.4,0.65,4.5,0.24691358024691357,11,0,False,6.15,5.25,short_burst,55
Priority,0.8,2.9,0.8,2.5,0.24691358024691357,9,0,False,5.25,5.25,short_burst,55
Adaptive,0.8,2.9,0.8,2.5,0.24691358024691357,9,0,True,5.25,5.25,short_burst,55
FCFS,3.05,5.75,3.05,5.0,0.31746031746031744,9,0,False,17.75,15.75,short_burst,56
SJF,2.55,5.25,2.55,6.0,0.31746031746031744,9,0,False,15.75,15.75,short_burst,56
Round Robin (q=2),5.25,7.95,3.15,9.0,0.29411764705882354,14,0,False,22.35,15.75,short_burst,56
Priority,3.85,6.55,3.85,15.0,0.31746031746031744,9,1,False,26.75,15.75,short_burst,56
Adaptive,2.55,5.25,2.55,6.0,0.31746031746031744,9,0,True,15.75,15.75,short_burst,56
FCFS,0.75,3.35,0.75,2.0,0.25316455696202533,9,0,False,4.75,4.75,short_burst,57
SJF,0.75,3.35,0.75,2.0,0.25316455696202533,9,0,False,4.75,4.75,short_burst,57
Round Robin (q=2),0.95,3.55,0.65,3.0,0.25316455696202533,10,0,False,5.05,4.75,short_burst,57
Priority,0.75,3.35,0.75,2.0,0.25316455696202533,9,0,False,4.75,4.75,short_burst,57
Adaptive,0.75,3.35,0.75,2.0,0.25316455696202533,9,0,True,4.75,4.75,short_burst,57
FCFS,0.85,3.35,0.85,3.0,0.29850746268656714,9,0,False,5.75,4.9,short_burst,58
SJF,0.85,3.35,0.85,3.0,0.29850746268656714,9,0,False,5.75,4.9,short_burst,58
Round Robin (q=2),1.05,3.55,0.65,2.5,0.29411764705882354,11,0,False,4.9,4.9,short_burst,58
Priority,0.85,3.35,0.85,3.0,0.29850746268656714,9,0,False,5.75,4.9,short_burst,58
Adaptive,0.85,3.35,0.85,3.0,0.29850746268656714,9,0,True,5.75,4.9,short_burst,58
FCFS,0.85,2.65,0.85,2.0,0.36363636363636365,9,0,False,5.25,5.25,short_burst,59
SJF,0.85,2.65,0.85,2.0,0.36363636363636365,9,0,False,5.25,5.25,short_burst,59
Round Robin (q=2),1.0,2.8,0.8,2.5,0.35714285714285715,10,0,False,5.45,5.25,short_burst,59
Priority,0.85,2.65,0.85,2.0,0.36363636363636365,9,0,False,5.25,5.25,short_burst,59
Adaptive,0.85,2.65,0.85,2.0,0.36363636363636365,9,0,True,5.25,5.25,short_burst,59
FCFS,1.35,3.75,1.35,3.0,0.3333333333333333,9,0,False,8.25,8.25,short_burst,60
SJF,1.35,3.75,1.35,3.0,0.3333333333333333,9,0,False,8.25,8.25,short_burst,60
Round Robin (q=2),2.05,4.45,1.35,4.5,0.31746031746031744,12,0,False,9.7,8.25,short_burst,60
Priority,1.35,3.75,1.35,3.0,0.3333333333333333,9,0,False,8.25,8.25,short_burst,60
Adaptive,1.35,3.75,1.35,3.0,0.3333333333333333,9,0,True,8.25,8.25,short_burst,60
FCFS,2.3,5.2,2.3,6.0,0.2564102564102564,9,0,False,14.5,14.5,short_burst,61
SJF,2.2,5.1,2.2,9.0,0.2564102564102564,9,0,False,15.5,14.5,short_burst,61
Round Robin (q=2),3.7,6.6,1.85,9.5,0.24390243902439024,13,0,False,15.850000000000001,14.5,short_burst,61
Priority,2.5,5.4,2.5,8.0,0.2564102564102564,9,0,False,16.5,14.5,short_burst,61
Adaptive,2.3,5.2,2.3,6.0,0.2564102564102564,9,0,True,14.5,14.5,short_burst,61
FCFS,1.4,3.8,1.4,3.5,0.273972602739726,9,0,False,8.75,8.75,short_burst,62
SJF,1.4,3.8,1.4,3.5,0.273972602739726,9,0,False,8.75,8.75,short_burst,62
Round Robin (q=2),2.0,4.4,1.2,4.5,0.26666666666666666,12,0,False,9.05,8.75,short_burst,62
Priority,1.4,3.8,1.4,3.5,0.273972602739726,9,0,False,8.75,8.75,short_burst,62
Adaptive,1.4,3.8,1.4,3.5,0.273972602739726,9,0,True,8.75,8.75,short_burst,62
FCFS,0.45,2.95,0.45,0.5,0.2597402597402597,9,0,False,2.5,2.5,short_burst,63
SJF,0.45,2.95,0.45,0.5,0.2597402597402597,9,0,False,2.5,2.5,short_burst,63
Round Robin (q=2),0.45,2.95,0.45,0.5,0.2597402597402597,9,0,False,2.5,2.5,short_burst,63
Priority,0.45,2.95,0.45,0.5,0.2597402597402597,9,0,False,2.5,2.5,short_burst,63
Adaptive,0.45,2.95,0.45,0.5,0.2597402597402597,9,0,True,2.5,2.5,short_burst,63
FCFS,0.75,2.65,0.75,2.5,0.273972602739726,9,0,False,5.0,4.45,short_burst,64
SJF,0.75,2.65,0.75,2.5,0.273972602739726,9,0,False,5.0,4.45,short_burst,64
Round Robin (q=2),0.75,2.65,0.55,3.0,0.273972602739726,10,0,False,4.45,4.45,short_burst,64
Priority,0.75,2.65,0.75,2.5,0.273972602739726,9,0,False,5.0,4.45,short_burst,64
Adaptive,0.75,2.65,0.75,2.5,0.273972602739726,9,0,True,5.0,4.45,short_burst,64
FCFS,0.5,2.8,0.5,1.0,0.273972602739726,9,0,False,3.0,3.0,short_burst,65
SJF,0.5,2.8,0.5,1.0,0.273972602739726,9,0,False,3.0,3.0,short_burst,65
Round Robin (q=2),0.5,2.8,0.5,1.0,0.273972602739726,9,0,False,3.0,3.0,short_burst,65
Priority,0.5,2.8,0.5,1.0,0.273972602739726,9,0,False,3.0,3.0,short_burst,65
Adaptive,0.5,2.8,0.5,1.0,0.273972602739726,9,0,True,3.0,3.0,short_burst,65
FCFS,1.45,4.05,1.45,3.0,0.31746031746031744,9,0,False,8.75,8.75,short_burst,66
SJF,1.45,4.05,1.45,3.0,0.31746031746031744,9,0,False,8.75,8.75,short_burst,66
Round Robin (q=2),1.85,4.45,1.35,5.0,0.3076923076923077,11,0,False,9.75,8.75,short_burst,66
Priority,1.45,4.05,1.45,3.0,0.31746031746031744,9,0,False,8.75,8.75,short_burst,66
Adaptive,1.45,4.05,1.45,3.0,0.31746031746031744,9,0,True,8.75,8.75,short_burst,66
FCFS,1.25,3.95,1.25,3.5,0.2777777777777778,9,0,False,8.0,8.0,short_burst,67
SJF,1.25,3.95,1.25,3.5,0.2777777777777778,9,0,False,8.0,8.0,short_burst,67
Round Robin (q=2),1.5,4.2,1.0,5.0,0.2702702702702703,11,0,False,8.0,8.0,short_burst,67
Priority,1.25,3.95,1.25,3.5,0.2777777777777778,9,0,False,8.0,8.0,short_burst,67
Adaptive,1.25,3.95,1.25,3.5,0.2777777777777778,9,0,True,8.0,8.0,short_burst,67
FCFS,0.6,2.7,0.6,1.0,0.3076923076923077,9,0,False,3.5,3.5,short_burst,68
SJF,0.6,2.7,0.6,1.0,0.3076923076923077,9,0,False,3.5,3.5,short_burst,68
Round Robin (q=2),0.6,2.7,0.6,1.0,0.3076923076923077,9,0,False,3.5,3.5,short_burst,68
Priority,0.6,2.7,0.6,1.0,0.3076923076923077,9,0,False,3.5,3.5,short_burst,68
Adaptive,0.6,2.7,0.6,1.0,0.3076923076923077,9,0,True,3.5,3.5,short_burst,68
FCFS,0.5,2.6,0.5,1.0,0.2597402597402597,9,0,False,3.0,3.0,short_burst,69
SJF,0.5,2.6,0.5,1.0,0.2597402597402597,9,0,False,3.0,3.0,short_burst,69
Round Robin (q=2),0.5,2.6,0.5,1.0,0.2597402597402597,9,0,False,3.0,3.0,short_burst,69
Priority,0.5,2.6,0.5,1.0,0.2597402597402597,9,0,False,3.0,3.0,short_burst,69
Adaptive,0.5,2.6,0.5,1.0,0.2597402597402597,9,0,True,3.0,3.0,short_burst,69
FCFS,0.95,3.85,0.95,2.5,0.273972602739726,9,0,False,6.0,6.0,short_burst,70
SJF,0.95,3.85,0.95,2.5,0.273972602739726,9,0,False,6.0,6.0,short_burst,70
Round Robin (q=2),1.65,4.55,1.05,5.0,0.273972602739726,11,0,False,8.35,6.0,short_burst,70
Priority,0.95,3.85,0.95,2.5,0.273972602739726,9,0,False,6.0,6.0,short_burst,70
Adaptive,0.95,3.85,0.95,2.5,0.273972602739726,9,0,True,6.0,6.0,short_burst,70
FCFS,2.85,5.45,2.85,7.0,0.3076923076923077,9,0,False,17.75,17.25,short_burst,71
SJF,2.65,5.25,2.65,8.0,0.3076923076923077,9,0,False,17.25,17.25,short_burst,71
Round Robin (q=2),4.6,7.2,2.7,10.5,0.2898550724637681,13,0,False,20.65,17.25,short_burst,71
Priority,2.65,5.25,2.65,8.0,0.3076923076923077,9,0,False,17.25,17.25,short_burst,71
Adaptive,2.65,5.25,2.65,8.0,0.3076923076923077,9,0,True,17.25,17.25,short_burst,71
FCFS,0.5,3.3,0.5,1.0,0.25316455696202533,9,0,False,3.0,3.0,short_burst,72
SJF,0.5,3.3,0.5,1.0,0.25316455696202533,9,0,False,3.0,3.0,short_burst,72
Round Robin (q=2),0.5,3.3,0.5,1.0,0.25316455696202533,9,0,False,3.0,3.0,short_burst,72
Priority,0.5,3.3,0.5,1.0,0.25316455696202533,9,0,False,3.0,3.0,short_burst,72
Adaptive,0.5,3.3,0.5,1.0,0.25316455696202533,9,0,True,3.0,3.0,short_burst,72
FCFS,0.5,2.4,0.5,1.0,0.23529411764705882,9,0,False,3.0,3.0,short_burst,73
SJF,0.5,2.4,0.5,1.0,0.23529411764705882,9,0,False,3.0,3.0,short_burst,73
Round Robin (q=2),0.5,2.4,0.5,1.0,0.23529411764705882,9,0,False,3.0,3.0,short_burst,73
Priority,0.5,2.4,0.5,1.0,0.23529411764705882,9,0,False,3.0,3.0,short_burst,73
Adaptive,0.5,2.4,0.5,1.0,0.23529411764705882,9,0,True,3.0,3.0,short_burst,73
FCFS,0.9,3.4,0.9,2.5,0.2702702702702703,9,0,False,5.75,5.75,short_burst,74
SJF,0.9,3.4,0.9,2.5,0.2702702702702703,9,0,False,5.75,5.75,short_burst,74
Round Robin (q=2),1.1,3.6,0.9,3.0,0.2702702702702703,10,0,False,6.2,5.75,short_burst,74
Priority,0.9,3.4,0.9,2.5,0.2702702702702703,9,0,False,5.75,5.75,short_burst,74
Adaptive,0.9,3.4,0.9,2.5,0.2702702702702703,9,0,True,5.75,5.75,short_burst,74
FCFS,2.2,5.0,2.2,5.0,0.2777777777777778,9,0,False,13.5,13.5,short_burst,75
SJF,2.1,4.9,2.1,6.0,0.2777777777777778,9,0,False,13.5,13.5,short_burst,75
Round Robin (q=2),4.45,7.25,2.25,9.0,0.2777777777777778,14,0,False,17.95,13.5,short_burst,75
Priority,2.2,5.0,2.2,9.0,0.2777777777777778,9,0,False,15.5,13.5,short_burst,75
Adaptive,2.1,4.9,2.1,6.0,0.2777777777777778,9,0,True,13.5,13.5,short_burst,75
FCFS,0.75,2.95,0.75,2.0,0.2597402597402597,9,0,False,4.75,4.75,short_burst,76
SJF,0.75,2.95,0.75,2.0,0.2597402597402597,9,0,False,4.75,4.75,short_burst,76
Round Robin (q=2),0.75,2.95,0.75,2.0,0.2597402597402597,9,0,False,4.75,4.75,short_burst,76
Priority,0.75,2.95,0.75,2.0,0.2597402597402597,9,0,False,4.75,4.75,short_burst,76
Adaptive,0.75,2.95,0.75,2.0,0.2597402597402597,9,0,True,4.75,4.75,short_burst,76
FCFS,1.0,3.5,1.0,2.5,0.2702702702702703,9,0,False,6.25,6.25,short_burst,77
SJF,1.0,3.5,1.0,2.5,0.2702702702702703,9,0,False,6.25,6.25,short_burst,77
Round Robin (q=2),1.0,3.5,1.0,2.5,0.2702702702702703,9,0,False,6.25,6.25,short_burst,77
Priority,1.0,3.5,1.0,2.5,0.2702702702702703,9,0,False,6.25,6.25,short_burst,77
Adaptive,1.0,3.5,1.0,2.5,0.2702702702702703,9,0,True,6.25,6.25,short_burst,77
FCFS,1.45,4.35,1.45,4.0,0.26666666666666666,9,0,False,9.25,9.25,short_burst,78
SJF,1.45,4.35,1.45,4.0,0.26666666666666666,9,0,False,9.25,9.25,short_burst,78
Round Robin (q=2),2.1,5.0,1.3,6.0,0.2631578947368421,12,0,False,10.3,9.25,short_burst,78
Priority,1.45,4.35,1.45,4.0,0.26666666666666666,9,0,False,9.25,9.25,short_burst,78
Adaptive,1.45,4.35,1.45,4.0,0.26666666666666666,9,0,True,9.25,9.25,short_burst,78
FCFS,1.8,4.3,1.8,5.0,0.30303030303030304,9,0,False,11.5,10.5,short_burst,79
SJF,1.6,4.1,1.6,5.0,0.30303030303030304,9,0,False,10.5,10.5,short_burst,79
Round Robin (q=2),2.45,4.95,1.45,7.0,0.2898550724637681,12,0,False,11.75,10.5,short_burst,79
Priority,1.8,4.3,1.8,5.0,0.30303030303030304,9,0,False,11.5,10.5,short_burst,79
Adaptive,1.6,4.1,1.6,5.0,0.30303030303030304,9,0,True,10.5,10.5,short_burst,79
FCFS,0.75,3.25,0.75,2.5,0.273972602739726,9,0,False,5.0,4.45,short_burst,80
SJF,0.75,3.25,0.75,2.5,0.273972602739726,9,0,False,5.0,4.45,short_burst,80
Round Robin (q=2),0.75,3.25,0.55,3.0,0.273972602739726,10,0,False,4.45,4.45,short_burst,80
Priority,0.75,3.25,0.75,2.5,0.273972602739726,9,0,False,5.0,4.45,short_burst,80
Adaptive,0.75,3.25,0.75,2.5,0.273972602739726,9,0,True,5.0,4.45,short_burst,80
FCFS,1.1,3.8,1.1,2.5,0.2777777777777778,9,0,False,6.75,6.75,short_burst,81
SJF,1.1,3.8,1.1,2.5,0.2777777777777778,9,0,False,6.75,6.75,short_burst,81
Round Robin (q=2),1.35,4.05,1.05,5.5,0.2777777777777778,10,0,False,8.3,6.75,short_burst,81
Priority,1.1,3.8,1.1,2.5,0.2777777777777778,9,0,False,6.75,6.75,short_burst,81
Adaptive,1.1,3.8,1.1,2.5,0.2777777777777778,9,0,True,6.75,6.75,short_burst,81
FCFS,1.05,3.35,1.05,3.0,0.28169014084507044,9,0,False,6.75,6.75,short_burst,82
SJF,1.05,3.35,1.05,3.0,0.28169014084507044,9,0,False,6.75,6.75,short_burst,82
Round Robin (q=2),1.3,3.6,1.0,3.5,0.28169014084507044,10,0,False,7.05,6.75,short_burst,82
Priority,1.25,3.55,1.25,6.0,0.28169014084507044,9,0,False,9.25,6.75,short_burst,82
Adaptive,1.05,3.35,1.05,3.0,0.28169014084507044,9,0,True,6.75,6.75,short_burst,82
FCFS,4.05,7.15,4.05,6.0,0.28169014084507044,9,0,False,23.25,22.25,short_burst,83
SJF,3.45,6.55,3.45,10.0,0.28169014084507044,9,0,False,22.25,22.25,short_burst,83
Round Robin (q=2),6.5,9.6,3.9,12.5,0.2631578947368421,14,0,False,28.35,22.25,short_burst,83
Priority,3.95,7.05,3.95,14.0,0.28169014084507044,9,1,False,26.75,22.25,short_burst,83
Adaptive,3.55,6.65,3.55,10.0,0.28169014084507044,9,0,True,22.75,22.25,short_burst,83
FCFS,0.7,3.0,0.7,2.0,0.2777777777777778,9,0,False,4.5,4.45,short_burst,84
SJF,0.7,3.0,0.7,2.0,0.2777777777777778,9,0,False,4.5,4.45,short_burst,84
Round Robin (q=2),0.8,3.1,0.6,2.5,0.273972602739726,10,0,False,4.45,4.45,short_burst,84
Priority,0.7,3.0,0.7,2.0,0.2777777777777778,9,0,False,4.5,4.45,short_burst,84
Adaptive,0.7,3.0,0.7,2.0,0.2777777777777778,9,0,True,4.5,4.45,short_burst,84
FCFS,1.15,3.85,1.15,4.0,0.2702702702702703,9,0,False,7.75,7.75,short_burst,85
SJF,1.15,3.85,1.15,4.0,0.2702702702702703,9,0,False,7.75,7.75,short_burst,85
Round Robin (q=2),1.55,4.25,1.05,5.5,0.2631578947368421,11,0,False,8.5,7.75,short_burst,85
Priority,1.15,3.85,1.15,4.0,0.2702702702702703,9,0,False,7.75,7.75,short_burst,85
Adaptive,1.15,3.85,1.15,4.0,0.2702702702702703,9,0,True,7.75,7.75,short_burst,85
FCFS,0.85,2.85,0.85,3.0,0.273972602739726,9,0,False,5.75,5.75,short_burst,86
SJF,0.85,2.85,0.85,3.0,0.273972602739726,9,0,False,5.75,5.75,short_burst,86
Round Robin (q=2),1.35,3.35,0.7,4.0,0.273972602739726,11,0,False,6.15,5.75,short_burst,86
Priority,0.85,2.85,0.85,3.0,0.273972602739726,9,0,False,5.75,5.75,short_burst,86
Adaptive,0.85,2.85,0.85,3.0,0.273972602739726,9,0,True,5.75,5.75,short_burst,86
FCFS,2.0,4.5,2.0,4.5,0.32786885245901637,9,0,False,12.25,12.25,short_burst,87
SJF,1.9,4.4,1.9,6.0,0.32786885245901637,9,0,False,12.5,12.25,short_burst,87
Round Robin (q=2),3.7,6.2,2.0,7.5,0.30303030303030304,14,0,False,15.45,12.25,short_burst,87
Priority,2.0,4.5,2.0,4.5,0.32786885245901637,9,0,False,12.25,12.25,short_burst,87
Adaptive,1.9,4.4,1.9,6.0,0.32786885245901637,9,0,True,12.5,12.25,short_burst,87
FCFS,1.4,3.8,1.4,5.0,0.3076923076923077,9,0,False,9.5,8.5,short_burst,88
SJF,1.2,3.6,1.2,5.0,0.3076923076923077,9,0,False,8.5,8.5,short_burst,88
Round Robin (q=2),2.0,4.4,1.25,6.0,0.29850746268656714,11,0,False,10.0,8.5,short_burst,88
Priority,1.2,3.6,1.2,5.0,0.3076923076923077,9,0,False,8.5,8.5,short_burst,88
Adaptive,1.2,3.6,1.2,5.0,0.3076923076923077,9,0,True,8.5,8.5,short_burst,88
FCFS,0.85,3.35,0.85,3.5,0.24691358024691357,9,0,False,6.0,5.8,short_burst,89
SJF,0.85,3.35,0.85,3.5,0.24691358024691357,9,0,False,6.0,5.8,short_burst,89
Round Robin (q=2),1.0,3.5,0.7,4.0,0.24691358024691357,10,0,False,5.8,5.8,short_burst,89
Priority,0.85,3.35,0.85,3.5,0.24691358024691357,9,0,False,6.0,5.8,short_burst,89
Adaptive,0.85,3.35,0.85,3.5,0.24691358024691357,9,0,True,6.0,5.8,short_burst,89
FCFS,0.9,3.3,0.9,2.5,0.2857142857142857,9,0,False,5.75,5.75,short_burst,90
SJF,0.9,3.3,0.9,2.5,0.2857142857142857,9,0,False,5.75,5.75,short_burst,90
Round Robin (q=2),0.9,3.3,0.9,2.5,0.2857142857142857,9,0,False,5.75,5.75,short_burst,90
Priority,0.9,3.3,0.9,2.5,0.2857142857142857,9,0,False,5.75,5.75,short_burst,90
Adaptive,0.9,3.3,0.9,2.5,0.2857142857142857,9,0,True,5.75,5.75,short_burst,90
FCFS,2.55,5.95,2.55,5.5,0.23809523809523808,9,0,False,15.5,15.5,short_burst,91
SJF,2.35,5.75,2.35,8.0,0.23809523809523808,9,0,False,15.75,15.5,short_burst,91
Round Robin (q=2),4.0,7.4,2.05,10.0,0.22727272727272727,13,0,False,17.2,15.5,short_burst,91
Priority,2.35,5.75,2.35,8.0,0.23809523809523808,9,0,False,15.75,15.5,short_burst,91
Adaptive,2.35,5.75,2.35,8.0,0.23809523809523808,9,0,True,15.75,15.5,short_burst,91
FCFS,0.8,3.2,0.8,2.5,0.273972602739726,9,0,False,5.25,5.25,short_burst,92
SJF,0.8,3.2,0.8,2.5,0.273972602739726,9,0,False,5.25,5.25,short_burst,92
Round Robin (q=2),1.4,3.8,0.65,5.5,0.26666666666666666,11,0,False,6.75,5.25,short_burst,92
Priority,0.8,3.2,0.8,2.5,0.273972602739726,9,0,False,5.25,5.25,short_burst,92
Adaptive,0.8,3.2,0.8,2.5,0.273972602739726,9,0,True,5.25,5.25,short_burst,92
FCFS,3.15,5.85,3.15,6.5,0.31746031746031744,9,0,False,19.0,16.0,short_burst,93
SJF,2.65,5.35,2.65,5.5,0.31746031746031744,9,0,False,16.0,16.0,short_burst,93
Round Robin (q=2),6.3,9.0,3.05,10.5,0.2857142857142857,16,0,False,23.75,16.0,short_burst,93
Priority,4.15,6.85,4.15,22.5,0.31746031746031744,9,1,False,32.0,16.0,short_burst,93
Adaptive,2.65,5.35,2.65,5.5,0.31746031746031744,9,0,True,16.0,16.0,short_burst,93
FCFS,0.8,3.8,0.8,2.0,0.23529411764705882,9,0,False,5.0,5.0,short_burst,94
SJF,0.8,3.8,0.8,2.0,0.23529411764705882,9,0,False,5.0,5.0,short_burst,94
Round Robin (q=2),1.6,4.6,0.8,5.5,0.23529411764705882,12,0,False,7.550000000000001,5.0,short_burst,94
Priority,0.8,3.8,0.8,2.0,0.23529411764705882,9,0,False,5.0,5.0,short_burst,94
Adaptive,0.8,3.8,0.8,2.0,0.23529411764705882,9,0,True,5.0,5.0,short_burst,94
FCFS,1.45,4.25,1.45,3.0,0.30303030303030304,9,0,False,8.75,8.75,short_burst,95
SJF,1.45,4.25,1.45,3.0,0.30303030303030304,9,0,False,8.75,8.75,short_burst,95
Round Robin (q=2),1.9,4.7,1.3,5.0,0.29850746268656714,11,0,False,9.6,8.75,short_burst,95
Priority,1.45,4.25,1.45,3.0,0.30303030303030304,9,0,False,8.75,8.75,short_burst,95
Adaptive,1.45,4.25,1.45,3.0,0.30303030303030304,9,0,True,8.75,8.75,short_burst,95
FCFS,0.75,3.25,0.75,2.0,0.2898550724637681,9,0,False,4.75,4.75,short_burst,96
SJF,0.75,3.25,0.75,2.0,0.2898550724637681,9,0,False,4.75,4.75,short_burst,96
Round Robin (q=2),0.85,3.35,0.65,4.0,0.2857142857142857,10,0,False,5.45,4.75,short_burst,96
Priority,0.75,3.25,0.75,2.0,0.2898550724637681,9,0,False,4.75,4.75,short_burst,96
Adaptive,0.75,3.25,0.75,2.0,0.2898550724637681,9,0,True,4.75,4.75,short_burst,96
FCFS,0.9,3.0,0.9,2.5,0.32786885245901637,9,0,False,5.75,5.2,short_burst,97
SJF,0.9,3.0,0.9,2.5,0.32786885245901637,9,0,False,5.75,5.2,short_burst,97
Round Robin (q=2),0.95,3.05,0.75,2.5,0.32786885245901637,10,0,False,5.2,5.2,short_burst,97
Priority,0.9,3.0,0.9,4.0,0.32786885245901637,9,0,False,6.5,5.2,short_burst,97
Adaptive,0.9,3.0,0.9,2.5,0.32786885245901637,9,0,True,5.75,5.2,short_burst,97
FCFS,1.9,4.3,1.9,5.5,0.25316455696202533,9,0,False,12.25,12.25,short_burst,98
SJF,1.6,4.0,1.6,9.5,0.25316455696202533,9,0,False,12.75,12.25,short_burst,98
Round Robin (q=2),3.45,5.85,1.6,9.5,0.24096385542168675,13,0,False,14.600000000000001,12.25,short_burst,98
Priority,1.9,4.3,1.9,5.5,0.25316455696202533,9,0,False,12.25,12.25,short_burst,98
Adaptive,1.6,4.0,1.6,9.5,0.25316455696202533,9,0,True,12.75,12.25,short_burst,98
FCFS,0.9,3.2,0.9,2.0,0.2898550724637681,9,0,False,5.5,5.5,short_burst,99
SJF,0.9,3.2,0.9,2.0,0.2898550724637681,9,0,False,5.5,5.5,short_burst,99
Round Robin (q=2),1.4,3.7,0.9,3.5,0.28169014084507044,11,0,False,6.75,5.5,short_burst,99
Priority,0.9,3.2,0.9,2.0,0.2898550724637681,9,0,False,5.5,5.5,short_burst,99
Adaptive,0.9,3.2,0.9,2.0,0.2898550724637681,9,0,True,5.5,5.5,short_burst,99
FCFS,0.6,2.9,0.6,1.5,0.26666666666666666,9,0,False,3.75,3.75,short_burst,100
SJF,0.6,2.9,0.6,1.5,0.26666666666666666,9,0,False,3.75,3.75,short_burst,100
Round Robin (q=2),0.6,2.9,0.6,1.5,0.26666666666666666,9,0,False,3.75,3.75,short_burst,100
Priority,0.6,2.9,0.6,1.5,0.26666666666666666,9,0,False,3.75,3.75,short_burst,100
Adaptive,0.6,2.9,0.6,1.5,0.26666666666666666,9,0,True,3.75,3.75,short_burst,100
FCFS,1.3,3.8,1.3,3.5,0.28169014084507044,9,0,False,8.25,8.25,short_burst,101
SJF,1.3,3.8,1.3,3.5,0.28169014084507044,9,0,False,8.25,8.25,short_burst,101
Round Robin (q=2),2.95,5.45,1.55,6.5,0.28169014084507044,13,0,False,12.4,8.25,short_burst,101
Priority,1.3,3.8,1.3,3.5,0.28169014084507044,9,0,False,8.25,8.25,short_burst,101
Adaptive,1.3,3.8,1.3,3.5,0.28169014084507044,9,0,True,8.25,8.25,short_burst,101
FCFS,0.95,3.65,0.95,2.5,0.2857142857142857,9,0,False,6.0,6.0,short_burst,102
SJF,0.95,3.65,0.95,2.5,0.2857142857142857,9,0,False,6.0,6.0,short_burst,102
Round Robin (q=2),0.95,3.65,0.95,2.5,0.2857142857142857,9,0,False,6.0,6.0,short_burst,102
Priority,0.95,3.65,0.95,2.5,0.2857142857142857,9,0,False,6.0,6.0,short_burst,102
Adaptive,0.95,3.65,0.95,2.5,0.2857142857142857,9,0,True,6.0,6.0,short_burst,102
FCFS,0.55,2.45,0.55,1.0,0.3389830508474576,9,0,False,3.25,3.25,short_burst,103
SJF,0.55,2.45,0.55,1.0,0.3389830508474576,9,0,False,3.25,3.25,short_burst,103
Round Robin (q=2),0.55,2.45,0.55,1.0,0.3389830508474576,9,0,False,3.25,3.25,short_burst,103
Priority,0.55,2.45,0.55,1.0,0.3389830508474576,9,0,False,3.25,3.25,short_burst,103
Adaptive,0.55,2.45,0.55,1.0,0.3389830508474576,9,0,True,3.25,3.25,short_burst,103
FCFS,1.85,4.55,1.85,5.5,0.2898550724637681,9,0,False,12.0,12.0,short_burst,104
SJF,1.75,4.45,1.75,7.5,0.2898550724637681,9,0,False,12.5,12.0,short_burst,104
Round Robin (q=2),3.5,6.2,1.6,8.5,0.2702702702702703,14,0,False,14.15,12.0,short_burst,104
Priority,1.75,4.45,1.75,7.5,0.2898550724637681,9,0,False,12.5,12.0,short_burst,104
Adaptive,1.75,4.45,1.75,7.5,0.2898550724637681,9,0,True,12.5,12.0,short_burst,104
FCFS,0.75,3.15,0.75,2.0,0.26666666666666666,9,0,False,4.75,4.75,short_burst,105
SJF,0.75,3.15,0.75,2.0,0.26666666666666666,9,0,False,4.75,4.75,short_burst,105
Round Robin (q=2),0.85,3.25,0.65,3.0,0.26666666666666666,10,0,False,4.95,4.75,short_burst,105
Priority,0.75,3.15,0.75,2.0,0.26666666666666666,9,0,False,4.75,4.75,short_burst,105
Adaptive,0.75,3.15,0.75,2.0,0.26666666666666666,9,0,True,4.75,4.75,short_burst,105
FCFS,0.7,3.2,0.7,2.0,0.2702702702702703,9,0,False,4.5,4.5,short_burst,106
SJF,0.7,3.2,0.7,2.0,0.2702702702702703,9,0,False,4.5,4.5,short_burst,106
Round Robin (q=2),0.7,3.2,0.7,2.0,0.2702702702702703,9,0,False,4.5,4.5,short_burst,106
Priority,0.7,3.2,0.7,2.0,0.2702702702702703,9,0,False,4.5,4.5,short_burst,106
Adaptive,0.7,3.2,0.7,2.0,0.2702702702702703,9,0,True,4.5,4.5,short_burst,106
FCFS,1.95,4.65,1.95,3.5,0.31746031746031744,9,0,False,11.5,11.5,short_burst,107
SJF,1.95,4.65,1.95,3.5,0.31746031746031744,9,0,False,11.5,11.5,short_burst,107
Round Robin (q=2),3.45,6.15,2.1,6.0,0.29850746268656714,13,0,False,14.850000000000001,11.5,short_burst,107
Priority,1.95,4.65,1.95,3.5,0.31746031746031744,9,0,False,11.5,11.5,short_burst,107
Adaptive,1.95,4.65,1.95,3.5,0.31746031746031744,9,0,True,11.5,11.5,short_burst,107
FCFS,3.35,6.35,3.35,6.5,0.26666666666666666,9,0,False,20.0,20.0,short_burst,108
SJF,3.15,6.15,3.15,9.0,0.26666666666666666,9,0,False,20.25,20.0,short_burst,108
Round Robin (q=2),6.55,9.55,3.05,13.0,0.24390243902439024,16,0,False,25.25,20.0,short_burst,108
Priority,3.25,6.25,3.25,7.5,0.26666666666666666,9,0,False,20.0,20.0,short_burst,108
Adaptive,3.25,6.25,3.25,6.5,0.26666666666666666,9,0,True,19.5,20.0,short_burst,108
FCFS,1.35,4.05,1.35,3.0,0.2777777777777778,9,0,False,8.25,8.25,short_burst,109
SJF,1.35,4.05,1.35,3.0,0.2777777777777778,9,0,False,8.25,8.25,short_burst,109
Round Robin (q=2),2.95,5.65,1.45,5.0,0.2597402597402597,14,0,False,11.25,8.25,short_burst,109
Priority,1.35,4.05,1.35,3.0,0.2777777777777778,9,0,False,8.25,8.25,short_burst,109
Adaptive,1.35,4.05,1.35,3.0,0.2777777777777778,9,0,True,8.25,8.25,short_burst,109
FCFS,2.65,5.55,2.65,5.0,0.273972602739726,9,0,False,15.75,15.75,short_burst,110
SJF,2.65,5.55,2.65,5.0,0.273972602739726,9,0,False,15.75,15.75,short_burst,110
Round Robin (q=2),5.5,8.4,2.95,10.5,0.25,16,0,False,22.55,15.75,short_burst,110
Priority,2.65,5.55,2.65,5.0,0.273972602739726,9,0,False,15.75,15.75,short_burst,110
Adaptive,2.65,5.55,2.65,5.0,0.273972602739726,9,0,True,15.75,15.75,short_burst,110
FCFS,1.45,4.35,1.45,5.5,0.25316455696202533,9,0,False,10.0,10.0,short_burst,111
SJF,1.35,4.25,1.35,6.5,0.25316455696202533,9,0,False,10.0,10.0,short_burst,111
Round Robin (q=2),2.25,5.15,1.1,7.0,0.24390243902439024,12,0,False,10.15,10.0,short_burst,111
Priority,1.35,4.25,1.35,6.5,0.25316455696202533,9,0,False,10.0,10.0,short_burst,111
Adaptive,1.35,4.25,1.35,6.5,0.25316455696202533,9,0,True,10.0,10.0,short_burst,111
FCFS,0.7,3.5,0.7,2.0,0.2631578947368421,9,0,False,4.5,4.45,short_burst,112
SJF,0.7,3.5,0.7,2.0,0.2631578947368421,9,0,False,4.5,4.45,short_burst,112
Round Robin (q=2),0.8,3.6,0.6,2.5,0.2597402597402597,10,0,False,4.45,4.45,short_burst,112
Priority,0.7,3.5,0.7,2.0,0.2631578947368421,9,0,False,4.5,4.45,short_burst,112
Adaptive,0.7,3.5,0.7,2.0,0.2631578947368421,9,0,True,4.5,4.45,short_burst,112
FCFS,0.5,3.2,0.5,1.0,0.23529411764705882,9,0,False,3.0,3.0,short_burst,113
SJF,0.5,3.2,0.5,1.0,0.23529411764705882,9,0,False,3.0,3.0,short_burst,113
Round Robin (q=2),0.5,3.2,0.5,1.0,0.23529411764705882,9,0,False,3.0,3.0,short_burst,113
Priority,0.5,3.2,0.5,1.0,0.23529411764705882,9,0,False,3.0,3.0,short_burst,113
Adaptive,0.5,3.2,0.5,1.0,0.23529411764705882,9,0,True,3.0,3.0,short_burst,113
FCFS,1.5,3.8,1.5,4.5,0.28169014084507044,9,0,False,9.75,9.75,short_burst,114
SJF,1.5,3.8,1.5,4.5,0.28169014084507044,9,0,False,9.75,9.75,short_burst,114
Round Robin (q=2),3.25,5.55,1.5,8.5,0.273972602739726,13,0,False,13.5,9.75,short_burst,114
Priority,1.5,3.8,1.5,4.5,0.28169014084507044,9,0,False,9.75,9.75,short_burst,114
Adaptive,1.5,3.8,1.5,4.5,0.28169014084507044,9,0,True,9.75,9.75,short_burst,114
FCFS,0.45,2.45,0.45,0.5,0.28169014084507044,9,0,False,2.5,2.5,short_burst,115
SJF,0.45,2.45,0.45,0.5,0.28169014084507044,9,0,False,2.5,2.5,short_burst,115
Round Robin (q=2),0.45,2.45,0.45,0.5,0.28169014084507044,9,0,False,2.5,2.5,short_burst,115
Priority,0.45,2.45,0.45,0.5,0.28169014084507044,9,0,False,2.5,2.5,short_burst,115
Adaptive,0.45,2.45,0.45,0.5,0.28169014084507044,9,0,True,2.5,2.5,short_burst,115
FCFS,1.5,4.1,1.5,4.5,0.2898550724637681,9,0,False,9.75,9.75,short_burst,116
SJF,1.5,4.1,1.5,4.5,0.2898550724637681,9,0,False,9.75,9.75,short_burst,116
Round Robin (q=2),2.5,5.1,1.2,7.5,0.2857142857142857,12,0,False,11.05,9.75,short_burst,116
Priority,1.5,4.1,1.5,4.5,0.2898550724637681,9,0,False,9.75,9.75,short_burst,116
Adaptive,1.5,4.1,1.5,4.5,0.2898550724637681,9,0,True,9.75,9.75,short_burst,116
FCFS,0.6,3.0,0.6,2.0,0.24096385542168675,9,0,False,4.0,4.0,short_burst,117
SJF,0.6,3.0,0.6,2.0,0.24096385542168675,9,0,False,4.0,4.0,short_burst,117
Round Robin (q=2),0.8,3.2,0.5,3.5,0.24096385542168675,10,0,False,4.55,4.0,short_burst,117
Priority,0.6,3.0,0.6,2.0,0.24096385542168675,9,0,False,4.0,4.0,short_burst,117
Adaptive,0.6,3.0,0.6,2.0,0.24096385542168675,9,0,True,4.0,4.0,short_burst,117
FCFS,0.75,3.45,0.75,3.0,0.26666666666666666,9,0,False,5.25,4.45,short_burst,118
SJF,0.75,3.45,0.75,3.0,0.26666666666666666,9,0,False,5.25,4.45,short_burst,118
Round Robin (q=2),0.8,3.5,0.6,2.5,0.26666666666666666,10,0,False,4.45,4.45,short_burst,118
Priority,0.75,3.45,0.75,3.0,0.26666666666666666,9,0,False,5.25,4.45,short_burst,118
Adaptive,0.75,3.45,0.75,3.0,0.26666666666666666,9,0,True,5.25,4.45,short_burst,118
FCFS,0.75,2.95,0.75,3.0,0.22727272727272727,9,0,False,5.25,4.800000000000001,short_burst,119
SJF,0.75,2.95,0.75,3.0,0.22727272727272727,9,0,False,5.25,4.800000000000001,short_burst,119
Round Robin (q=2),0.85,3.05,0.55,3.5,0.2247191011235955,10,0,False,4.800000000000001,4.800000000000001,short_burst,119
Priority,0.75,2.95,0.75,3.0,0.22727272727272727,9,0,False,5.25,4.800000000000001,short_burst,119
Adaptive,0.75,2.95,0.75,3.0,0.22727272727272727,9,0,True,5.25,4.800000000000001,short_burst,119
FCFS,1.8,4.3,1.8,4.0,0.28169014084507044,9,0,False,11.0,11.0,short_burst,120
SJF,1.8,4.3,1.8,4.0,0.28169014084507044,9,0,False,11.0,11.0,short_burst,120
Round Robin (q=2),3.65,6.15,1.7,8.5,0.2631578947368421,14,0,False,14.7,11.0,short_burst,120
Priority,1.8,4.3,1.8,4.0,0.28169014084507044,9,0,False,11.0,11.0,short_burst,120
Adaptive,1.8,4.3,1.8,4.0,0.28169014084507044,9,0,True,11.0,11.0,short_burst,120
FCFS,0.55,3.35,0.55,1.0,0.24096385542168675,9,0,False,3.25,3.25,short_burst,121
SJF,0.55,3.35,0.55,1.0,0.24096385542168675,9,0,False,3.25,3.25,short_burst,121
Round Robin (q=2),0.55,3.35,0.55,1.0,0.24096385542168675,9,0,False,3.25,3.25,short_burst,121
Priority,0.55,3.35,0.55,1.0,0.24096385542168675,9,0,False,3.25,3.25,short_burst,121
Adaptive,0.55,3.35,0.55,1.0,0.24096385542168675,9,0,True,3.25,3.25,short_burst,121
FCFS,1.0,3.6,1.0,2.5,0.25,9,0,False,6.25,6.25,short_burst,122
SJF,1.0,3.6,1.0,2.5,0.25,9,0,False,6.25,6.25,short_burst,122
Round Robin (q=2),1.9,4.5,0.9,4.0,0.24390243902439024,13,0,False,7.5,6.25,short_burst,122
Priority,1.0,3.6,1.0,2.5,0.25,9,0,False,6.25,6.25,short_burst,122
Adaptive,1.0,3.6,1.0,2.5,0.25,9,0,True,6.25,6.25,short_burst,122
FCFS,1.65,4.35,1.65,3.0,0.2857142857142857,9,0,False,9.75,9.75,short_burst,123
SJF,1.65,4.35,1.65,3.0,0.2857142857142857,9,0,False,9.75,9.75,short_burst,123
Round Robin (q=2),3.0,5.7,1.8,6.5,0.2777777777777778,14,0,False,13.45,9.75,short_burst,123
Priority,1.65,4.35,1.65,3.0,0.2857142857142857,9,0,False,9.75,9.75,short_burst,123
Adaptive,1.65,4.35,1.65,3.0,0.2857142857142857,9,0,True,9.75,9.75,short_burst,123
FCFS,0.8,3.5,0.8,2.0,0.2597402597402597,9,0,False,5.0,5.0,short_burst,124
SJF,0.8,3.5,0.8,2.0,0.2597402597402597,9,0,False,5.0,5.0,short_burst,124
Round Robin (q=2),0.8,3.5,0.8,2.0,0.2597402597402597,9,0,False,5.0,5.0,short_burst,124
Priority,0.8,3.5,0.8,2.0,0.2597402597402597,9,0,False,5.0,5.0,short_burst,124
Adaptive,0.8,3.5,0.8,2.0,0.2597402597402597,9,0,True,5.0,5.0,short_burst,124
FCFS,0.65,2.75,0.65,2.0,0.273972602739726,9,0,False,4.25,4.2,short_burst,125
SJF,0.65,2.75,0.65,2.0,0.273972602739726,9,0,False,4.25,4.2,short_burst,125
Round Robin (q=2),0.75,2.85,0.55,2.5,0.273972602739726,10,0,False,4.2,4.2,short_burst,125
Priority,0.65,2.75,0.65,2.0,0.273972602739726,9,0,False,4.25,4.2,short_burst,125
Adaptive,0.65,2.75,0.65,2.0,0.273972602739726,9,0,True,4.25,4.2,short_burst,125
FCFS,1.15,4.05,1.15,3.0,0.26666666666666666,9,0,False,7.25,7.0,short_burst,126
SJF,1.15,4.05,1.15,3.0,0.26666666666666666,9,0,False,7.25,7.0,short_burst,126
Round Robin (q=2),1.35,4.25,0.85,4.5,0.2631578947368421,11,0,False,7.0,7.0,short_burst,126
Priority,1.15,4.05,1.15,3.0,0.26666666666666666,9,0,False,7.25,7.0,short_burst,126
Adaptive,1.15,4.05,1.15,3.0,0.26666666666666666,9,0,True,7.25,7.0,short_burst,126
FCFS,3.3,6.2,3.3,9.5,0.26666666666666666,9,0,False,21.25,17.25,short_burst,127
SJF,2.6,5.5,2.6,8.5,0.26666666666666666,9,0,False,17.25,17.25,short_burst,127
Round Robin (q=2),5.1,8.0,2.75,12.5,0.25,14,0,False,22.35,17.25,short_burst,127
Priority,3.4,6.3,3.4,9.5,0.26666666666666666,9,0,False,21.75,17.25,short_burst,127
Adaptive,2.6,5.5,2.6,8.5,0.26666666666666666,9,0,True,17.25,17.25,short_burst,127
FCFS,0.7,3.5,0.7,2.0,0.273972602739726,9,0,False,4.5,4.45,short_burst,128
SJF,0.7,3.5,0.7,2.0,0.273972602739726,9,0,False,4.5,4.45,short_burst,128
Round Robin (q=2),0.8,3.6,0.6,2.5,0.273972602739726,10,0,False,4.45,4.45,short_burst,128
Priority,0.7,3.5,0.7,2.0,0.273972602739726,9,0,False,4.5,4.45,short_burst,128
Adaptive,0.7,3.5,0.7,2.0,0.273972602739726,9,0,True,4.5,4.45,short_burst,128
FCFS,1.3,3.3,1.3,3.0,0.31746031746031744,9,0,False,8.0,8.0,short_burst,129
SJF,1.3,3.3,1.3,3.0,0.31746031746031744,9,0,False,8.0,8.0,short_burst,129
Round Robin (q=2),2.25,4.25,1.35,4.0,0.31746031746031744,12,0,False,9.65,8.0,short_burst,129
Priority,1.3,3.3,1.3,3.0,0.31746031746031744,9,0,False,8.0,8.0,short_burst,129
Adaptive,1.3,3.3,1.3,3.0,0.31746031746031744,9,0,True,8.0,8.0,short_burst,129
FCFS,0.7,2.9,0.7,3.0,0.25,9,0,False,5.0,4.55,short_burst,130
SJF,0.7,2.9,0.7,3.0,0.25,9,0,False,5.0,4.55,short_burst,130
Round Robin (q=2),0.8,3.0,0.5,3.5,0.24691358024691357,10,0,False,4.55,4.55,short_burst,130
Priority,0.7,2.9,0.7,3.0,0.25,9,0,False,5.0,4.55,short_burst,130
Adaptive,0.7,2.9,0.7,3.0,0.25,9,0,True,5.0,4.55,short_burst,130
FCFS,4.05,6.95,4.05,7.0,0.29850746268656714,9,0,False,23.75,23.0,short_burst,131
SJF,3.75,6.65,3.75,8.5,0.29850746268656714,9,0,False,23.0,23.0,short_burst,131
Round Robin (q=2),6.4,9.3,3.75,11.5,0.273972602739726,15,0,False,27.15,23.0,short_burst,131
Priority,4.35,7.25,4.35,17.5,0.29850746268656714,9,1,False,30.5,23.0,short_burst,131
Adaptive,3.75,6.65,3.75,8.5,0.29850746268656714,9,0,True,23.0,23.0,short_burst,131
FCFS,0.7,3.0,0.7,2.5,0.3076923076923077,9,0,False,4.75,4.75,short_burst,132
SJF,0.7,3.0,0.7,2.5,0.3076923076923077,9,0,False,4.75,4.75,short_burst,132
Round Robin (q=2),0.9,3.2,0.6,4.0,0.30303030303030304,10,0,False,5.3,4.75,short_burst,132
Priority,0.7,3.0,0.7,2.5,0.3076923076923077,9,0,False,4.75,4.75,short_burst,132
Adaptive,0.7,3.0,0.7,2.5,0.3076923076923077,9,0,True,4.75,4.75,short_burst,132
FCFS,1.0,3.5,1.0,2.0,0.2898550724637681,9,0,False,6.0,6.0,short_burst,133
SJF,1.0,3.5,1.0,2.0,0.2898550724637681,9,0,False,6.0,6.0,short_burst,133
Round Robin (q=2),1.75,4.25,0.85,3.5,0.2857142857142857,13,0,False,6.9,6.0,short_burst,133
Priority,1.0,3.5,1.0,2.0,0.2898550724637681,9,0,False,6.0,6.0,short_burst,133
Adaptive,1.0,3.5,1.0,2.0,0.2898550724637681,9,0,True,6.0,6.0,short_burst,133
FCFS,1.05,3.65,1.05,2.5,0.26666666666666666,9,0,False,6.5,6.5,short_burst,134
SJF,1.05,3.65,1.05,2.5,0.26666666666666666,9,0,False,6.5,6.5,short_burst,134
Round Robin (q=2),2.55,5.15,1.0,6.5,0.25,14,0,False,9.8,6.5,short_burst,134
Priority,1.05,3.65,1.05,2.5,0.26666666666666666,9,0,False,6.5,6.5,short_burst,134
Adaptive,1.05,3.65,1.05,2.5,0.26666666666666666,9,0,True,6.5,6.5,short_burst,134
FCFS,0.45,2.65,0.45,0.5,0.273972602739726,9,0,False,2.5,2.5,short_burst,135
SJF,0.45,2.65,0.45,0.5,0.273972602739726,9,0,False,2.5,2.5,short_burst,135
Round Robin (q=2),0.45,2.65,0.45,0.5,0.273972602739726,9,0,False,2.5,2.5,short_burst,135
Priority,0.45,2.65,0.45,0.5,0.273972602739726,9,0,False,2.5,2.5,short_burst,135
Adaptive,0.45,2.65,0.45,0.5,0.273972602739726,9,0,True,2.5,2.5,short_burst,135
FCFS,0.6,2.5,0.6,1.5,0.2898550724637681,9,0,False,3.75,3.75,short_burst,136
SJF,0.6,2.5,0.6,1.5,0.2898550724637681,9,0,False,3.75,3.75,short_burst,136
Round Robin (q=2),0.6,2.5,0.6,1.5,0.2898550724637681,9,0,False,3.75,3.75,short_burst,136
Priority,0.6,2.5,0.6,1.5,0.2898550724637681,9,0,False,3.75,3.75,short_burst,136
Adaptive,0.6,2.5,0.6,1.5,0.2898550724637681,9,0,True,3.75,3.75,short_burst,136
FCFS,0.5,2.9,0.5,1.0,0.25,9,0,False,3.0,3.0,short_burst,137
SJF,0.5,2.9,0.5,1.0,0.25,9,0,False,3.0,3.0,short_burst,137
Round Robin (q=2),0.5,2.9,0.5,1.0,0.25,9,0,False,3.0,3.0,short_burst,137
Priority,0.5,2.9,0.5,1.0,0.25,9,0,False,3.0,3.0,short_burst,137
Adaptive,0.5,2.9,0.5,1.0,0.25,9,0,True,3.0,3.0,short_burst,137
FCFS,0.75,3.15,0.75,2.5,0.2898550724637681,9,0,False,5.0,5.0,short_burst,138
SJF,0.75,3.15,0.75,2.5,0.2898550724637681,9,0,False,5.0,5.0,short_burst,138
Round Robin (q=2),0.95,3.35,0.65,4.0,0.2898550724637681,10,0,False,5.55,5.0,short_burst,138
Priority,0.75,3.15,0.75,2.5,0.2898550724637681,9,0,False,5.0,5.0,short_burst,138
Adaptive,0.75,3.15,0.75,2.5,0.2898550724637681,9,0,True,5.0,5.0,short_burst,138
FCFS,0.65,2.95,0.65,1.5,0.26666666666666666,9,0,False,4.0,4.0,short_burst,139
SJF,0.65,2.95,0.65,1.5,0.26666666666666666,9,0,False,4.0,4.0,short_burst,139
Round Robin (q=2),1.15,3.45,0.65,3.0,0.26666666666666666,11,0,False,5.25,4.0,short_burst,139
Priority,0.65,2.95,0.65,1.5,0.26666666666666666,9,0,False,4.0,4.0,short_burst,139
Adaptive,0.65,2.95,0.65,1.5,0.26666666666666666,9,0,True,4.0,4.0,short_burst,139
FCFS,0.55,2.65,0.55,1.0,0.2898550724637681,9,0,False,3.25,3.25,short_burst,140
SJF,0.55,2.65,0.55,1.0,0.2898550724637681,9,0,False,3.25,3.25,short_burst,140
Round Robin (q=2),0.55,2.65,0.55,1.0,0.2898550724637681,9,0,False,3.25,3.25,short_burst,140
Priority,0.55,2.65,0.55,1.0,0.2898550724637681,9,0,False,3.25,3.25,short_burst,140
Adaptive,0.55,2.65,0.55,1.0,0.2898550724637681,9,0,True,3.25,3.25,short_burst,140
FCFS,0.65,3.65,0.65,2.0,0.2597402597402597,9,0,False,4.25,4.25,short_burst,141
SJF,0.65,3.65,0.65,2.0,0.2597402597402597,9,0,False,4.25,4.25,short_burst,141
Round Robin (q=2),0.65,3.65,0.65,2.0,0.2597402597402597,9,0,False,4.25,4.25,short_burst,141
Priority,0.65,3.65,0.65,2.0,0.2597402597402597,9,0,False,4.25,4.25,short_burst,141
Adaptive,0.65,3.65,0.65,2.0,0.2597402597402597,9,0,True,4.25,4.25,short_burst,141
FCFS,0.45,1.95,0.45,0.5,0.26666666666666666,9,0,False,2.5,2.5,short_burst,142
SJF,0.45,1.95,0.45,0.5,0.26666666666666666,9,0,False,2.5,2.5,short_burst,142
Round Robin (q=2),0.45,1.95,0.45,0.5,0.26666666666666666,9,0,False,2.5,2.5,short_burst,142
Priority,0.45,1.95,0.45,0.5,0.26666666666666666,9,0,False,2.5,2.5,short_burst,142
Adaptive,0.45,1.95,0.45,0.5,0.26666666666666666,9,0,True,2.5,2.5,short_burst,142
FCFS,2.05,5.05,2.05,4.0,0.273972602739726,9,0,False,12.25,12.25,short_burst,143
SJF,2.05,5.05,2.05,4.0,0.273972602739726,9,0,False,12.25,12.25,short_burst,143
Round Robin (q=2),4.2,7.2,1.85,8.0,0.25316455696202533,15,0,False,15.600000000000001,12.25,short_burst,143
Priority,2.05,5.05,2.05,4.0,0.273972602739726,9,0,False,12.25,12.25,short_burst,143
Adaptive,2.05,5.05,2.05,4.0,0.273972602739726,9,0,True,12.25,12.25,short_burst,143
FCFS,1.75,4.55,1.75,4.0,0.29850746268656714,9,0,False,10.75,10.75,short_burst,144
SJF,1.75,4.55,1.75,4.0,0.29850746268656714,9,0,False,10.75,10.75,short_burst,144
Round Robin (q=2),3.1,5.9,2.0,7.0,0.28169014084507044,13,0,False,14.6,10.75,short_burst,144
Priority,1.75,4.55,1.75,4.0,0.29850746268656714,9,0,False,10.75,10.75,short_burst,144
Adaptive,1.75,4.55,1.75,4.0,0.29850746268656714,9,0,True,10.75,10.75,short_burst,144
FCFS,0.8,2.9,0.8,2.5,0.3125,9,0,False,5.25,4.95,short_burst,145
SJF,0.8,2.9,0.8,2.5,0.3125,9,0,False,5.25,4.95,short_burst,145
Round Robin (q=2),0.85,2.95,0.65,3.0,0.3076923076923077,10,0,False,4.95,4.95,short_burst,145
Priority,0.8,2.9,0.8,2.5,0.3125,9,0,False,5.25,4.95,short_burst,145
Adaptive,0.8,2.9,0.8,2.5,0.3125,9,0,True,5.25,4.95,short_burst,145
FCFS,1.0,3.4,1.0,2.5,0.2857142857142857,9,0,False,6.25,6.25,short_burst,146
SJF,1.0,3.4,1.0,2.5,0.2857142857142857,9,0,False,6.25,6.25,short_burst,146
Round Robin (q=2),1.25,3.65,1.05,3.0,0.28169014084507044,10,0,False,6.95,6.25,short_burst,146
Priority,1.3,3.7,1.3,7.0,0.2857142857142857,9,0,False,10.0,6.25,short_burst,146
Adaptive,1.0,3.4,1.0,2.5,0.2857142857142857,9,0,True,6.25,6.25,short_burst,146
FCFS,0.45,2.95,0.45,0.5,0.25316455696202533,9,0,False,2.5,2.5,short_burst,147
SJF,0.45,2.95,0.45,0.5,0.25316455696202533,9,0,False,2.5,2.5,short_burst,147
Round Robin (q=2),0.45,2.95,0.45,0.5,0.25316455696202533,9,0,False,2.5,2.5,short_burst,147
Priority,0.45,2.95,0.45,0.5,0.25316455696202533,9,0,False,2.5,2.5,short_burst,147
Adaptive,0.45,2.95,0.45,0.5,0.25316455696202533,9,0,True,2.5,2.5,short_burst,147
FCFS,1.25,3.55,1.25,3.0,0.2898550724637681,9,0,False,7.75,7.75,short_burst,148
SJF,1.25,3.55,1.25,3.0,0.2898550724637681,9,0,False,7.75,7.75,short_burst,148
Round Robin (q=2),2.25,4.55,1.45,6.0,0.2898550724637681,12,0,False,11.05,7.75,short_burst,148
Priority,1.25,3.55,1.25,3.0,0.2898550724637681,9,0,False,7.75,7.75,short_burst,148
Adaptive,1.25,3.55,1.25,3.0,0.2898550724637681,9,0,True,7.75,7.75,short_burst,148
FCFS,3.25,6.05,3.25,7.5,0.273972602739726,9,0,False,20.0,18.5,short_burst,149
SJF,2.95,5.75,2.95,7.5,0.273972602739726,9,0,False,18.5,18.5,short_burst,149
Round Robin (q=2),5.55,8.35,2.55,12.0,0.25316455696202533,15,0,False,21.75,18.5,short_burst,149
Priority,3.25,6.05,3.25,9.5,0.273972602739726,9,0,False,21.0,18.5,short_burst,149
Adaptive,2.95,5.75,2.95,7.5,0.273972602739726,9,0,True,18.5,18.5,short_burst,149
FCFS,2.15,4.95,2.15,4.5,0.3076923076923077,9,0,False,13.0,13.0,short_burst,150
SJF,2.15,4.95,2.15,4.5,0.3076923076923077,9,0,False,13.0,13.0,short_burst,150
Round Robin (q=2),4.1,6.9,2.4,6.5,0.2857142857142857,14,0,False,16.95,13.0,short_burst,150
Priority,2.15,4.95,2.15,4.5,0.3076923076923077,9,0,False,13.0,13.0,short_burst,150
Adaptive,2.15,4.95,2.15,4.5,0.3076923076923077,9,0,True,13.0,13.0,short_burst,150
FCFS,2.0,4.4,2.0,4.5,0.2898550724637681,9,0,False,12.25,12.25,short_burst,151
SJF,2.0,4.4,2.0,4.5,0.2898550724637681,9,0,False,12.25,12.25,short_burst,151
Round Robin (q=2),4.25,6.65,2.2,8.5,0.2898550724637681,14,0,False,17.3,12.25,short_burst,151
Priority,2.0,4.4,2.0,4.5,0.2898550724637681,9,0,False,12.25,12.25,short_burst,151
Adaptive,2.0,4.4,2.0,4.5,0.2898550724637681,9,0,True,12.25,12.25,short_burst,151
FCFS,1.1,3.3,1.1,2.5,0.3389830508474576,9,0,False,6.75,6.75,short_burst,152
SJF,1.1,3.3,1.1,2.5,0.3389830508474576,9,0,False,6.75,6.75,short_burst,152
Round Robin (q=2),1.8,4.0,1.1,5.5,0.3333333333333333,12,0,False,8.95,6.75,short_burst,152
Priority,1.1,3.3,1.1,2.5,0.3389830508474576,9,0,False,6.75,6.75,short_burst,152
Adaptive,1.1,3.3,1.1,2.5,0.3389830508474576,9,0,True,6.75,6.75,short_burst,152
FCFS,1.95,4.75,1.95,4.0,0.28169014084507044,9,0,False,11.75,11.75,short_burst,153
SJF,1.95,4.75,1.95,4.0,0.28169014084507044,9,0,False,11.75,11.75,short_burst,153
Round Robin (q=2),3.25,6.05,2.0,7.0,0.26666666666666666,13,0,False,14.75,11.75,short_burst,153
Priority,2.05,4.85,2.05,6.5,0.28169014084507044,9,0,False,13.5,11.75,short_burst,153
Adaptive,1.95,4.75,1.95,4.0,0.28169014084507044,9,0,True,11.75,11.75,short_burst,153
FCFS,6.15,9.45,6.15,11.0,0.26666666666666666,9,0,False,36.25,32.5,short_burst,154
SJF,5.05,8.35,5.05,14.5,0.26666666666666666,9,1,False,32.5,32.5,short_burst,154
Round Robin (q=2),10.15,13.45,5.35,17.0,0.24390243902439024,16,0,False,40.05,32.5,short_burst,154
Priority,5.35,8.65,5.35,18.0,0.26666666666666666,9,1,False,35.75,32.5,short_burst,154
Adaptive,5.25,8.55,5.25,14.5,0.26666666666666666,9,1,True,33.5,32.5,short_burst,154
FCFS,2.05,4.65,2.05,6.5,0.31746031746031744,9,0,False,13.5,13.5,short_burst,155
SJF,1.95,4.55,1.95,7.5,0.31746031746031744,9,0,False,13.5,13.5,short_burst,155
Round Robin (q=2),3.1,5.7,2.0,8.5,0.29850746268656714,13,0,False,15.35,13.5,short_burst,155
Priority,2.05,4.65,2.05,6.5,0.31746031746031744,9,0,False,13.5,13.5,short_burst,155
Adaptive,1.95,4.55,1.95,7.5,0.31746031746031744,9,0,True,13.5,13.5,short_burst,155
FCFS,1.3,4.1,1.3,3.0,0.2777777777777778,9,0,False,8.0,8.0,short_burst,156
SJF,1.3,4.1,1.3,3.0,0.2777777777777778,9,0,False,8.0,8.0,short_burst,156
Round Robin (q=2),2.3,5.1,1.2,6.5,0.2631578947368421,13,0,False,10.35,8.0,short_burst,156
Priority,1.3,4.1,1.3,3.0,0.2777777777777778,9,0,False,8.0,8.0,short_burst,156
Adaptive,1.3,4.1,1.3,3.0,0.2777777777777778,9,0,True,8.0,8.0,short_burst,156
FCFS,0.95,3.15,0.95,3.5,0.3125,9,0,False,6.5,6.5,short_burst,157
SJF,0.95,3.15,0.95,3.5,0.3125,9,0,False,6.5,6.5,short_burst,157
Round Robin (q=2),1.45,3.65,0.8,4.5,0.30303030303030304,11,0,False,6.9,6.5,short_burst,157
Priority,0.95,3.15,0.95,3.5,0.3125,9,0,False,6.5,6.5,short_burst,157
Adaptive,0.95,3.15,0.95,3.5,0.3125,9,0,True,6.5,6.5,short_burst,157
FCFS,2.15,4.25,2.15,5.5,0.3333333333333333,9,0,False,13.5,11.75,short_burst,158
SJF,1.65,3.75,1.65,7.0,0.3333333333333333,9,0,False,11.75,11.75,short_burst,158
Round Robin (q=2),3.35,5.45,2.1,7.0,0.31746031746031744,13,0,False,15.25,11.75,short_burst,158
Priority,1.95,4.05,1.95,5.5,0.3333333333333333,9,0,False,12.5,11.75,short_burst,158
Adaptive,1.65,3.75,1.65,7.0,0.3333333333333333,9,0,True,11.75,11.75,short_burst,158
FCFS,0.85,3.05,0.85,3.0,0.2564102564102564,9,0,False,5.75,5.1,short_burst,159
SJF,0.85,3.05,0.85,3.0,0.2564102564102564,9,0,False,5.75,5.1,short_burst,159
Round Robin (q=2),1.15,3.35,0.55,3.5,0.25316455696202533,11,0,False,5.1,5.1,short_burst,159
Priority,0.85,3.05,0.85,3.0,0.2564102564102564,9,0,False,5.75,5.1,short_burst,159
Adaptive,0.85,3.05,0.85,3.0,0.2564102564102564,9,0,True,5.75,5.1,short_burst,159
FCFS,0.55,2.75,0.55,1.0,0.273972602739726,9,0,False,3.25,3.25,short_burst,160
SJF,0.55,2.75,0.55,1.0,0.273972602739726,9,0,False,3.25,3.25,short_burst,160
Round Robin (q=2),0.55,2.75,0.55,1.0,0.273972602739726,9,0,False,3.25,3.25,short_burst,160
Priority,0.55,2.75,0.55,1.0,0.273972602739726,9,0,False,3.25,3.25,short_burst,160
Adaptive,0.55,2.75,0.55,1.0,0.273972602739726,9,0,True,3.25,3.25,short_burst,160
FCFS,3.3,6.0,3.3,6.5,0.2597402597402597,9,0,False,19.75,18.25,short_burst,161
SJF,2.8,5.5,2.8,8.5,0.2597402597402597,9,0,False,18.25,18.25,short_burst,161
Round Robin (q=2),6.05,8.75,2.8,12.0,0.24096385542168675,15,0,False,23.25,18.25,short_burst,161
Priority,3.3,6.0,3.3,19.5,0.2597402597402597,9,1,False,26.25,18.25,short_burst,161
Adaptive,2.8,5.5,2.8,8.5,0.2597402597402597,9,0,True,18.25,18.25,short_burst,161
FCFS,3.35,6.15,3.35,8.0,0.29850746268656714,9,0,False,20.75,17.5,short_burst,162
SJF,2.65,5.45,2.65,8.5,0.29850746268656714,9,0,False,17.5,17.5,short_burst,162
Round Robin (q=2),5.2,8.0,2.95,11.0,0.2777777777777778,14,0,False,22.5,17.5,short_burst,162
Priority,2.95,5.75,2.95,12.0,0.29850746268656714,9,1,False,20.75,17.5,short_burst,162
Adaptive,2.65,5.45,2.65,8.5,0.29850746268656714,9,0,True,17.5,17.5,short_burst,162
FCFS,0.65,2.75,0.65,1.5,0.28169014084507044,9,0,False,4.0,4.0,short_burst,163
SJF,0.65,2.75,0.65,1.5,0.28169014084507044,9,0,False,4.0,4.0,short_burst,163
Round Robin (q=2),0.65,2.75,0.65,1.5,0.28169014084507044,9,0,False,4.0,4.0,short_burst,163
Priority,0.65,2.75,0.65,1.5,0.28169014084507044,9,0,False,4.0,4.0,short_burst,163
Adaptive,0.65,2.75,0.65,1.5,0.28169014084507044,9,0,True,4.0,4.0,short_burst,163
FCFS,0.65,3.05,0.65,2.0,0.2631578947368421,9,0,False,4.25,4.25,short_burst,164
SJF,0.65,3.05,0.65,2.0,0.2631578947368421,9,0,False,4.25,4.25,short_burst,164
Round Robin (q=2),0.65,3.05,0.65,2.0,0.2631578947368421,9,0,False,4.25,4.25,short_burst,164
Priority,0.65,3.05,0.65,2.0,0.2631578947368421,9,0,False,4.25,4.25,short_burst,164
Adaptive,0.65,3.05,0.65,2.0,0.2631578947368421,9,0,True,4.25,4.25,short_burst,164
FCFS,0.8,3.5,0.8,2.0,0.2564102564102564,9,0,False,5.0,5.0,short_burst,165
SJF,0.8,3.5,0.8,2.0,0.2564102564102564,9,0,False,5.0,5.0,short_burst,165
Round Robin (q=2),0.8,3.5,0.8,2.0,0.2564102564102564,9,0,False,5.0,5.0,short_burst,165
Priority,0.8,3.5,0.8,2.0,0.2564102564102564,9,0,False,5.0,5.0,short_burst,165
Adaptive,0.8,3.5,0.8,2.0,0.2564102564102564,9,0,True,5.0,5.0,short_burst,165
FCFS,1.2,3.8,1.2,2.5,0.2702702702702703,9,0,False,7.25,7.25,short_burst,166
SJF,1.2,3.8,1.2,2.5,0.2702702702702703,9,0,False,7.25,7.25,short_burst,166
Round Robin (q=2),2.5,5.1,1.0,5.0,0.2631578947368421,14,0,False,9.0,7.25,short_burst,166
Priority,1.2,3.8,1.2,2.5,0.2702702702702703,9,0,False,7.25,7.25,short_burst,166
Adaptive,1.2,3.8,1.2,2.5,0.2702702702702703,9,0,True,7.25,7.25,short_burst,166
FCFS,1.0,3.3,1.0,2.0,0.26666666666666666,9,0,False,6.0,6.0,short_burst,167
SJF,1.0,3.3,1.0,2.0,0.26666666666666666,9,0,False,6.0,6.0,short_burst,167
Round Robin (q=2),1.6,3.9,1.1,3.5,0.26666666666666666,11,0,False,7.75,6.0,short_burst,167
Priority,1.0,3.3,1.0,2.0,0.26666666666666666,9,0,False,6.0,6.0,short_burst,167
Adaptive,1.0,3.3,1.0,2.0,0.26666666666666666,9,0,True,6.0,6.0,short_burst,167
FCFS,0.9,3.2,0.9,3.0,0.2597402597402597,9,0,False,6.0,5.8,short_burst,168
SJF,0.9,3.2,0.9,3.0,0.2597402597402597,9,0,False,6.0,5.8,short_burst,168
Round Robin (q=2),1.05,3.35,0.75,3.5,0.2564102564102564,10,0,False,5.8,5.8,short_burst,168
Priority,0.9,3.2,0.9,3.0,0.2597402597402597,9,0,False,6.0,5.8,short_burst,168
Adaptive,0.9,3.2,0.9,3.0,0.2597402597402597,9,0,True,6.0,5.8,short_burst,168
FCFS,1.4,4.0,1.4,3.5,0.31746031746031744,9,0,False,8.75,8.75,short_burst,169
SJF,1.4,4.0,1.4,3.5,0.31746031746031744,9,0,False,8.75,8.75,short_burst,169
Round Robin (q=2),2.2,4.8,1.15,5.5,0.30303030303030304,12,0,False,9.55,8.75,short_burst,169
Priority,1.4,4.0,1.4,3.5,0.31746031746031744,9,0,False,8.75,8.75,short_burst,169
Adaptive,1.4,4.0,1.4,3.5,0.31746031746031744,9,0,True,8.75,8.75,short_burst,169
FCFS,1.7,4.7,1.7,4.5,0.28169014084507044,9,0,False,10.75,10.75,short_burst,170
SJF,1.7,4.7,1.7,4.5,0.28169014084507044,9,0,False,10.75,10.75,short_burst,170
Round Robin (q=2),2.5,5.5,1.6,5.5,0.273972602739726,12,0,False,11.65,10.75,short_burst,170
Priority,1.7,4.7,1.7,4.5,0.28169014084507044,9,0,False,10.75,10.75,short_burst,170
Adaptive,1.7,4.7,1.7,4.5,0.28169014084507044,9,0,True,10.75,10.75,short_burst,170
FCFS,0.5,2.8,0.5,1.0,0.273972602739726,9,0,False,3.0,3.0,short_burst,171
SJF,0.5,2.8,0.5,1.0,0.273972602739726,9,0,False,3.0,3.0,short_burst,171
Round Robin (q=2),0.5,2.8,0.5,1.0,0.273972602739726,9,0,False,3.0,3.0,short_burst,171
Priority,0.5,2.8,0.5,1.0,0.273972602739726,9,0,False,3.0,3.0,short_burst,171
Adaptive,0.5,2.8,0.5,1.0,0.273972602739726,9,0,True,3.0,3.0,short_burst,171
FCFS,1.6,4.2,1.6,5.0,0.273972602739726,9,0,False,10.5,10.0,short_burst,172
SJF,1.4,4.0,1.4,6.0,0.273972602739726,9,0,False,10.0,10.0,short_burst,172
Round Robin (q=2),2.4,5.0,1.35,7.0,0.273972602739726,12,0,False,11.3,10.0,short_burst,172
Priority,1.6,4.2,1.6,5.0,0.273972602739726,9,0,False,10.5,10.0,short_burst,172
Adaptive,1.4,4.0,1.4,6.0,0.273972602739726,9,0,True,10.0,10.0,short_burst,172
FCFS,1.1,3.9,1.1,2.5,0.2898550724637681,9,0,False,6.75,6.75,short_burst,173
SJF,1.1,3.9,1.1,2.5,0.2898550724637681,9,0,False,6.75,6.75,short_burst,173
Round Robin (q=2),2.35,5.15,1.35,4.0,0.2898550724637681,13,0,False,9.75,6.75,short_burst,173
Priority,1.1,3.9,1.1,2.5,0.2898550724637681,9,0,False,6.75,6.75,short_burst,173
Adaptive,1.1,3.9,1.1,2.5,0.2898550724637681,9,0,True,6.75,6.75,short_burst,173
FCFS,2.05,4.95,2.05,5.0,0.28169014084507044,9,0,False,12.75,10.75,short_burst,174
SJF,1.75,4.65,1.75,4.0,0.28169014084507044,9,0,False,10.75,10.75,short_burst,174
Round Robin (q=2),3.6,6.5,2.05,8.0,0.2631578947368421,14,0,False,15.799999999999999,10.75,short_burst,174
Priority,2.05,4.95,2.05,5.0,0.28169014084507044,9,0,False,12.75,10.75,short_burst,174
Adaptive,1.75,4.65,1.75,4.0,0.28169014084507044,9,0,True,10.75,10.75,short_burst,174
FCFS,1.65,4.65,1.65,5.0,0.2631578947368421,9,0,False,10.75,8.75,short_burst,175
SJF,1.35,4.35,1.35,4.0,0.2631578947368421,9,0,False,8.75,8.75,short_burst,175
Round Robin (q=2),2.9,5.9,1.35,5.5,0.2564102564102564,14,0,False,11.05,8.75,short_burst,175
Priority,1.65,4.65,1.65,5.0,0.2631578947368421,9,0,False,10.75,8.75,short_burst,175
Adaptive,1.35,4.35,1.35,4.0,0.2631578947368421,9,0,True,8.75,8.75,short_burst,175
FCFS,0.7,3.5,0.7,2.0,0.2597402597402597,9,0,False,4.5,4.5,short_burst,176
SJF,0.7,3.5,0.7,2.0,0.2597402597402597,9,0,False,4.5,4.5,short_burst,176
Round Robin (q=2),0.7,3.5,0.7,2.0,0.2597402597402597,9,0,False,4.5,4.5,short_burst,176
Priority,0.7,3.5,0.7,2.0,0.2597402597402597,9,0,False,4.5,4.5,short_burst,176
Adaptive,0.7,3.5,0.7,2.0,0.2597402597402597,9,0,True,4.5,4.5,short_burst,176
FCFS,1.9,5.1,1.9,4.0,0.26666666666666666,9,0,False,11.5,11.5,short_burst,177
SJF,1.9,5.1,1.9,4.0,0.26666666666666666,9,0,False,11.5,11.5,short_burst,177
Round Robin (q=2),2.4,5.6,1.6,6.0,0.2597402597402597,12,0,False,11.8,11.5,short_burst,177
Priority,1.9,5.1,1.9,4.0,0.26666666666666666,9,0,False,11.5,11.5,short_burst,177
Adaptive,1.9,5.1,1.9,4.0,0.26666666666666666,9,0,True,11.5,11.5,short_burst,177
FCFS,1.2,3.8,1.2,3.0,0.273972602739726,9,0,False,7.5,7.5,short_burst,178
SJF,1.2,3.8,1.2,3.0,0.273972602739726,9,0,False,7.5,7.5,short_burst,178
Round Robin (q=2),1.5,4.1,1.0,4.0,0.273972602739726,11,0,False,7.5,7.5,short_burst,178
Priority,1.2,3.8,1.2,3.0,0.273972602739726,9,0,False,7.5,7.5,short_burst,178
Adaptive,1.2,3.8,1.2,3.0,0.273972602739726,9,0,True,7.5,7.5,short_burst,178
FCFS,0.9,3.2,0.9,2.5,0.29850746268656714,9,0,False,5.75,5.75,short_burst,179
SJF,0.9,3.2,0.9,2.5,0.29850746268656714,9,0,False,5.75,5.75,short_burst,179
Round Robin (q=2),2.45,4.75,1.2,5.5,0.29850746268656714,13,0,False,10.0,5.75,short_burst,179
Priority,0.9,3.2,0.9,2.5,0.29850746268656714,9,0,False,5.75,5.75,short_burst,179
Adaptive,0.9,3.2,0.9,2.5,0.29850746268656714,9,0,True,5.75,5.75,short_burst,179
FCFS,0.75,2.65,0.75,1.5,0.273972602739726,9,0,False,4.5,4.5,short_burst,180
SJF,0.75,2.65,0.75,1.5,0.273972602739726,9,0,False,4.5,4.5,short_burst,180
Round Robin (q=2),0.85,2.75,0.65,3.0,0.273972602739726,10,0,False,4.95,4.5,short_burst,180
Priority,0.75,2.65,0.75,1.5,0.273972602739726,9,0,False,4.5,4.5,short_burst,180
Adaptive,0.75,2.65,0.75,1.5,0.273972602739726,9,0,True,4.5,4.5,short_burst,180
FCFS,0.45,2.75,0.45,0.5,0.23529411764705882,9,0,False,2.5,2.5,short_burst,181
SJF,0.45,2.75,0.45,0.5,0.23529411764705882,9,0,False,2.5,2.5,short_burst,181
Round Robin (q=2),0.45,2.75,0.45,0.5,0.23529411764705882,9,0,False,2.5,2.5,short_burst,181
Priority,0.45,2.75,0.45,0.5,0.23529411764705882,9,0,False,2.5,2.5,short_burst,181
Adaptive,0.45,2.75,0.45,0.5,0.23529411764705882,9,0,True,2.5,2.5,short_burst,181
FCFS,0.7,2.7,0.7,3.0,0.3076923076923077,9,0,False,5.0,4.2,short_burst,182
SJF,0.7,2.7,0.7,3.0,0.3076923076923077,9,0,False,5.0,4.2,short_burst,182
Round Robin (q=2),0.75,2.75,0.55,2.5,0.3076923076923077,10,0,False,4.2,4.2,short_burst,182
Priority,0.7,2.7,0.7,3.0,0.3076923076923077,9,0,False,5.0,4.2,short_burst,182
Adaptive,0.7,2.7,0.7,3.0,0.3076923076923077,9,0,True,5.0,4.2,short_burst,182
FCFS,0.7,2.3,0.7,2.0,0.32786885245901637,9,0,False,4.5,4.5,short_burst,183
SJF,0.7,2.3,0.7,2.0,0.32786885245901637,9,0,False,4.5,4.5,short_burst,183
Round Robin (q=2),0.85,2.45,0.65,2.5,0.32786885245901637,10,0,False,4.7,4.5,short_burst,183
Priority,0.7,2.3,0.7,2.0,0.32786885245901637,9,0,False,4.5,4.5,short_burst,183
Adaptive,0.7,2.3,0.7,2.0,0.32786885245901637,9,0,True,4.5,4.5,short_burst,183
FCFS,1.35,4.05,1.35,3.5,0.2857142857142857,9,0,False,8.5,8.5,short_burst,184
SJF,1.35,4.05,1.35,3.5,0.2857142857142857,9,0,False,8.5,8.5,short_burst,184
Round Robin (q=2),2.35,5.05,1.15,5.5,0.273972602739726,13,0,False,9.7,8.5,short_burst,184
Priority,1.35,4.05,1.35,3.5,0.2857142857142857,9,0,False,8.5,8.5,short_burst,184
Adaptive,1.35,4.05,1.35,3.5,0.2857142857142857,9,0,True,8.5,8.5,short_burst,184
FCFS,0.9,3.4,0.9,2.5,0.28169014084507044,9,0,False,5.75,5.75,short_burst,185
SJF,0.9,3.4,0.9,2.5,0.28169014084507044,9,0,False,5.75,5.75,short_burst,185
Round Robin (q=2),1.9,4.4,1.1,4.0,0.28169014084507044,12,0,False,8.3,5.75,short_burst,185
Priority,0.9,3.4,0.9,2.5,0.28169014084507044,9,0,False,5.75,5.75,short_burst,185
Adaptive,0.9,3.4,0.9,2.5,0.28169014084507044,9,0,True,5.75,5.75,short_burst,185
FCFS,0.6,2.3,0.6,2.0,0.2898550724637681,9,0,False,4.0,4.0,short_burst,186
SJF,0.6,2.3,0.6,2.0,0.2898550724637681,9,0,False,4.0,4.0,short_burst,186
Round Robin (q=2),0.6,2.3,0.6,2.0,0.2898550724637681,9,0,False,4.0,4.0,short_burst,186
Priority,0.6,2.3,0.6,2.0,0.2898550724637681,9,0,False,4.0,4.0,short_burst,186
Adaptive,0.6,2.3,0.6,2.0,0.2898550724637681,9,0,True,4.0,4.0,short_burst,186
FCFS,2.65,5.75,2.65,4.5,0.2777777777777778,9,0,False,15.5,15.5,short_burst,187
SJF,2.65,5.75,2.65,4.5,0.2777777777777778,9,0,False,15.5,15.5,short_burst,187
Round Robin (q=2),4.65,7.75,2.85,9.0,0.2597402597402597,14,0,False,20.55,15.5,short_burst,187
Priority,2.65,5.75,2.65,4.5,0.2777777777777778,9,0,False,15.5,15.5,short_burst,187
Adaptive,2.65,5.75,2.65,4.5,0.2777777777777778,9,0,True,15.5,15.5,short_burst,187
FCFS,2.1,4.7,2.1,6.5,0.273972602739726,9,0,False,13.75,12.75,short_burst,188
SJF,1.9,4.5,1.9,6.5,0.273972602739726,9,0,False,12.75,12.75,short_burst,188
Round Robin (q=2),3.05,5.65,1.55,9.5,0.2631578947368421,13,0,False,14.0,12.75,short_burst,188
Priority,1.9,4.5,1.9,6.5,0.273972602739726,9,0,False,12.75,12.75,short_burst,188
Adaptive,1.9,4.5,1.9,6.5,0.273972602739726,9,0,True,12.75,12.75,short_burst,188
FCFS,1.4,3.6,1.4,4.0,0.3333333333333333,9,0,False,9.0,9.0,short_burst,189
SJF,1.4,3.6,1.4,4.0,0.3333333333333333,9,0,False,9.0,9.0,short_burst,189
Round Robin (q=2),2.5,4.7,1.25,4.0,0.3225806451612903,13,0,False,9.5,9.0,short_burst,189
Priority,1.5,3.7,1.5,6.5,0.3333333333333333,9,0,False,10.75,9.0,short_burst,189
Adaptive,1.4,3.6,1.4,4.0,0.3333333333333333,9,0,True,9.0,9.0,short_burst,189
FCFS,1.0,3.2,1.0,2.0,0.2777777777777778,9,0,False,6.0,6.0,short_burst,190
SJF,1.0,3.2,1.0,2.0,0.2777777777777778,9,0,False,6.0,6.0,short_burst,190
Round Robin (q=2),1.7,3.9,0.9,3.5,0.273972602739726,12,0,False,7.05,6.0,short_burst,190
Priority,1.0,3.2,1.0,2.0,0.2777777777777778,9,0,False,6.0,6.0,short_burst,190
Adaptive,1.0,3.2,1.0,2.0,0.2777777777777778,9,0,True,6.0,6.0,short_burst,190
FCFS,1.4,4.1,1.4,2.5,0.2898550724637681,9,0,False,8.25,8.25,short_burst,191
SJF,1.4,4.1,1.4,2.5,0.2898550724637681,9,0,False,8.25,8.25,short_burst,191
Round Robin (q=2),2.45,5.15,1.3,6.0,0.2857142857142857,13,0,False,10.65,8.25,short_burst,191
Priority,1.4,4.1,1.4,2.5,0.2898550724637681,9,0,False,8.25,8.25,short_burst,191
Adaptive,1.4,4.1,1.4,2.5,0.2898550724637681,9,0,True,8.25,8.25,short_burst,191
FCFS,2.85,5.95,2.85,5.5,0.2631578947368421,9,0,False,17.0,16.75,short_burst,192
SJF,2.45,5.55,2.45,9.0,0.2631578947368421,9,0,False,16.75,16.75,short_burst,192
Round Robin (q=2),5.1,8.2,2.65,11.5,0.24691358024691357,14,0,False,21.45,16.75,short_burst,192
Priority,2.45,5.55,2.45,9.0,0.2631578947368421,9,0,False,16.75,16.75,short_burst,192
Adaptive,2.45,5.55,2.45,9.0,0.2631578947368421,9,0,True,16.75,16.75,short_burst,192
FCFS,0.45,2.75,0.45,0.5,0.24691358024691357,9,0,False,2.5,2.5,short_burst,193
SJF,0.45,2.75,0.45,0.5,0.24691358024691357,9,0,False,2.5,2.5,short_burst,193
Round Robin (q=2),0.45,2.75,0.45,0.5,0.24691358024691357,9,0,False,2.5,2.5,short_burst,193
Priority,0.45,2.75,0.45,0.5,0.24691358024691357,9,0,False,2.5,2.5,short_burst,193
Adaptive,0.45,2.75,0.45,0.5,0.24691358024691357,9,0,True,2.5,2.5,short_burst,193
FCFS,0.8,3.6,0.8,2.0,0.2564102564102564,9,0,False,5.0,5.0,short_burst,194
SJF,0.8,3.6,0.8,2.0,0.2564102564102564,9,0,False,5.0,5.0,short_burst,194
Round Robin (q=2),0.8,3.6,0.8,2.0,0.2564102564102564,9,0,False,5.0,5.0,short_burst,194
Priority,0.8,3.6,0.8,2.0,0.2564102564102564,9,0,False,5.0,5.0,short_burst,194
Adaptive,0.8,3.6,0.8,2.0,0.2564102564102564,9,0,True,5.0,5.0,short_burst,194
FCFS,0.65,2.65,0.65,1.5,0.3076923076923077,9,0,False,4.0,4.0,short_burst,195
SJF,0.65,2.65,0.65,1.5,0.3076923076923077,9,0,False,4.0,4.0,short_burst,195
Round Robin (q=2),0.65,2.65,0.65,1.5,0.3076923076923077,9,0,False,4.0,4.0,short_burst,195
Priority,0.65,2.65,0.65,1.5,0.3076923076923077,9,0,False,4.0,4.0,short_burst,195
Adaptive,0.65,2.65,0.65,1.5,0.3076923076923077,9,0,True,4.0,4.0,short_burst,195
FCFS,1.6,4.2,1.6,5.0,0.2564102564102564,9,0,False,10.5,10.5,short_burst,196
SJF,1.5,4.1,1.5,8.0,0.2564102564102564,9,0,False,11.5,10.5,short_burst,196
Round Robin (q=2),3.1,5.7,1.2,8.5,0.24390243902439024,14,0,False,12.15,10.5,short_burst,196
Priority,1.6,4.2,1.6,5.0,0.2564102564102564,9,0,False,10.5,10.5,short_burst,196
Adaptive,1.6,4.2,1.6,5.0,0.2564102564102564,9,0,True,10.5,10.5,short_burst,196
FCFS,1.75,4.65,1.75,4.0,0.273972602739726,9,0,False,10.75,10.75,short_burst,197
SJF,1.75,4.65,1.75,4.0,0.273972602739726,9,0,False,10.75,10.75,short_burst,197
Round Robin (q=2),2.2,5.1,1.6,5.0,0.26666666666666666,11,0,False,11.100000000000001,10.75,short_burst,197
Priority,1.75,4.65,1.75,4.0,0.273972602739726,9,0,False,10.75,10.75,short_burst,197
Adaptive,1.75,4.65,1.75,4.0,0.273972602739726,9,0,True,10.75,10.75,short_burst,197
FCFS,1.0,3.9,1.0,3.5,0.273972602739726,9,0,False,6.75,6.2,short_burst,198
SJF,1.0,3.9,1.0,3.5,0.273972602739726,9,0,False,6.75,6.2,short_burst,198
Round Robin (q=2),1.0,3.9,0.8,4.0,0.2702702702702703,10,0,False,6.2,6.2,short_burst,198
Priority,1.0,3.9,1.0,3.5,0.273972602739726,9,0,False,6.75,6.2,short_burst,198
Adaptive,1.0,3.9,1.0,3.5,0.273972602739726,9,0,True,6.75,6.2,short_burst,198
FCFS,0.95,4.15,0.95,2.5,0.24096385542168675,9,0,False,6.0,6.0,short_burst,199
SJF,0.95,4.15,0.95,2.5,0.24096385542168675,9,0,False,6.0,6.0,short_burst,199
Round Robin (q=2),1.75,4.95,0.85,6.0,0.24096385542168675,12,0,False,8.15,6.0,short_burst,199
Priority,0.95,4.15,0.95,2.5,0.24096385542168675,9,0,False,6.0,6.0,short_burst,199
Adaptive,0.95,4.15,0.95,2.5,0.24096385542168675,9,0,True,6.0,6.0,short_burst,199
FCFS,10.65,13.15,10.65,22.5,0.3389830508474576,9,0,False,64.5,59.0,interactive,0
SJF,9.55,12.05,9.55,22.5,0.3389830508474576,9,0,False,59.0,59.0,interactive,0
Round Robin (q=2),15.45,17.95,8.7,25.0,0.3125,14,0,False,62.75,59.0,interactive,0
Priority,10.95,13.45,10.95,25.5,0.3389830508474576,9,1,False,67.5,59.0,interactive,0
Adaptive,9.65,12.15,9.65,22.5,0.3389830508474576,9,0,True,59.5,59.0,interactive,0
FCFS,9.25,11.25,9.25,19.5,0.40816326530612246,9,0,False,56.0,49.5,interactive,1
SJF,8.05,10.05,8.05,18.5,0.40816326530612246,9,0,False,49.5,49.5,interactive,1
Round Robin (q=2),11.3,13.3,8.25,20.0,0.38461538461538464,12,0,False,54.3,49.5,interactive,1
Priority,10.05,12.05,10.05,20.5,0.40816326530612246,9,0,False,60.5,49.5,interactive,1
Adaptive,8.05,10.05,8.05,18.5,0.40816326530612246,9,0,True,49.5,49.5,interactive,1
FCFS,7.75,9.95,7.75,16.5,0.37735849056603776,9,0,False,47.0,41.0,interactive,2
SJF,6.55,8.75,6.55,16.5,0.37735849056603776,9,2,False,41.0,41.0,interactive,2
Round Robin (q=2),11.95,14.15,6.0,20.5,0.3448275862068966,14,0,False,46.2,41.0,interactive,2
Priority,7.15,9.35,7.15,17.5,0.37735849056603776,9,2,False,44.5,41.0,interactive,2
Adaptive,6.85,9.05,6.85,16.5,0.37735849056603776,9,1,True,42.5,41.0,interactive,2
FCFS,11.35,13.65,11.35,22.5,0.36363636363636365,9,0,False,68.0,54.5,interactive,3
SJF,8.85,11.15,8.85,20.5,0.36363636363636365,9,0,False,54.5,54.5,interactive,3
Round Robin (q=2),15.45,17.75,9.45,23.0,0.3333333333333333,14,0,False,64.75,54.5,interactive,3
Priority,11.95,14.25,11.95,22.5,0.36363636363636365,9,0,False,71.0,54.5,interactive,3
Adaptive,8.85,11.15,8.85,20.5,0.36363636363636365,9,0,True,54.5,54.5,interactive,3
FCFS,8.35,10.25,8.35,16.5,0.425531914893617,9,0,False,50.0,43.0,interactive,4
SJF,6.85,8.75,6.85,17.5,0.425531914893617,9,1,False,43.0,43.0,interactive,4
Round Robin (q=2),9.5,11.4,7.55,18.5,0.40816326530612246,11,0,False,48.95,43.0,interactive,4
Priority,8.15,10.05,8.15,20.5,0.425531914893617,9,1,False,51.0,43.0,interactive,4
Adaptive,6.85,8.75,6.85,17.5,0.425531914893617,9,1,True,43.0,43.0,interactive,4
FCFS,9.35,11.25,9.35,17.5,0.425531914893617,9,0,False,55.5,42.0,interactive,5
SJF,6.75,8.65,6.75,16.5,0.425531914893617,9,2,False,42.0,42.0,interactive,5
Round Robin (q=2),11.05,12.95,8.45,18.5,0.4,12,0,False,54.099999999999994,42.0,interactive,5
Priority,7.85,9.75,7.85,17.0,0.425531914893617,9,1,False,47.75,42.0,interactive,5
Adaptive,6.85,8.75,6.85,16.5,0.425531914893617,9,1,True,42.5,42.0,interactive,5
FCFS,7.35,9.15,7.35,15.5,0.4444444444444444,9,0,False,44.5,38.0,interactive,6
SJF,6.05,7.85,6.05,15.5,0.4444444444444444,9,1,False,38.0,38.0,interactive,6
Round Robin (q=2),8.8,10.6,6.35,18.0,0.425531914893617,11,1,False,43.2,38.0,interactive,6
Priority,7.55,9.35,7.55,15.5,0.4444444444444444,9,0,False,45.5,38.0,interactive,6
Adaptive,6.15,7.95,6.15,15.5,0.4444444444444444,9,1,True,38.5,38.0,interactive,6
FCFS,9.35,11.45,9.35,21.5,0.39215686274509803,9,0,False,57.5,54.5,interactive,7
SJF,8.75,10.85,8.75,21.5,0.39215686274509803,9,0,False,54.5,54.5,interactive,7
Round Robin (q=2),12.7,14.8,8.15,24.0,0.35714285714285715,14,0,False,57.3,54.5,interactive,7
Priority,10.85,12.95,10.85,21.5,0.39215686274509803,9,0,False,65.0,54.5,interactive,7
Adaptive,8.75,10.85,8.75,21.5,0.39215686274509803,9,0,True,54.5,54.5,interactive,7
FCFS,7.95,9.75,7.95,15.5,0.4444444444444444,9,0,False,47.5,44.0,interactive,8
SJF,7.25,9.05,7.25,15.5,0.4444444444444444,9,0,False,44.0,44.0,interactive,8
Round Robin (q=2),8.15,9.95,7.85,16.0,0.43478260869565216,10,0,False,47.55,44.0,interactive,8
Priority,7.75,9.55,7.75,18.5,0.4444444444444444,9,1,False,48.0,44.0,interactive,8
Adaptive,7.25,9.05,7.25,15.5,0.4444444444444444,9,0,True,44.0,44.0,interactive,8
FCFS,10.35,12.65,10.35,20.5,0.36363636363636365,9,0,False,62.0,53.0,interactive,9
SJF,8.55,10.85,8.55,20.5,0.36363636363636365,9,0,False,53.0,53.0,interactive,9
Round Robin (q=2),14.85,17.15,8.55,23.5,0.32786885245901637,15,0,False,60.800000000000004,53.0,interactive,9
Priority,9.45,11.75,9.45,20.5,0.36363636363636365,9,0,False,57.5,53.0,interactive,9
Adaptive,8.55,10.85,8.55,20.5,0.36363636363636365,9,0,True,53.0,53.0,interactive,9
FCFS,7.95,9.95,7.95,15.5,0.40816326530612246,9,0,False,47.5,42.0,interactive,10
SJF,6.85,8.85,6.85,15.5,0.40816326530612246,9,0,False,42.0,42.0,interactive,10
Round Robin (q=2),9.7,11.7,7.05,19.0,0.38461538461538464,12,0,False,47.4,42.0,interactive,10
Priority,8.75,10.75,8.75,20.5,0.40816326530612246,9,3,False,54.0,42.0,interactive,10
Adaptive,6.95,8.95,6.95,15.5,0.40816326530612246,9,0,True,42.5,42.0,interactive,10
FCFS,10.15,12.35,10.15,21.5,0.37735849056603776,9,0,False,61.5,50.5,interactive,11
SJF,8.15,10.35,8.15,19.5,0.37735849056603776,9,0,False,50.5,50.5,interactive,11
Round Robin (q=2),14.9,17.1,8.0,22.5,0.3389830508474576,15,0,False,58.15,50.5,interactive,11
Priority,9.15,11.35,9.15,19.5,0.37735849056603776,9,0,False,55.5,50.5,interactive,11
Adaptive,8.15,10.35,8.15,19.5,0.37735849056603776,9,0,True,50.5,50.5,interactive,11
FCFS,10.15,12.35,10.15,22.5,0.37735849056603776,9,0,False,62.0,54.0,interactive,12
SJF,8.65,10.85,8.65,21.5,0.37735849056603776,9,0,False,54.0,54.0,interactive,12
Round Robin (q=2),12.95,15.15,8.75,23.5,0.3508771929824561,13,0,False,59.7,54.0,interactive,12
Priority,10.25,12.45,10.25,21.5,0.37735849056603776,9,0,False,62.0,54.0,interactive,12
Adaptive,8.65,10.85,8.65,21.5,0.37735849056603776,9,0,True,54.0,54.0,interactive,12
FCFS,12.25,14.25,12.25,21.5,0.40816326530612246,9,0,False,72.0,55.0,interactive,13
SJF,8.85,10.85,8.85,21.5,0.40816326530612246,9,0,False,55.0,55.0,interactive,13
Round Robin (q=2),15.05,17.05,10.25,23.0,0.38461538461538464,12,0,False,67.55,55.0,interactive,13
Priority,12.45,14.45,12.45,23.5,0.40816326530612246,9,0,False,74.0,55.0,interactive,13
Adaptive,8.85,10.85,8.85,21.5,0.40816326530612246,9,0,True,55.0,55.0,interactive,13
FCFS,8.95,10.75,8.95,15.5,0.4444444444444444,9,0,False,52.5,39.0,interactive,14
SJF,5.95,7.75,5.95,18.5,0.4444444444444444,9,2,False,39.0,39.0,interactive,14
Round Robin (q=2),10.6,12.4,8.25,19.5,0.425531914893617,11,0,False,53.35,39.0,interactive,14
Priority,7.85,9.65,7.85,16.5,0.4444444444444444,9,1,False,47.5,39.0,interactive,14
Adaptive,6.15,7.95,6.15,16.0,0.4444444444444444,9,2,True,38.75,39.0,interactive,14
FCFS,5.25,6.75,5.25,11.5,0.5128205128205128,9,0,False,32.0,28.0,interactive,15
SJF,4.55,6.05,4.55,10.5,0.5128205128205128,9,0,False,28.0,28.0,interactive,15
Round Robin (q=2),5.35,6.85,5.15,11.0,0.5,10,0,False,31.450000000000003,28.0,interactive,15
Priority,5.35,6.85,5.35,13.5,0.5128205128205128,9,1,False,33.5,28.0,interactive,15
Adaptive,4.75,6.25,4.75,10.5,0.5128205128205128,9,0,True,29.0,28.0,interactive,15
FCFS,6.15,7.75,6.15,12.5,0.4878048780487805,9,0,False,37.0,29.5,interactive,16
SJF,4.55,6.15,4.55,13.5,0.4878048780487805,9,2,False,29.5,29.5,interactive,16
Round Robin (q=2),6.5,8.1,5.75,14.0,0.47619047619047616,10,1,False,36.5,29.5,interactive,16
Priority,6.25,7.85,6.25,15.0,0.4878048780487805,9,1,False,38.75,29.5,interactive,16
Adaptive,4.95,6.55,4.95,13.5,0.4878048780487805,9,1,True,31.5,29.5,interactive,16
FCFS,6.95,8.85,6.95,16.5,0.425531914893617,9,0,False,43.0,39.0,interactive,17
SJF,6.15,8.05,6.15,16.5,0.425531914893617,9,0,False,39.0,39.0,interactive,17
Round Robin (q=2),8.4,10.3,6.25,18.0,0.4,12,0,False,42.4,39.0,interactive,17
Priority,8.05,9.95,8.05,17.5,0.425531914893617,9,0,False,49.0,39.0,interactive,17
Adaptive,6.15,8.05,6.15,16.5,0.425531914893617,9,0,True,39.0,39.0,interactive,17
FCFS,7.65,9.85,7.65,18.5,0.37735849056603776,9,0,False,47.5,43.0,interactive,18
SJF,6.75,8.95,6.75,18.5,0.37735849056603776,9,0,False,43.0,43.0,interactive,18
Round Robin (q=2),11.35,13.55,6.15,21.0,0.3448275862068966,14,0,False,46.45,43.0,interactive,18
Priority,7.35,9.55,7.35,18.5,0.37735849056603776,9,1,False,46.0,43.0,interactive,18
Adaptive,6.75,8.95,6.75,18.5,0.37735849056603776,9,0,True,43.0,43.0,interactive,18
FCFS,10.25,12.55,10.25,20.5,0.36363636363636365,9,0,False,61.5,53.0,interactive,19
SJF,8.55,10.85,8.55,20.5,0.36363636363636365,9,0,False,53.0,53.0,interactive,19
Round Robin (q=2),13.55,15.85,9.15,23.0,0.3333333333333333,14,0,False,61.650000000000006,53.0,interactive,19
Priority,10.55,12.85,10.55,21.5,0.36363636363636365,9,0,False,63.5,53.0,interactive,19
Adaptive,8.55,10.85,8.55,20.5,0.36363636363636365,9,0,True,53.0,53.0,interactive,19
FCFS,8.95,11.05,8.95,17.5,0.39215686274509803,9,0,False,53.5,49.25,interactive,20
SJF,8.05,10.15,8.05,18.0,0.39215686274509803,9,1,False,49.25,49.25,interactive,20
Round Robin (q=2),9.9,12.0,8.45,18.0,0.38461538461538464,10,0,False,52.699999999999996,49.25,interactive,20
Priority,9.35,11.45,9.35,21.5,0.39215686274509803,9,2,False,57.5,49.25,interactive,20
Adaptive,8.15,10.25,8.15,17.5,0.39215686274509803,9,0,True,49.5,49.25,interactive,20
FCFS,8.95,11.15,8.95,17.5,0.37735849056603776,9,0,False,53.5,45.0,interactive,21
SJF,7.25,9.45,7.25,17.5,0.37735849056603776,9,0,False,45.0,45.0,interactive,21
Round Robin (q=2),12.55,14.75,7.25,20.5,0.3448275862068966,14,0,False,51.8,45.0,interactive,21
Priority,8.85,11.05,8.85,19.5,0.37735849056603776,9,0,False,54.0,45.0,interactive,21
Adaptive,7.35,9.55,7.35,17.5,0.37735849056603776,9,0,True,45.5,45.0,interactive,21
FCFS,6.15,7.95,6.15,15.5,0.4444444444444444,9,0,False,38.5,33.5,interactive,22
SJF,5.15,6.95,5.15,15.5,0.4444444444444444,9,1,False,33.5,33.5,interactive,22
Round Robin (q=2),8.05,9.85,5.15,17.0,0.4166666666666667,12,1,False,37.150000000000006,33.5,interactive,22
Priority,6.05,7.85,6.05,16.5,0.4444444444444444,9,1,False,38.5,33.5,interactive,22
Adaptive,5.15,6.95,5.15,15.5,0.4444444444444444,9,1,True,33.5,33.5,interactive,22
FCFS,6.45,8.25,6.45,13.5,0.4444444444444444,9,0,False,39.0,34.0,interactive,23
SJF,5.45,7.25,5.45,13.5,0.4444444444444444,9,1,False,34.0,34.0,interactive,23
Round Robin (q=2),7.25,9.05,5.95,16.0,0.425531914893617,11,1,False,39.05,34.0,interactive,23
Priority,6.55,8.35,6.55,16.5,0.4444444444444444,9,1,False,41.0,34.0,interactive,23
Adaptive,5.45,7.25,5.45,13.5,0.4444444444444444,9,1,True,34.0,34.0,interactive,23
FCFS,11.75,13.95,11.75,21.5,0.37735849056603776,9,0,False,69.5,58.5,interactive,24
SJF,9.55,11.75,9.55,21.5,0.37735849056603776,9,0,False,58.5,58.5,interactive,24
Round Robin (q=2),15.8,18.0,9.6,24.0,0.3508771929824561,13,0,False,66.2,58.5,interactive,24
Priority,12.35,14.55,12.35,25.5,0.37735849056603776,9,1,False,74.5,58.5,interactive,24
Adaptive,9.55,11.75,9.55,21.5,0.37735849056603776,9,0,True,58.5,58.5,interactive,24
FCFS,10.25,12.65,10.25,21.5,0.3508771929824561,9,0,False,62.0,54.5,interactive,25
SJF,8.75,11.15,8.75,21.5,0.3508771929824561,9,0,False,54.5,54.5,interactive,25
Round Robin (q=2),15.7,18.1,8.1,24.5,0.31746031746031744,15,0,False,60.349999999999994,54.5,interactive,25
Priority,10.25,12.65,10.25,24.5,0.3508771929824561,9,2,False,63.5,54.5,interactive,25
Adaptive,8.85,11.25,8.85,21.5,0.3508771929824561,9,0,True,55.0,54.5,interactive,25
FCFS,12.95,15.45,12.95,25.5,0.3389830508474576,9,0,False,77.5,68.5,interactive,26
SJF,11.15,13.65,11.15,25.5,0.3389830508474576,9,0,False,68.5,68.5,interactive,26
Round Robin (q=2),21.05,23.55,9.35,29.0,0.30303030303030304,16,0,False,72.95,68.5,interactive,26
Priority,11.75,14.25,11.75,25.5,0.3389830508474576,9,0,False,71.5,68.5,interactive,26
Adaptive,11.15,13.65,11.15,25.5,0.3389830508474576,9,0,True,68.5,68.5,interactive,26
FCFS,8.55,10.65,8.55,17.5,0.39215686274509803,9,0,False,51.5,49.0,interactive,27
SJF,7.95,10.05,7.95,18.5,0.39215686274509803,9,0,False,49.0,49.0,interactive,27
Round Robin (q=2),10.25,12.35,8.05,20.0,0.37037037037037035,12,0,False,52.45,49.0,interactive,27
Priority,8.85,10.95,8.85,22.5,0.39215686274509803,9,1,False,55.5,49.0,interactive,27
Adaptive,7.95,10.05,7.95,18.5,0.39215686274509803,9,0,True,49.0,49.0,interactive,27
FCFS,8.15,9.75,8.15,14.5,0.4878048780487805,9,0,False,48.0,38.0,interactive,28
SJF,6.15,7.75,6.15,14.5,0.4878048780487805,9,1,False,38.0,38.0,interactive,28
Round Robin (q=2),8.85,10.45,7.4,15.0,0.47619047619047616,10,0,False,45.95,38.0,interactive,28
Priority,8.85,10.45,8.85,17.5,0.4878048780487805,9,0,False,53.0,38.0,interactive,28
Adaptive,6.15,7.75,6.15,14.5,0.4878048780487805,9,1,True,38.0,38.0,interactive,28
FCFS,6.55,8.45,6.55,13.5,0.425531914893617,9,0,False,39.5,33.5,interactive,29
SJF,5.25,7.15,5.25,14.5,0.425531914893617,9,1,False,33.5,33.5,interactive,29
Round Robin (q=2),8.25,10.15,5.55,16.0,0.4,12,0,False,38.45,33.5,interactive,29
Priority,7.05,8.95,7.05,15.5,0.425531914893617,9,1,False,43.0,33.5,interactive,29
Adaptive,5.35,7.25,5.35,14.5,0.425531914893617,9,0,True,34.0,33.5,interactive,29
FCFS,11.15,13.55,11.15,22.5,0.3508771929824561,9,0,False,67.0,62.0,interactive,30
SJF,10.15,12.55,10.15,22.5,0.3508771929824561,9,0,False,62.0,62.0,interactive,30
Round Robin (q=2),15.1,17.5,9.6,25.0,0.3225806451612903,14,0,False,66.0,62.0,interactive,30
Priority,10.95,13.35,10.95,24.5,0.3508771929824561,9,1,False,67.0,62.0,interactive,30
Adaptive,10.15,12.55,10.15,22.5,0.3508771929824561,9,0,True,62.0,62.0,interactive,30
FCFS,9.45,11.35,9.45,19.5,0.425531914893617,9,0,False,57.0,46.5,interactive,31
SJF,7.45,9.35,7.45,18.5,0.425531914893617,9,0,False,46.5,46.5,interactive,31
Round Robin (q=2),11.95,13.85,7.85,20.5,0.39215686274509803,13,0,False,53.599999999999994,46.5,interactive,31
Priority,10.25,12.15,10.25,21.5,0.425531914893617,9,1,False,62.0,46.5,interactive,31
Adaptive,7.45,9.35,7.45,18.5,0.425531914893617,9,0,True,46.5,46.5,interactive,31
FCFS,7.15,8.95,7.15,15.5,0.4444444444444444,9,0,False,43.5,39.5,interactive,32
SJF,6.35,8.15,6.35,15.5,0.4444444444444444,9,0,False,39.5,39.5,interactive,32
Round Robin (q=2),8.1,9.9,6.8,16.5,0.425531914893617,11,0,False,43.55,39.5,interactive,32
Priority,7.55,9.35,7.55,16.5,0.4444444444444444,9,1,False,46.0,39.5,interactive,32
Adaptive,6.35,8.15,6.35,15.5,0.4444444444444444,9,0,True,39.5,39.5,interactive,32
FCFS,11.15,13.55,11.15,22.5,0.3508771929824561,9,0,False,67.0,57.0,interactive,33
SJF,9.25,11.65,9.25,21.5,0.3508771929824561,9,0,False,57.0,57.0,interactive,33
Round Robin (q=2),15.65,18.05,9.35,24.0,0.3225806451612903,14,0,False,65.05,57.0,interactive,33
Priority,9.35,11.75,9.35,21.5,0.3508771929824561,9,1,False,57.5,57.0,interactive,33
Adaptive,9.35,11.75,9.35,21.5,0.3508771929824561,9,0,True,57.5,57.0,interactive,33
FCFS,8.75,10.75,8.75,18.5,0.40816326530612246,9,0,False,53.0,44.5,interactive,34
SJF,7.05,9.05,7.05,18.5,0.40816326530612246,9,1,False,44.5,44.5,interactive,34
Round Robin (q=2),10.65,12.65,7.9,20.0,0.38461538461538464,12,0,False,52.25,44.5,interactive,34
Priority,10.65,12.65,10.65,20.0,0.40816326530612246,9,0,False,63.25,44.5,interactive,34
Adaptive,7.15,9.15,7.15,18.5,0.40816326530612246,9,0,True,45.0,44.5,interactive,34
FCFS,9.35,11.35,9.35,18.5,0.40816326530612246,9,0,False,56.0,43.0,interactive,35
SJF,6.85,8.85,6.85,17.5,0.40816326530612246,9,0,False,43.0,43.0,interactive,35
Round Robin (q=2),12.15,14.15,7.55,19.5,0.37735849056603776,13,0,False,52.1,43.0,interactive,35
Priority,8.75,10.75,8.75,18.0,0.40816326530612246,9,2,False,52.75,43.0,interactive,35
Adaptive,6.85,8.85,6.85,17.5,0.40816326530612246,9,0,True,43.0,43.0,interactive,35
FCFS,5.55,7.25,5.55,12.5,0.46511627906976744,9,0,False,34.0,27.75,interactive,36
SJF,4.35,6.05,4.35,12.0,0.46511627906976744,9,1,False,27.75,27.75,interactive,36
Round Robin (q=2),6.4,8.1,4.95,15.0,0.4444444444444444,11,1,False,33.7,27.75,interactive,36
Priority,5.45,7.15,5.45,17.5,0.46511627906976744,9,2,False,36.0,27.75,interactive,36
Adaptive,4.45,6.15,4.45,12.0,0.46511627906976744,9,1,True,28.25,27.75,interactive,36
FCFS,11.35,13.95,11.35,21.5,0.32786885245901637,9,0,False,67.5,61.5,interactive,37
SJF,10.15,12.75,10.15,21.5,0.32786885245901637,9,0,False,61.5,61.5,interactive,37
Round Robin (q=2),18.2,20.8,9.1,25.0,0.29411764705882354,16,0,False,67.1,61.5,interactive,37
Priority,10.35,12.95,10.35,21.5,0.32786885245901637,9,0,False,62.5,61.5,interactive,37
Adaptive,10.25,12.85,10.25,21.5,0.32786885245901637,9,0,True,62.0,61.5,interactive,37
FCFS,8.75,10.65,8.75,18.5,0.425531914893617,9,0,False,53.0,44.0,interactive,38
SJF,7.15,9.05,7.15,16.5,0.425531914893617,9,1,False,44.0,44.0,interactive,38
Round Robin (q=2),9.9,11.8,7.95,19.0,0.40816326530612246,11,0,False,51.2,44.0,interactive,38
Priority,9.45,11.35,9.45,17.5,0.425531914893617,9,0,False,56.0,44.0,interactive,38
Adaptive,7.15,9.05,7.15,16.5,0.425531914893617,9,1,True,44.0,44.0,interactive,38
FCFS,9.75,11.85,9.75,18.5,0.39215686274509803,9,0,False,58.0,49.0,interactive,39
SJF,7.75,9.85,7.75,20.5,0.39215686274509803,9,2,False,49.0,49.0,interactive,39
Round Robin (q=2),12.75,14.85,7.95,22.0,0.37037037037037035,12,0,False,55.55,49.0,interactive,39
Priority,8.85,10.95,8.85,19.5,0.39215686274509803,9,1,False,54.0,49.0,interactive,39
Adaptive,7.95,10.05,7.95,20.5,0.39215686274509803,9,1,True,50.0,49.0,interactive,39
FCFS,9.95,11.85,9.95,17.5,0.425531914893617,9,0,False,58.5,43.5,interactive,40
SJF,6.75,8.65,6.75,19.5,0.425531914893617,9,2,False,43.5,43.5,interactive,40
Round Robin (q=2),13.15,15.05,8.0,21.5,0.39215686274509803,13,0,False,55.9,43.5,interactive,40
Priority,9.25,11.15,9.25,19.0,0.425531914893617,9,1,False,55.75,43.5,interactive,40
Adaptive,6.85,8.75,6.85,19.5,0.425531914893617,9,2,True,44.0,43.5,interactive,40
FCFS,8.75,10.45,8.75,16.5,0.46511627906976744,9,0,False,52.0,38.0,interactive,41
SJF,5.95,7.65,5.95,16.5,0.46511627906976744,9,2,False,38.0,38.0,interactive,41
Round Robin (q=2),9.95,11.65,7.45,17.5,0.4444444444444444,11,0,False,48.5,38.0,interactive,41
Priority,7.25,8.95,7.25,16.5,0.46511627906976744,9,2,False,44.5,38.0,interactive,41
Adaptive,6.25,7.95,6.25,16.5,0.46511627906976744,9,2,True,39.5,38.0,interactive,41
FCFS,9.35,11.05,9.35,16.5,0.46511627906976744,9,0,False,55.0,44.5,interactive,42
SJF,7.05,8.75,7.05,18.5,0.46511627906976744,9,2,False,44.5,44.5,interactive,42
Round Robin (q=2),11.35,13.05,7.75,20.0,0.43478260869565216,12,0,False,52.35,44.5,interactive,42
Priority,8.75,10.45,8.75,20.5,0.46511627906976744,9,1,False,54.0,44.5,interactive,42
Adaptive,7.05,8.75,7.05,18.5,0.46511627906976744,9,2,True,44.5,44.5,interactive,42
FCFS,9.55,11.75,9.55,19.5,0.37735849056603776,9,0,False,57.5,46.5,interactive,43
SJF,7.45,9.65,7.45,18.5,0.37735849056603776,9,1,False,46.5,46.5,interactive,43
Round Robin (q=2),12.9,15.1,7.65,21.0,0.3508771929824561,13,0,False,54.0,46.5,interactive,43
Priority,7.85,10.05,7.85,19.5,0.37735849056603776,9,1,False,49.0,46.5,interactive,43
Adaptive,7.45,9.65,7.45,18.5,0.37735849056603776,9,1,True,46.5,46.5,interactive,43
FCFS,9.45,11.55,9.45,18.5,0.39215686274509803,9,0,False,56.5,48.5,interactive,44
SJF,7.85,9.95,7.85,18.5,0.39215686274509803,9,0,False,48.5,48.5,interactive,44
Round Robin (q=2),12.65,14.75,8.2,21.0,0.35714285714285715,14,0,False,55.949999999999996,48.5,interactive,44
Priority,10.45,12.55,10.45,24.5,0.39215686274509803,9,2,False,64.5,48.5,interactive,44
Adaptive,7.85,9.95,7.85,18.5,0.39215686274509803,9,0,True,48.5,48.5,interactive,44
FCFS,6.35,8.35,6.35,17.5,0.40816326530612246,9,0,False,40.5,40.0,interactive,45
SJF,6.25,8.25,6.25,17.5,0.40816326530612246,9,0,False,40.0,40.0,interactive,45
Round Robin (q=2),8.5,10.5,5.65,19.5,0.37735849056603776,13,0,False,40.85,40.0,interactive,45
Priority,7.45,9.45,7.45,17.5,0.40816326530612246,9,0,False,46.0,40.0,interactive,45
Adaptive,6.25,8.25,6.25,17.5,0.40816326530612246,9,0,True,40.0,40.0,interactive,45
FCFS,11.15,13.15,11.15,19.5,0.40816326530612246,9,0,False,65.5,48.5,interactive,46
SJF,7.75,9.75,7.75,19.5,0.40816326530612246,9,1,False,48.5,48.5,interactive,46
Round Robin (q=2),14.4,16.4,8.85,21.5,0.37735849056603776,13,0,False,60.55,48.5,interactive,46
Priority,10.05,12.05,10.05,22.5,0.40816326530612246,9,1,False,61.5,48.5,interactive,46
Adaptive,7.75,9.75,7.75,19.5,0.40816326530612246,9,1,True,48.5,48.5,interactive,46
FCFS,9.05,11.25,9.05,17.5,0.37735849056603776,9,0,False,54.0,43.0,interactive,47
SJF,6.75,8.95,6.75,18.5,0.37735849056603776,9,2,False,43.0,43.0,interactive,47
Round Robin (q=2),13.45,15.65,7.2,21.0,0.3448275862068966,14,0,False,52.75,43.0,interactive,47
Priority,8.25,10.45,8.25,19.5,0.37735849056603776,9,0,False,51.0,43.0,interactive,47
Adaptive,6.95,9.15,6.95,18.5,0.37735849056603776,9,1,True,44.0,43.0,interactive,47
FCFS,8.55,10.25,8.55,16.5,0.46511627906976744,9,0,False,51.0,44.0,interactive,48
SJF,7.15,8.85,7.15,16.5,0.46511627906976744,9,0,False,44.0,44.0,interactive,48
Round Robin (q=2),10.05,11.75,7.25,17.5,0.4444444444444444,11,0,False,47.8,44.0,interactive,48
Priority,7.75,9.45,7.75,16.5,0.46511627906976744,9,0,False,47.0,44.0,interactive,48
Adaptive,7.15,8.85,7.15,16.5,0.46511627906976744,9,0,True,44.0,44.0,interactive,48
FCFS,11.25,13.55,11.25,22.5,0.36363636363636365,9,0,False,67.5,60.5,interactive,49
SJF,9.85,12.15,9.85,22.5,0.36363636363636365,9,1,False,60.5,60.5,interactive,49
Round Robin (q=2),14.95,17.25,9.45,24.5,0.3389830508474576,13,0,False,65.0,60.5,interactive,49
Priority,11.95,14.25,11.95,23.5,0.36363636363636365,9,0,False,71.5,60.5,interactive,49
Adaptive,9.85,12.15,9.85,22.5,0.36363636363636365,9,1,True,60.5,60.5,interactive,49
FCFS,8.25,10.25,8.25,17.5,0.40816326530612246,9,0,False,50.0,45.0,interactive,50
SJF,7.25,9.25,7.25,17.5,0.40816326530612246,9,0,False,45.0,45.0,interactive,50
Round Robin (q=2),10.6,12.6,7.15,19.5,0.37735849056603776,13,0,False,48.95,45.0,interactive,50
Priority,8.35,10.35,8.35,17.5,0.40816326530612246,9,0,False,50.5,45.0,interactive,50
Adaptive,7.25,9.25,7.25,17.5,0.40816326530612246,9,0,True,45.0,45.0,interactive,50
FCFS,8.95,10.95,8.95,16.5,0.40816326530612246,9,0,False,53.0,44.5,interactive,51
SJF,7.05,9.05,7.05,18.5,0.40816326530612246,9,2,False,44.5,44.5,interactive,51
Round Robin (q=2),11.3,13.3,7.85,20.0,0.38461538461538464,12,0,False,52.7,44.5,interactive,51
Priority,7.75,9.75,7.75,17.5,0.40816326530612246,9,2,False,47.5,44.5,interactive,51
Adaptive,7.15,9.15,7.15,18.5,0.40816326530612246,9,1,True,45.0,44.5,interactive,51
FCFS,6.45,8.05,6.45,12.5,0.4878048780487805,9,0,False,38.5,30.0,interactive,52
SJF,4.55,6.15,4.55,14.5,0.4878048780487805,9,2,False,30.0,30.0,interactive,52
Round Robin (q=2),7.45,9.05,5.55,15.5,0.46511627906976744,11,1,False,37.4,30.0,interactive,52
Priority,5.45,7.05,5.45,12.5,0.4878048780487805,9,2,False,33.5,30.0,interactive,52
Adaptive,4.65,6.25,4.65,14.5,0.4878048780487805,9,2,True,30.5,30.0,interactive,52
FCFS,9.75,11.95,9.75,18.5,0.37735849056603776,9,0,False,58.0,48.0,interactive,53
SJF,7.75,9.95,7.75,18.5,0.37735849056603776,9,0,False,48.0,48.0,interactive,53
Round Robin (q=2),13.85,16.05,7.5,21.0,0.3448275862068966,14,0,False,54.35,48.0,interactive,53
Priority,8.45,10.65,8.45,22.5,0.37735849056603776,9,2,False,53.5,48.0,interactive,53
Adaptive,7.75,9.95,7.75,18.5,0.37735849056603776,9,0,True,48.0,48.0,interactive,53
FCFS,8.85,11.05,8.85,19.5,0.37735849056603776,9,0,False,54.0,45.0,interactive,54
SJF,7.15,9.35,7.15,18.5,0.37735849056603776,9,0,False,45.0,45.0,interactive,54
Round Robin (q=2),11.95,14.15,7.25,20.5,0.3508771929824561,13,0,False,51.2,45.0,interactive,54
Priority,9.25,11.45,9.25,19.0,0.37735849056603776,9,1,False,55.75,45.0,interactive,54
Adaptive,7.15,9.35,7.15,18.5,0.37735849056603776,9,0,True,45.0,45.0,interactive,54
FCFS,7.05,9.05,7.05,18.5,0.40816326530612246,9,0,False,44.5,36.5,interactive,55
SJF,5.65,7.65,5.65,16.5,0.40816326530612246,9,0,False,36.5,36.5,interactive,55
Round Robin (q=2),10.75,12.75,5.15,19.0,0.37037037037037035,14,0,False,40.85,36.5,interactive,55
Priority,7.25,9.25,7.25,18.5,0.40816326530612246,9,0,False,45.5,36.5,interactive,55
Adaptive,5.65,7.65,5.65,16.5,0.40816326530612246,9,0,True,36.5,36.5,interactive,55
FCFS,9.45,11.25,9.45,18.5,0.4444444444444444,9,0,False,56.5,48.5,interactive,56
SJF,7.85,9.65,7.85,18.5,0.4444444444444444,9,0,False,48.5,48.5,interactive,56
Round Robin (q=2),10.5,12.3,8.65,19.5,0.425531914893617,11,0,False,54.85,48.5,interactive,56
Priority,10.45,12.25,10.45,20.5,0.4444444444444444,9,0,False,62.5,48.5,interactive,56
Adaptive,7.85,9.65,7.85,18.5,0.4444444444444444,9,0,True,48.5,48.5,interactive,56
FCFS,9.85,12.25,9.85,22.5,0.3508771929824561,9,0,False,60.5,56.0,interactive,57
SJF,9.05,11.45,9.05,21.5,0.3508771929824561,9,0,False,56.0,56.0,interactive,57
Round Robin (q=2),14.15,16.55,8.15,24.0,0.3225806451612903,14,0,False,58.75,56.0,interactive,57
Priority,11.25,13.65,11.25,22.5,0.3508771929824561,9,0,False,67.5,56.0,interactive,57
Adaptive,9.05,11.45,9.05,21.5,0.3508771929824561,9,0,True,56.0,56.0,interactive,57
FCFS,6.65,8.35,6.65,14.5,0.46511627906976744,9,0,False,40.5,36.5,interactive,58
SJF,5.85,7.55,5.85,14.5,0.46511627906976744,9,0,False,36.5,36.5,interactive,58
Round Robin (q=2),6.9,8.6,6.45,15.0,0.45454545454545453,10,0,False,40.2,36.5,interactive,58
Priority,6.65,8.35,6.65,16.5,0.46511627906976744,9,2,False,41.5,36.5,interactive,58
Adaptive,5.85,7.55,5.85,14.5,0.46511627906976744,9,0,True,36.5,36.5,interactive,58
FCFS,10.25,12.25,10.25,21.5,0.40816326530612246,9,0,False,62.0,49.0,interactive,59
SJF,7.85,9.85,7.85,19.5,0.40816326530612246,9,1,False,49.0,49.0,interactive,59
Round Robin (q=2),13.4,15.4,8.35,21.5,0.37735849056603776,13,0,False,57.55,49.0,interactive,59
Priority,9.55,11.55,9.55,20.5,0.40816326530612246,9,1,False,58.0,49.0,interactive,59
Adaptive,7.85,9.85,7.85,19.5,0.40816326530612246,9,1,True,49.0,49.0,interactive,59
FCFS,10.25,12.55,10.25,22.5,0.36363636363636365,9,0,False,62.5,60.5,interactive,60
SJF,9.85,12.15,9.85,22.5,0.36363636363636365,9,0,False,60.5,60.5,interactive,60
Round Robin (q=2),12.55,14.85,9.45,24.5,0.3389830508474576,13,0,False,62.599999999999994,60.5,interactive,60
Priority,10.75,13.05,10.75,22.5,0.36363636363636365,9,0,False,65.0,60.5,interactive,60
Adaptive,9.85,12.15,9.85,22.5,0.36363636363636365,9,0,True,60.5,60.5,interactive,60
FCFS,8.55,10.45,8.55,16.5,0.425531914893617,9,0,False,51.0,43.0,interactive,61
SJF,6.85,8.75,6.85,17.5,0.425531914893617,9,1,False,43.0,43.0,interactive,61
Round Robin (q=2),10.0,11.9,7.55,19.0,0.40816326530612246,11,0,False,49.7,43.0,interactive,61
Priority,9.65,11.55,9.65,22.5,0.425531914893617,9,1,False,59.5,43.0,interactive,61
Adaptive,6.95,8.85,6.95,17.5,0.425531914893617,9,0,True,43.5,43.0,interactive,61
FCFS,8.65,10.65,8.65,18.5,0.40816326530612246,9,0,False,52.5,47.5,interactive,62
SJF,7.65,9.65,7.65,18.5,0.40816326530612246,9,0,False,47.5,47.5,interactive,62
Round Robin (q=2),10.4,12.4,7.75,20.0,0.38461538461538464,12,0,False,51.4,47.5,interactive,62
Priority,9.55,11.55,9.55,20.5,0.40816326530612246,9,0,False,58.0,47.5,interactive,62
Adaptive,7.65,9.65,7.65,18.5,0.40816326530612246,9,0,True,47.5,47.5,interactive,62
FCFS,8.25,9.95,8.25,14.5,0.46511627906976744,9,0,False,48.5,38.5,interactive,63
SJF,6.05,7.75,6.05,16.5,0.46511627906976744,9,2,False,38.5,38.5,interactive,63
Round Robin (q=2),9.45,11.15,6.95,17.5,0.4444444444444444,11,0,False,46.0,38.5,interactive,63
Priority,8.45,10.15,8.45,16.5,0.46511627906976744,9,0,False,50.5,38.5,interactive,63
Adaptive,6.05,7.75,6.05,16.5,0.46511627906976744,9,2,True,38.5,38.5,interactive,63
FCFS,8.55,10.35,8.55,19.5,0.4444444444444444,9,0,False,52.5,41.5,interactive,64
SJF,6.55,8.35,6.55,17.5,0.4444444444444444,9,0,False,41.5,41.5,interactive,64
Round Robin (q=2),10.2,12.0,7.45,19.0,0.4166666666666667,12,0,False,49.5,41.5,interactive,64
Priority,8.85,10.65,8.85,19.5,0.4444444444444444,9,1,False,54.0,41.5,interactive,64
Adaptive,6.55,8.35,6.55,17.5,0.4444444444444444,9,0,True,41.5,41.5,interactive,64
FCFS,8.65,10.95,8.65,18.5,0.36363636363636365,9,0,False,52.5,48.0,interactive,65
SJF,7.75,10.05,7.75,18.5,0.36363636363636365,9,0,False,48.0,48.0,interactive,65
Round Robin (q=2),12.2,14.5,7.25,21.0,0.3333333333333333,14,0,False,51.7,48.0,interactive,65
Priority,8.65,10.95,8.65,25.5,0.36363636363636365,9,1,False,56.0,48.0,interactive,65
Adaptive,7.75,10.05,7.75,18.5,0.36363636363636365,9,0,True,48.0,48.0,interactive,65
FCFS,10.05,12.25,10.05,20.5,0.37735849056603776,9,0,False,60.5,48.5,interactive,66
SJF,7.75,9.95,7.75,19.5,0.37735849056603776,9,0,False,48.5,48.5,interactive,66
Round Robin (q=2),13.85,16.05,7.95,22.0,0.3448275862068966,14,0,False,56.65,48.5,interactive,66
Priority,10.45,12.65,10.45,20.0,0.37735849056603776,9,0,False,62.25,48.5,interactive,66
Adaptive,7.75,9.95,7.75,19.5,0.37735849056603776,9,0,True,48.5,48.5,interactive,66
FCFS,7.25,9.25,7.25,17.5,0.40816326530612246,9,0,False,45.0,42.5,interactive,67
SJF,6.85,8.85,6.85,16.5,0.40816326530612246,9,0,False,42.5,42.5,interactive,67
Round Robin (q=2),8.1,10.1,6.85,18.0,0.39215686274509803,11,0,False,44.5,42.5,interactive,67
Priority,7.35,9.35,7.35,17.5,0.40816326530612246,9,0,False,45.5,42.5,interactive,67
Adaptive,6.85,8.85,6.85,16.5,0.40816326530612246,9,0,True,42.5,42.5,interactive,67
FCFS,13.55,16.15,13.55,27.5,0.32786885245901637,9,0,False,81.5,69.0,interactive,68
SJF,11.25,13.85,11.25,25.5,0.32786885245901637,9,0,False,69.0,69.0,interactive,68
Round Robin (q=2),21.75,24.35,9.95,29.0,0.29411764705882354,16,0,False,76.05,69.0,interactive,68
Priority,11.65,14.25,11.65,27.5,0.32786885245901637,9,2,False,72.0,69.0,interactive,68
Adaptive,11.25,13.85,11.25,25.5,0.32786885245901637,9,0,True,69.0,69.0,interactive,68
FCFS,8.15,9.95,8.15,15.5,0.4444444444444444,9,0,False,48.5,37.0,interactive,69
SJF,5.75,7.55,5.75,16.5,0.4444444444444444,9,2,False,37.0,37.0,interactive,69
Round Robin (q=2),10.45,12.25,6.9,18.5,0.4166666666666667,12,0,False,47.3,37.0,interactive,69
Priority,7.45,9.25,7.45,18.5,0.4444444444444444,9,1,False,46.5,37.0,interactive,69
Adaptive,6.05,7.85,6.05,16.5,0.4444444444444444,9,2,True,38.5,37.0,interactive,69
FCFS,7.95,9.65,7.95,16.5,0.46511627906976744,9,0,False,48.0,39.5,interactive,70
SJF,6.25,7.95,6.25,16.5,0.46511627906976744,9,2,False,39.5,39.5,interactive,70
Round Robin (q=2),9.2,10.9,6.95,17.5,0.4444444444444444,11,0,False,45.75,39.5,interactive,70
Priority,7.95,9.65,7.95,19.5,0.46511627906976744,9,1,False,49.5,39.5,interactive,70
Adaptive,6.25,7.95,6.25,16.5,0.46511627906976744,9,2,True,39.5,39.5,interactive,70
FCFS,12.65,14.95,12.65,24.5,0.36363636363636365,9,0,False,75.5,62.0,interactive,71
SJF,10.15,12.45,10.15,22.5,0.36363636363636365,9,1,False,62.0,62.0,interactive,71
Round Robin (q=2),16.8,19.1,10.35,25.0,0.3389830508474576,13,0,False,70.7,62.0,interactive,71
Priority,12.15,14.45,12.15,23.5,0.36363636363636365,9,0,False,72.5,62.0,interactive,71
Adaptive,10.15,12.45,10.15,22.5,0.36363636363636365,9,1,True,62.0,62.0,interactive,71
FCFS,11.35,13.75,11.35,21.5,0.3508771929824561,9,0,False,67.5,58.5,interactive,72
SJF,9.55,11.95,9.55,21.5,0.3508771929824561,9,1,False,58.5,58.5,interactive,72
Round Robin (q=2),16.35,18.75,9.3,24.5,0.3225806451612903,14,0,False,65.80000000000001,58.5,interactive,72
Priority,11.25,13.65,11.25,24.5,0.3508771929824561,9,1,False,68.5,58.5,interactive,72
Adaptive,9.65,12.05,9.65,21.5,0.3508771929824561,9,1,True,59.0,58.5,interactive,72
FCFS,8.75,10.75,8.75,16.5,0.40816326530612246,9,0,False,52.0,49.0,interactive,73
SJF,8.15,10.15,8.15,16.5,0.40816326530612246,9,0,False,49.0,49.0,interactive,73
Round Robin (q=2),9.8,11.8,8.25,17.0,0.4,10,0,False,51.3,49.0,interactive,73
Priority,8.25,10.25,8.25,16.5,0.40816326530612246,9,0,False,49.5,49.0,interactive,73
Adaptive,8.15,10.15,8.15,16.5,0.40816326530612246,9,0,True,49.0,49.0,interactive,73
FCFS,6.45,8.15,6.45,13.5,0.46511627906976744,9,0,False,39.0,29.0,interactive,74
SJF,4.45,6.15,4.45,13.5,0.46511627906976744,9,0,False,29.0,29.0,interactive,74
Round Robin (q=2),8.0,9.7,5.15,15.0,0.43478260869565216,12,0,False,36.1,29.0,interactive,74
Priority,5.85,7.55,5.85,14.5,0.46511627906976744,9,0,False,36.5,29.0,interactive,74
Adaptive,4.45,6.15,4.45,13.5,0.46511627906976744,9,0,True,29.0,29.0,interactive,74
FCFS,10.35,12.65,10.35,21.5,0.36363636363636365,9,0,False,62.5,52.5,interactive,75
SJF,8.55,10.85,8.55,19.5,0.36363636363636365,9,1,False,52.5,52.5,interactive,75
Round Robin (q=2),14.85,17.15,8.4,22.5,0.3333333333333333,14,0,False,59.7,52.5,interactive,75
Priority,10.95,13.25,10.95,23.0,0.36363636363636365,9,1,False,66.25,52.5,interactive,75
Adaptive,8.55,10.85,8.55,19.5,0.36363636363636365,9,1,True,52.5,52.5,interactive,75
FCFS,7.15,8.85,7.15,15.5,0.46511627906976744,9,0,False,43.5,36.0,interactive,76
SJF,5.85,7.55,5.85,13.5,0.46511627906976744,9,0,False,36.0,36.0,interactive,76
Round Robin (q=2),7.65,9.35,6.85,14.5,0.4444444444444444,11,0,False,42.3,36.0,interactive,76
Priority,7.25,8.95,7.25,15.5,0.46511627906976744,9,0,False,44.0,36.0,interactive,76
Adaptive,5.95,7.65,5.95,13.5,0.46511627906976744,9,0,True,36.5,36.0,interactive,76
FCFS,6.85,8.35,6.85,13.5,0.5128205128205128,9,0,False,41.0,32.25,interactive,77
SJF,5.15,6.65,5.15,13.0,0.5128205128205128,9,2,False,32.25,32.25,interactive,77
Round Robin (q=2),6.95,8.45,6.75,12.5,0.5,10,0,False,40.2,32.25,interactive,77
Priority,6.55,8.05,6.55,17.5,0.5128205128205128,9,2,False,41.5,32.25,interactive,77
Adaptive,5.55,7.05,5.55,11.5,0.5128205128205128,9,1,True,33.5,32.25,interactive,77
FCFS,9.35,11.45,9.35,19.5,0.39215686274509803,9,0,False,56.5,45.0,interactive,78
SJF,7.25,9.35,7.25,17.5,0.39215686274509803,9,2,False,45.0,45.0,interactive,78
Round Robin (q=2),12.75,14.85,7.65,21.0,0.36363636363636365,13,0,False,53.85,45.0,interactive,78
Priority,8.35,10.45,8.35,20.5,0.39215686274509803,9,2,False,52.0,45.0,interactive,78
Adaptive,7.35,9.45,7.35,17.5,0.39215686274509803,9,1,True,45.5,45.0,interactive,78
FCFS,6.85,8.75,6.85,14.5,0.425531914893617,9,0,False,41.5,36.5,interactive,79
SJF,5.85,7.75,5.85,14.5,0.425531914893617,9,0,False,36.5,36.5,interactive,79
Round Robin (q=2),8.55,10.45,6.05,17.0,0.4,12,0,False,41.25,36.5,interactive,79
Priority,6.55,8.45,6.55,16.0,0.425531914893617,9,2,False,40.75,36.5,interactive,79
Adaptive,5.85,7.75,5.85,14.5,0.425531914893617,9,0,True,36.5,36.5,interactive,79
FCFS,7.95,9.85,7.95,16.5,0.425531914893617,9,0,False,48.0,43.0,interactive,80
SJF,6.95,8.85,6.95,16.5,0.425531914893617,9,0,False,43.0,43.0,interactive,80
Round Robin (q=2),8.6,10.5,7.55,17.5,0.40816326530612246,11,0,False,47.55,43.0,interactive,80
Priority,8.15,10.05,8.15,17.5,0.425531914893617,9,0,False,49.5,43.0,interactive,80
Adaptive,6.95,8.85,6.95,16.5,0.425531914893617,9,0,True,43.0,43.0,interactive,80
FCFS,9.35,11.35,9.35,20.5,0.40816326530612246,9,0,False,57.0,49.0,interactive,81
SJF,7.85,9.85,7.85,19.5,0.40816326530612246,9,0,False,49.0,49.0,interactive,81
Round Robin (q=2),11.0,13.0,8.45,21.0,0.38461538461538464,12,0,False,55.3,49.0,interactive,81
Priority,10.35,12.35,10.35,21.0,0.40816326530612246,9,1,False,62.25,49.0,interactive,81
Adaptive,7.85,9.85,7.85,19.5,0.40816326530612246,9,0,True,49.0,49.0,interactive,81
FCFS,6.15,7.75,6.15,13.5,0.4878048780487805,9,0,False,37.5,34.0,interactive,82
SJF,5.35,6.95,5.35,14.5,0.4878048780487805,9,1,False,34.0,34.0,interactive,82
Round Robin (q=2),6.55,8.15,5.85,15.0,0.47619047619047616,10,1,False,37.45,34.0,interactive,82
Priority,6.15,7.75,6.15,15.5,0.4878048780487805,9,2,False,38.5,34.0,interactive,82
Adaptive,5.35,6.95,5.35,14.5,0.4878048780487805,9,1,True,34.0,34.0,interactive,82
FCFS,10.15,11.85,10.15,17.5,0.46511627906976744,9,0,False,59.5,48.5,interactive,83
SJF,7.85,9.55,7.85,18.5,0.46511627906976744,9,1,False,48.5,48.5,interactive,83
Round Robin (q=2),10.85,12.55,9.45,19.0,0.45454545454545453,10,0,False,58.15,48.5,interactive,83
Priority,10.05,11.75,10.05,17.5,0.46511627906976744,9,0,False,59.0,48.5,interactive,83
Adaptive,7.85,9.55,7.85,18.5,0.46511627906976744,9,1,True,48.5,48.5,interactive,83
FCFS,10.55,12.85,10.55,20.5,0.36363636363636365,9,0,False,63.0,53.5,interactive,84
SJF,8.65,10.95,8.65,20.5,0.36363636363636365,9,0,False,53.5,53.5,interactive,84
Round Robin (q=2),15.7,18.0,8.2,23.5,0.32786885245901637,15,0,False,60.25,53.5,interactive,84
Priority,12.55,14.85,12.55,23.5,0.36363636363636365,9,0,False,74.5,53.5,interactive,84
Adaptive,8.65,10.95,8.65,20.5,0.36363636363636365,9,0,True,53.5,53.5,interactive,84
FCFS,12.65,14.85,12.65,23.5,0.37735849056603776,9,0,False,75.0,59.5,interactive,85
SJF,9.65,11.85,9.65,22.5,0.37735849056603776,9,1,False,59.5,59.5,interactive,85
Round Robin (q=2),16.55,18.75,10.25,24.5,0.3508771929824561,13,0,False,69.8,59.5,interactive,85
Priority,11.65,13.85,11.65,24.5,0.37735849056603776,9,0,False,70.5,59.5,interactive,85
Adaptive,9.65,11.85,9.65,22.5,0.37735849056603776,9,1,True,59.5,59.5,interactive,85
FCFS,9.65,11.35,9.65,15.5,0.46511627906976744,9,0,False,56.0,42.5,interactive,86
SJF,6.75,8.45,6.75,17.5,0.46511627906976744,9,2,False,42.5,42.5,interactive,86
Round Robin (q=2),11.95,13.65,7.9,19.0,0.43478260869565216,12,0,False,53.05,42.5,interactive,86
Priority,9.65,11.35,9.65,20.5,0.46511627906976744,9,1,False,58.5,42.5,interactive,86
Adaptive,6.75,8.45,6.75,17.5,0.46511627906976744,9,2,True,42.5,42.5,interactive,86
FCFS,9.05,11.05,9.05,16.5,0.40816326530612246,9,0,False,53.5,42.5,interactive,87
SJF,6.65,8.65,6.65,18.5,0.40816326530612246,9,3,False,42.5,42.5,interactive,87
Round Robin (q=2),11.4,13.4,7.95,20.5,0.38461538461538464,12,0,False,53.45,42.5,interactive,87
Priority,9.95,11.95,9.95,17.5,0.40816326530612246,9,0,False,58.5,42.5,interactive,87
Adaptive,7.15,9.15,7.15,18.5,0.40816326530612246,9,1,True,45.0,42.5,interactive,87
FCFS,9.35,11.05,9.35,16.5,0.46511627906976744,9,0,False,55.0,43.0,interactive,88
SJF,6.75,8.45,6.75,18.5,0.46511627906976744,9,2,False,43.0,43.0,interactive,88
Round Robin (q=2),10.85,12.55,8.05,19.5,0.4444444444444444,11,0,False,52.800000000000004,43.0,interactive,88
Priority,9.75,11.45,9.75,18.5,0.46511627906976744,9,0,False,58.0,43.0,interactive,88
Adaptive,6.75,8.45,6.75,18.5,0.46511627906976744,9,2,True,43.0,43.0,interactive,88
FCFS,11.65,13.85,11.65,21.5,0.37735849056603776,9,0,False,69.0,57.0,interactive,89
SJF,9.35,11.55,9.35,20.5,0.37735849056603776,9,0,False,57.0,57.0,interactive,89
Round Robin (q=2),14.65,16.85,10.05,23.0,0.3508771929824561,13,0,False,66.35,57.0,interactive,89
Priority,12.75,14.95,12.75,23.5,0.37735849056603776,9,0,False,75.5,57.0,interactive,89
Adaptive,9.35,11.55,9.35,20.5,0.37735849056603776,9,0,True,57.0,57.0,interactive,89
FCFS,9.85,12.05,9.85,19.5,0.37735849056603776,9,0,False,59.0,47.0,interactive,90
SJF,7.65,9.85,7.65,17.5,0.37735849056603776,9,1,False,47.0,47.0,interactive,90
Round Robin (q=2),13.9,16.1,8.55,21.5,0.3448275862068966,14,0,False,58.85,47.0,interactive,90
Priority,8.85,11.05,8.85,17.5,0.37735849056603776,9,0,False,53.0,47.0,interactive,90
Adaptive,7.75,9.95,7.75,17.5,0.37735849056603776,9,1,True,47.5,47.0,interactive,90
FCFS,9.15,11.15,9.15,17.5,0.40816326530612246,9,0,False,54.5,45.5,interactive,91
SJF,7.25,9.25,7.25,18.5,0.40816326530612246,9,2,False,45.5,45.5,interactive,91
Round Robin (q=2),10.25,12.25,8.85,19.5,0.39215686274509803,11,0,False,55.4,45.5,interactive,91
Priority,8.45,10.45,8.45,17.5,0.40816326530612246,9,0,False,51.0,45.5,interactive,91
Adaptive,7.45,9.45,7.45,18.5,0.40816326530612246,9,1,True,46.5,45.5,interactive,91
FCFS,10.35,12.75,10.35,22.5,0.3508771929824561,9,0,False,63.0,54.5,interactive,92
SJF,8.75,11.15,8.75,21.5,0.3508771929824561,9,0,False,54.5,54.5,interactive,92
Round Robin (q=2),16.3,18.7,8.35,25.0,0.3125,16,0,False,62.2,54.5,interactive,92
Priority,10.15,12.55,10.15,22.5,0.3508771929824561,9,1,False,62.0,54.5,interactive,92
Adaptive,8.75,11.15,8.75,21.5,0.3508771929824561,9,0,True,54.5,54.5,interactive,92
FCFS,10.85,13.15,10.85,23.5,0.36363636363636365,9,0,False,66.0,61.5,interactive,93
SJF,9.95,12.25,9.95,23.5,0.36363636363636365,9,0,False,61.5,61.5,interactive,93
Round Robin (q=2),16.25,18.55,8.75,26.5,0.32786885245901637,15,0,False,64.5,61.5,interactive,93
Priority,12.15,14.45,12.15,24.5,0.36363636363636365,9,1,False,73.0,61.5,interactive,93
Adaptive,9.95,12.25,9.95,23.5,0.36363636363636365,9,0,True,61.5,61.5,interactive,93
FCFS,6.65,8.45,6.65,12.5,0.4444444444444444,9,0,False,39.5,35.0,interactive,94
SJF,5.35,7.15,5.35,16.5,0.4444444444444444,9,1,False,35.0,35.0,interactive,94
Round Robin (q=2),7.4,9.2,6.05,17.0,0.43478260869565216,10,1,False,40.1,35.0,interactive,94
Priority,5.55,7.35,5.55,16.5,0.4444444444444444,9,2,False,36.0,35.0,interactive,94
Adaptive,5.55,7.35,5.55,14.0,0.4444444444444444,9,1,True,34.75,35.0,interactive,94
FCFS,9.85,11.95,9.85,19.5,0.39215686274509803,9,0,False,59.0,52.0,interactive,95
SJF,8.45,10.55,8.45,19.5,0.39215686274509803,9,0,False,52.0,52.0,interactive,95
Round Robin (q=2),12.6,14.7,8.55,21.5,0.36363636363636365,13,0,False,57.550000000000004,52.0,interactive,95
Priority,11.55,13.65,11.55,24.5,0.39215686274509803,9,1,False,70.0,52.0,interactive,95
Adaptive,8.45,10.55,8.45,19.5,0.39215686274509803,9,0,True,52.0,52.0,interactive,95
FCFS,10.65,12.75,10.65,21.5,0.39215686274509803,9,0,False,64.0,55.5,interactive,96
SJF,9.05,11.15,9.05,20.5,0.39215686274509803,9,0,False,55.5,55.5,interactive,96
Round Robin (q=2),12.6,14.7,9.55,22.0,0.37037037037037035,12,0,False,61.800000000000004,55.5,interactive,96
Priority,10.15,12.25,10.15,21.5,0.39215686274509803,9,1,False,61.5,55.5,interactive,96
Adaptive,9.05,11.15,9.05,20.5,0.39215686274509803,9,0,True,55.5,55.5,interactive,96
FCFS,8.45,10.15,8.45,17.5,0.46511627906976744,9,0,False,51.0,39.5,interactive,97
SJF,6.35,8.05,6.35,15.5,0.46511627906976744,9,1,False,39.5,39.5,interactive,97
Round Robin (q=2),9.45,11.15,7.55,18.0,0.4444444444444444,11,0,False,48.65,39.5,interactive,97
Priority,7.95,9.65,7.95,15.5,0.46511627906976744,9,0,False,47.5,39.5,interactive,97
Adaptive,6.35,8.05,6.35,15.5,0.46511627906976744,9,1,True,39.5,39.5,interactive,97
FCFS,8.05,9.85,8.05,15.5,0.4444444444444444,9,0,False,48.0,43.0,interactive,98
SJF,7.05,8.85,7.05,15.5,0.4444444444444444,9,0,False,43.0,43.0,interactive,98
Round Robin (q=2),8.85,10.65,8.05,16.0,0.43478260869565216,10,0,False,49.050000000000004,43.0,interactive,98
Priority,8.35,10.15,8.35,15.5,0.4444444444444444,9,0,False,49.5,43.0,interactive,98
Adaptive,7.15,8.95,7.15,15.5,0.4444444444444444,9,0,True,43.5,43.0,interactive,98
FCFS,10.05,12.15,10.05,21.5,0.39215686274509803,9,0,False,61.0,54.5,interactive,99
SJF,8.75,10.85,8.75,21.5,0.39215686274509803,9,0,False,54.5,54.5,interactive,99
Round Robin (q=2),12.75,14.85,8.85,23.5,0.36363636363636365,13,0,False,59.9,54.5,interactive,99
Priority,10.05,12.15,10.05,21.5,0.39215686274509803,9,0,False,61.0,54.5,interactive,99
Adaptive,8.75,10.85,8.75,21.5,0.39215686274509803,9,0,True,54.5,54.5,interactive,99
FCFS,10.45,12.35,10.45,18.5,0.425531914893617,9,0,False,61.5,45.5,interactive,100
SJF,7.15,9.05,7.15,19.5,0.425531914893617,9,2,False,45.5,45.5,interactive,100
Round Robin (q=2),12.7,14.6,8.55,21.0,0.4,12,0,False,57.400000000000006,45.5,interactive,100
Priority,8.85,10.75,8.85,20.5,0.425531914893617,9,1,False,54.5,45.5,interactive,100
Adaptive,7.15,9.05,7.15,19.5,0.425531914893617,9,2,True,45.5,45.5,interactive,100
FCFS,8.05,9.75,8.05,13.5,0.46511627906976744,9,0,False,47.0,38.0,interactive,101
SJF,5.85,7.55,5.85,17.5,0.46511627906976744,9,2,False,38.0,38.0,interactive,101
Round Robin (q=2),9.6,11.3,7.5,17.0,0.4444444444444444,11,0,False,48.1,38.0,interactive,101
Priority,7.95,9.65,7.95,17.0,0.46511627906976744,9,1,False,48.25,38.0,interactive,101
Adaptive,6.15,7.85,6.15,17.5,0.46511627906976744,9,1,True,39.5,38.0,interactive,101
FCFS,10.35,12.65,10.35,20.5,0.36363636363636365,9,0,False,62.0,55.0,interactive,102
SJF,8.95,11.25,8.95,20.5,0.36363636363636365,9,0,False,55.0,55.0,interactive,102
Round Robin (q=2),15.25,17.55,8.45,23.5,0.32786885245901637,15,0,False,60.8,55.0,interactive,102
Priority,10.45,12.75,10.45,21.5,0.36363636363636365,9,0,False,63.0,55.0,interactive,102
Adaptive,8.95,11.25,8.95,20.5,0.36363636363636365,9,0,True,55.0,55.0,interactive,102
FCFS,10.75,12.55,10.75,18.5,0.4444444444444444,9,0,False,63.0,49.0,interactive,103
SJF,7.95,9.75,7.95,18.5,0.4444444444444444,9,2,False,49.0,49.0,interactive,103
Round Robin (q=2),13.05,14.85,9.05,20.0,0.4166666666666667,12,0,False,59.25,49.0,interactive,103
Priority,10.85,12.65,10.85,19.0,0.4444444444444444,9,0,False,63.75,49.0,interactive,103
Adaptive,7.95,9.75,7.95,18.5,0.4444444444444444,9,2,True,49.0,49.0,interactive,103
FCFS,8.55,10.55,8.55,19.5,0.40816326530612246,9,0,False,52.5,44.5,interactive,104
SJF,7.05,9.05,7.05,18.5,0.40816326530612246,9,0,False,44.5,44.5,interactive,104
Round Robin (q=2),11.2,13.2,7.25,20.5,0.37735849056603776,13,0,False,50.45,44.5,interactive,104
Priority,8.75,10.75,8.75,19.5,0.40816326530612246,9,0,False,53.5,44.5,interactive,104
Adaptive,7.05,9.05,7.05,18.5,0.40816326530612246,9,0,True,44.5,44.5,interactive,104
FCFS,9.35,11.55,9.35,19.5,0.37735849056603776,9,0,False,56.5,48.0,interactive,105
SJF,7.75,9.95,7.75,18.5,0.37735849056603776,9,0,False,48.0,48.0,interactive,105
Round Robin (q=2),12.0,14.2,8.4,20.5,0.3508771929824561,13,0,False,55.85,48.0,interactive,105
Priority,10.05,12.25,10.05,22.0,0.37735849056603776,9,1,False,61.25,48.0,interactive,105
Adaptive,7.95,10.15,7.95,18.5,0.37735849056603776,9,0,True,49.0,48.0,interactive,105
FCFS,5.95,7.55,5.95,13.5,0.4878048780487805,9,0,False,36.5,31.0,interactive,106
SJF,4.75,6.35,4.75,14.5,0.4878048780487805,9,1,False,31.0,31.0,interactive,106
Round Robin (q=2),6.55,8.15,5.45,15.0,0.47619047619047616,10,1,False,35.85,31.0,interactive,106
Priority,5.45,7.05,5.45,14.5,0.4878048780487805,9,2,False,34.5,31.0,interactive,106
Adaptive,4.75,6.35,4.75,14.5,0.4878048780487805,9,1,True,31.0,31.0,interactive,106
FCFS,10.25,12.05,10.25,18.5,0.4444444444444444,9,0,False,60.5,50.0,interactive,107
SJF,8.15,9.95,8.15,18.5,0.4444444444444444,9,1,False,50.0,50.0,interactive,107
Round Robin (q=2),11.8,13.6,8.85,19.5,0.425531914893617,11,0,False,56.95,50.0,interactive,107
Priority,9.35,11.15,9.35,19.5,0.4444444444444444,9,0,False,56.5,50.0,interactive,107
Adaptive,8.15,9.95,8.15,18.5,0.4444444444444444,9,1,True,50.0,50.0,interactive,107
FCFS,9.55,11.75,9.55,19.5,0.37735849056603776,9,0,False,57.5,49.5,interactive,108
SJF,7.95,10.15,7.95,19.5,0.37735849056603776,9,0,False,49.5,49.5,interactive,108
Round Robin (q=2),13.95,16.15,7.9,22.5,0.3389830508474576,15,0,False,56.8,49.5,interactive,108
Priority,8.75,10.95,8.75,19.5,0.37735849056603776,9,0,False,53.5,49.5,interactive,108
Adaptive,7.95,10.15,7.95,19.5,0.37735849056603776,9,0,True,49.5,49.5,interactive,108
FCFS,7.25,9.25,7.25,15.5,0.40816326530612246,9,0,False,44.0,38.0,interactive,109
SJF,6.05,8.05,6.05,15.5,0.40816326530612246,9,0,False,38.0,38.0,interactive,109
Round Robin (q=2),9.0,11.0,6.65,17.5,0.37735849056603776,13,0,False,44.35,38.0,interactive,109
Priority,8.75,10.75,8.75,18.5,0.40816326530612246,9,0,False,53.0,38.0,interactive,109
Adaptive,6.05,8.05,6.05,15.5,0.40816326530612246,9,0,True,38.0,38.0,interactive,109
FCFS,11.75,14.45,11.75,22.5,0.31746031746031744,9,0,False,70.0,66.5,interactive,110
SJF,11.05,13.75,11.05,22.5,0.31746031746031744,9,0,False,66.5,66.5,interactive,110
Round Robin (q=2),19.05,21.75,9.25,26.0,0.2857142857142857,16,0,False,69.05,66.5,interactive,110
Priority,12.05,14.75,12.05,24.0,0.31746031746031744,9,0,False,72.25,66.5,interactive,110
Adaptive,11.05,13.75,11.05,22.5,0.31746031746031744,9,0,True,66.5,66.5,interactive,110
FCFS,10.65,12.75,10.65,19.5,0.39215686274509803,9,0,False,63.0,49.5,interactive,111
SJF,8.05,10.15,8.05,18.5,0.39215686274509803,9,1,False,49.5,49.5,interactive,111
Round Robin (q=2),13.6,15.7,8.75,22.0,0.36363636363636365,13,0,False,59.6,49.5,interactive,111
Priority,10.15,12.25,10.15,19.5,0.39215686274509803,9,0,False,60.5,49.5,interactive,111
Adaptive,8.05,10.15,8.05,18.5,0.39215686274509803,9,1,True,49.5,49.5,interactive,111
FCFS,9.35,11.55,9.35,18.5,0.37735849056603776,9,0,False,56.0,45.0,interactive,112
SJF,7.15,9.35,7.15,18.5,0.37735849056603776,9,2,False,45.0,45.0,interactive,112
Round Robin (q=2),13.3,15.5,8.1,21.0,0.3448275862068966,14,0,False,56.2,45.0,interactive,112
Priority,9.95,12.15,9.95,18.5,0.37735849056603776,9,0,False,59.0,45.0,interactive,112
Adaptive,7.45,9.65,7.45,18.5,0.37735849056603776,9,1,True,46.5,45.0,interactive,112
FCFS,9.45,11.45,9.45,18.5,0.40816326530612246,9,0,False,56.5,46.0,interactive,113
SJF,7.45,9.45,7.45,17.5,0.40816326530612246,9,1,False,46.0,46.0,interactive,113
Round Robin (q=2),11.35,13.35,8.55,20.5,0.38461538461538464,12,0,False,55.800000000000004,46.0,interactive,113
Priority,10.25,12.25,10.25,21.0,0.40816326530612246,9,1,False,61.75,46.0,interactive,113
Adaptive,7.45,9.45,7.45,17.5,0.40816326530612246,9,1,True,46.0,46.0,interactive,113
FCFS,10.55,12.95,10.55,21.5,0.3508771929824561,9,0,False,63.5,56.5,interactive,114
SJF,9.25,11.65,9.25,20.5,0.3508771929824561,9,0,False,56.5,56.5,interactive,114
Round Robin (q=2),14.9,17.3,9.05,23.5,0.3225806451612903,14,0,False,62.85,56.5,interactive,114
Priority,11.05,13.45,11.05,22.5,0.3508771929824561,9,0,False,66.5,56.5,interactive,114
Adaptive,9.35,11.75,9.35,20.5,0.3508771929824561,9,0,True,57.0,56.5,interactive,114
FCFS,8.15,10.15,8.15,18.5,0.40816326530612246,9,0,False,50.0,45.0,interactive,115
SJF,7.15,9.15,7.15,18.5,0.40816326530612246,9,0,False,45.0,45.0,interactive,115
Round Robin (q=2),10.45,12.45,7.15,20.5,0.37735849056603776,13,0,False,49.3,45.0,interactive,115
Priority,8.65,10.65,8.65,22.5,0.40816326530612246,9,1,False,54.5,45.0,interactive,115
Adaptive,7.15,9.15,7.15,18.5,0.40816326530612246,9,0,True,45.0,45.0,interactive,115
FCFS,8.55,10.55,8.55,17.5,0.40816326530612246,9,0,False,51.5,45.5,interactive,116
SJF,7.35,9.35,7.35,17.5,0.40816326530612246,9,0,False,45.5,45.5,interactive,116
Round Robin (q=2),10.05,12.05,7.75,19.0,0.38461538461538464,12,0,False,50.55,45.5,interactive,116
Priority,8.45,10.45,8.45,18.5,0.40816326530612246,9,0,False,51.5,45.5,interactive,116
Adaptive,7.45,9.45,7.45,17.5,0.40816326530612246,9,0,True,46.0,45.5,interactive,116
FCFS,7.15,8.95,7.15,14.5,0.4444444444444444,9,0,False,43.0,36.25,interactive,117
SJF,5.75,7.55,5.75,15.0,0.4444444444444444,9,1,False,36.25,36.25,interactive,117
Round Robin (q=2),8.3,10.1,6.35,18.0,0.425531914893617,11,1,False,42.7,36.25,interactive,117
Priority,7.25,9.05,7.25,14.5,0.4444444444444444,9,0,False,43.5,36.25,interactive,117
Adaptive,5.85,7.65,5.85,13.5,0.4444444444444444,9,1,True,36.0,36.25,interactive,117
FCFS,9.45,11.75,9.45,20.5,0.36363636363636365,9,0,False,57.5,50.5,interactive,118
SJF,8.05,10.35,8.05,20.5,0.36363636363636365,9,0,False,50.5,50.5,interactive,118
Round Robin (q=2),12.65,14.95,7.85,22.5,0.3389830508474576,13,0,False,55.3,50.5,interactive,118
Priority,9.55,11.85,9.55,20.5,0.36363636363636365,9,0,False,58.0,50.5,interactive,118
Adaptive,8.05,10.35,8.05,20.5,0.36363636363636365,9,0,True,50.5,50.5,interactive,118
FCFS,7.55,9.35,7.55,14.5,0.4444444444444444,9,0,False,45.0,37.5,interactive,119
SJF,5.85,7.65,5.85,16.5,0.4444444444444444,9,2,False,37.5,37.5,interactive,119
Round Robin (q=2),8.8,10.6,6.7,17.5,0.425531914893617,11,0,False,44.35,37.5,interactive,119
Priority,7.75,9.55,7.75,17.0,0.4444444444444444,9,1,False,47.25,37.5,interactive,119
Adaptive,5.95,7.75,5.95,16.5,0.4444444444444444,9,1,True,38.0,37.5,interactive,119
FCFS,6.65,8.55,6.65,16.5,0.425531914893617,9,0,False,41.5,38.5,interactive,120
SJF,6.05,7.95,6.05,16.5,0.425531914893617,9,0,False,38.5,38.5,interactive,120
Round Robin (q=2),8.2,10.1,5.95,18.0,0.4,12,1,False,41.0,38.5,interactive,120
Priority,7.45,9.35,7.45,16.5,0.425531914893617,9,1,False,45.5,38.5,interactive,120
Adaptive,6.05,7.95,6.05,16.5,0.425531914893617,9,0,True,38.5,38.5,interactive,120
FCFS,9.85,11.95,9.85,19.5,0.39215686274509803,9,0,False,59.0,46.5,interactive,121
SJF,7.45,9.55,7.45,18.5,0.39215686274509803,9,1,False,46.5,46.5,interactive,121
Round Robin (q=2),13.05,15.15,8.2,22.0,0.36363636363636365,13,0,False,56.849999999999994,46.5,interactive,121
Priority,8.75,10.85,8.75,21.5,0.39215686274509803,9,2,False,54.5,46.5,interactive,121
Adaptive,7.45,9.55,7.45,18.5,0.39215686274509803,9,1,True,46.5,46.5,interactive,121
FCFS,11.15,13.45,11.15,20.5,0.36363636363636365,9,0,False,66.0,56.0,interactive,122
SJF,9.15,11.45,9.15,20.5,0.36363636363636365,9,1,False,56.0,56.0,interactive,122
Round Robin (q=2),14.85,17.15,9.6,24.0,0.3389830508474576,13,0,False,65.25,56.0,interactive,122
Priority,11.75,14.05,11.75,25.5,0.36363636363636365,9,1,False,71.5,56.0,interactive,122
Adaptive,9.45,11.75,9.45,20.5,0.36363636363636365,9,0,True,57.5,56.0,interactive,122
FCFS,8.75,10.55,8.75,17.5,0.4444444444444444,9,0,False,52.5,41.0,interactive,123
SJF,6.55,8.35,6.55,16.5,0.4444444444444444,9,0,False,41.0,41.0,interactive,123
Round Robin (q=2),9.4,11.2,8.15,17.5,0.425531914893617,11,0,False,50.75,41.0,interactive,123
Priority,8.15,9.95,8.15,19.5,0.4444444444444444,9,1,False,50.5,41.0,interactive,123
Adaptive,6.55,8.35,6.55,16.5,0.4444444444444444,9,0,True,41.0,41.0,interactive,123
FCFS,8.15,10.05,8.15,16.5,0.425531914893617,9,0,False,49.0,39.5,interactive,124
SJF,6.25,8.15,6.25,16.5,0.425531914893617,9,1,False,39.5,39.5,interactive,124
Round Robin (q=2),9.4,11.3,7.75,18.0,0.4,12,0,False,49.4,39.5,interactive,124
Priority,8.95,10.85,8.95,18.5,0.425531914893617,9,0,False,54.0,39.5,interactive,124
Adaptive,6.35,8.25,6.35,16.5,0.425531914893617,9,0,True,40.0,39.5,interactive,124
FCFS,8.65,10.85,8.65,17.5,0.37735849056603776,9,0,False,52.0,45.0,interactive,125
SJF,7.25,9.45,7.25,17.5,0.37735849056603776,9,0,False,45.0,45.0,interactive,125
Round Robin (q=2),12.65,14.85,7.1,20.5,0.3448275862068966,14,0,False,51.3,45.0,interactive,125
Priority,8.65,10.85,8.65,20.0,0.37735849056603776,9,1,False,53.25,45.0,interactive,125
Adaptive,7.25,9.45,7.25,17.5,0.37735849056603776,9,0,True,45.0,45.0,interactive,125
FCFS,8.25,10.35,8.25,16.5,0.39215686274509803,9,0,False,49.5,46.25,interactive,126
SJF,7.55,9.65,7.55,17.0,0.39215686274509803,9,1,False,46.25,46.25,interactive,126
Round Robin (q=2),10.15,12.25,7.65,20.5,0.37037037037037035,12,1,False,51.0,46.25,interactive,126
Priority,8.95,11.05,8.95,17.5,0.39215686274509803,9,0,False,53.5,46.25,interactive,126
Adaptive,7.65,9.75,7.65,16.5,0.39215686274509803,9,0,True,46.5,46.25,interactive,126
FCFS,7.25,8.95,7.25,12.5,0.46511627906976744,9,0,False,42.5,33.0,interactive,127
SJF,5.05,6.75,5.05,15.5,0.46511627906976744,9,2,False,33.0,33.0,interactive,127
Round Robin (q=2),8.3,10.0,6.7,16.5,0.4444444444444444,11,0,False,43.35,33.0,interactive,127
Priority,7.05,8.75,7.05,17.0,0.46511627906976744,9,2,False,43.75,33.0,interactive,127
Adaptive,5.35,7.05,5.35,13.0,0.46511627906976744,9,1,True,33.25,33.0,interactive,127
FCFS,7.65,9.55,7.65,16.5,0.425531914893617,9,0,False,46.5,42.5,interactive,128
SJF,6.75,8.65,6.75,17.5,0.425531914893617,9,1,False,42.5,42.5,interactive,128
Round Robin (q=2),9.15,11.05,6.75,18.5,0.40816326530612246,11,0,False,45.4,42.5,interactive,128
Priority,7.35,9.25,7.35,16.5,0.425531914893617,9,0,False,45.0,42.5,interactive,128
Adaptive,6.75,8.65,6.75,17.5,0.425531914893617,9,1,True,42.5,42.5,interactive,128
FCFS,8.45,10.05,8.45,17.5,0.4878048780487805,9,0,False,51.0,40.5,interactive,129
SJF,6.55,8.15,6.55,15.5,0.4878048780487805,9,1,False,40.5,40.5,interactive,129
Round Robin (q=2),9.3,10.9,7.65,17.0,0.46511627906976744,11,0,False,48.400000000000006,40.5,interactive,129
Priority,8.65,10.25,8.65,17.5,0.4878048780487805,9,1,False,52.0,40.5,interactive,129
Adaptive,6.55,8.15,6.55,15.5,0.4878048780487805,9,1,True,40.5,40.5,interactive,129
FCFS,9.75,11.85,9.75,19.5,0.39215686274509803,9,0,False,58.5,52.0,interactive,130
SJF,8.35,10.45,8.35,20.5,0.39215686274509803,9,1,False,52.0,52.0,interactive,130
Round Robin (q=2),12.25,14.35,8.35,22.0,0.37037037037037035,12,0,False,56.65,52.0,interactive,130
Priority,10.15,12.25,10.15,22.5,0.39215686274509803,9,1,False,62.0,52.0,interactive,130
Adaptive,8.35,10.45,8.35,20.5,0.39215686274509803,9,1,True,52.0,52.0,interactive,130
FCFS,11.85,14.35,11.85,24.5,0.3389830508474576,9,0,False,71.5,68.0,interactive,131
SJF,11.15,13.65,11.15,24.5,0.3389830508474576,9,0,False,68.0,68.0,interactive,131
Round Robin (q=2),16.15,18.65,10.15,27.0,0.3125,14,0,False,70.25,68.0,interactive,131
Priority,12.35,14.85,12.35,25.5,0.3389830508474576,9,0,False,74.5,68.0,interactive,131
Adaptive,11.15,13.65,11.15,24.5,0.3389830508474576,9,0,True,68.0,68.0,interactive,131
FCFS,5.45,6.95,5.45,11.5,0.5128205128205128,9,0,False,33.0,30.0,interactive,132
SJF,4.85,6.35,4.85,11.5,0.5128205128205128,9,1,False,30.0,30.0,interactive,132
Round Robin (q=2),6.1,7.6,5.05,14.0,0.4878048780487805,11,1,False,33.3,30.0,interactive,132
Priority,5.45,6.95,5.45,13.5,0.5128205128205128,9,2,False,34.0,30.0,interactive,132
Adaptive,4.85,6.35,4.85,11.5,0.5128205128205128,9,1,True,30.0,30.0,interactive,132
FCFS,9.95,12.15,9.95,19.5,0.37735849056603776,9,0,False,59.5,49.0,interactive,133
SJF,7.95,10.15,7.95,18.5,0.37735849056603776,9,0,False,49.0,49.0,interactive,133
Round Robin (q=2),14.15,16.35,7.65,21.0,0.3448275862068966,14,0,False,55.25,49.0,interactive,133
Priority,9.15,11.35,9.15,18.5,0.37735849056603776,9,0,False,55.0,49.0,interactive,133
Adaptive,8.05,10.25,8.05,18.5,0.37735849056603776,9,0,True,49.5,49.0,interactive,133
FCFS,8.15,10.15,8.15,16.5,0.40816326530612246,9,0,False,49.0,39.0,interactive,134
SJF,6.25,8.25,6.25,15.5,0.40816326530612246,9,0,False,39.0,39.0,interactive,134
Round Robin (q=2),10.1,12.1,7.3,17.5,0.37735849056603776,13,0,False,48.05,39.0,interactive,134
Priority,8.85,10.85,8.85,17.5,0.40816326530612246,9,0,False,53.0,39.0,interactive,134
Adaptive,6.45,8.45,6.45,15.5,0.40816326530612246,9,0,True,40.0,39.0,interactive,134
FCFS,10.75,13.25,10.75,20.5,0.3389830508474576,9,0,False,64.0,60.0,interactive,135
SJF,9.95,12.45,9.95,20.5,0.3389830508474576,9,0,False,60.0,60.0,interactive,135
Round Robin (q=2),15.15,17.65,9.2,24.0,0.3125,14,0,False,63.949999999999996,60.0,interactive,135
Priority,10.85,13.35,10.85,22.5,0.3389830508474576,9,1,False,65.5,60.0,interactive,135
Adaptive,10.15,12.65,10.15,20.5,0.3389830508474576,9,0,True,61.0,60.0,interactive,135
FCFS,10.55,12.95,10.55,21.5,0.3508771929824561,9,0,False,63.5,57.0,interactive,136
SJF,9.25,11.65,9.25,21.5,0.3508771929824561,9,0,False,57.0,57.0,interactive,136
Round Robin (q=2),15.55,17.95,8.55,24.5,0.31746031746031744,15,0,False,62.0,57.0,interactive,136
Priority,9.95,12.35,9.95,23.5,0.3508771929824561,9,1,False,61.5,57.0,interactive,136
Adaptive,9.25,11.65,9.25,21.5,0.3508771929824561,9,0,True,57.0,57.0,interactive,136
FCFS,6.85,8.75,6.85,15.5,0.425531914893617,9,0,False,42.0,33.5,interactive,137
SJF,5.15,7.05,5.15,15.5,0.425531914893617,9,2,False,33.5,33.5,interactive,137
Round Robin (q=2),8.9,10.8,5.55,17.0,0.4,12,0,False,39.6,33.5,interactive,137
Priority,6.95,8.85,6.95,17.5,0.425531914893617,9,1,False,43.5,33.5,interactive,137
Adaptive,5.15,7.05,5.15,15.5,0.425531914893617,9,2,True,33.5,33.5,interactive,137
FCFS,7.75,9.55,7.75,16.5,0.4444444444444444,9,0,False,47.0,39.5,interactive,138
SJF,6.25,8.05,6.25,16.5,0.4444444444444444,9,0,False,39.5,39.5,interactive,138
Round Robin (q=2),8.95,10.75,6.85,17.5,0.425531914893617,11,0,False,45.099999999999994,39.5,interactive,138
Priority,7.55,9.35,7.55,18.0,0.4444444444444444,9,1,False,46.75,39.5,interactive,138
Adaptive,6.25,8.05,6.25,16.5,0.4444444444444444,9,0,True,39.5,39.5,interactive,138
FCFS,12.35,14.85,12.35,24.5,0.3389830508474576,9,0,False,74.0,61.0,interactive,139
SJF,9.95,12.45,9.95,22.5,0.3389830508474576,9,0,False,61.0,61.0,interactive,139
Round Robin (q=2),19.55,22.05,9.35,26.0,0.30303030303030304,16,0,False,69.95,61.0,interactive,139
Priority,12.65,15.15,12.65,24.5,0.3389830508474576,9,0,False,75.5,61.0,interactive,139
Adaptive,9.95,12.45,9.95,22.5,0.3389830508474576,9,0,True,61.0,61.0,interactive,139
FCFS,9.75,11.65,9.75,18.5,0.425531914893617,9,0,False,58.0,46.5,interactive,140
SJF,7.35,9.25,7.35,19.5,0.425531914893617,9,2,False,46.5,46.5,interactive,140
Round Robin (q=2),12.3,14.2,8.2,21.0,0.4,12,0,False,55.599999999999994,46.5,interactive,140
Priority,10.85,12.75,10.85,21.5,0.425531914893617,9,0,False,65.0,46.5,interactive,140
Adaptive,7.35,9.25,7.35,19.5,0.425531914893617,9,2,True,46.5,46.5,interactive,140
FCFS,11.65,13.95,11.65,20.5,0.36363636363636365,9,0,False,68.5,56.0,interactive,141
SJF,9.05,11.35,9.05,21.5,0.36363636363636365,9,0,False,56.0,56.0,interactive,141
Round Robin (q=2),16.5,18.8,9.35,24.0,0.3333333333333333,14,0,False,65.9,56.0,interactive,141
Priority,11.15,13.45,11.15,23.0,0.36363636363636365,9,1,False,67.25,56.0,interactive,141
Adaptive,9.65,11.95,9.65,21.5,0.36363636363636365,9,0,True,59.0,56.0,interactive,141
FCFS,6.75,8.55,6.75,15.5,0.4444444444444444,9,0,False,41.5,34.5,interactive,142
SJF,5.45,7.25,5.45,14.5,0.4444444444444444,9,0,False,34.5,34.5,interactive,142
Round Robin (q=2),8.2,10.0,5.85,16.5,0.4166666666666667,12,0,False,39.849999999999994,34.5,interactive,142
Priority,6.25,8.05,6.25,16.5,0.4444444444444444,9,2,False,39.5,34.5,interactive,142
Adaptive,5.45,7.25,5.45,14.5,0.4444444444444444,9,0,True,34.5,34.5,interactive,142
FCFS,7.75,9.75,7.75,17.5,0.40816326530612246,9,0,False,47.5,43.0,interactive,143
SJF,6.85,8.85,6.85,17.5,0.40816326530612246,9,0,False,43.0,43.0,interactive,143
Round Robin (q=2),10.6,12.6,6.45,19.5,0.37735849056603776,13,0,False,46.15,43.0,interactive,143
Priority,8.75,10.75,8.75,19.0,0.40816326530612246,9,2,False,53.25,43.0,interactive,143
Adaptive,6.95,8.95,6.95,17.5,0.40816326530612246,9,0,True,43.5,43.0,interactive,143
FCFS,8.15,9.95,8.15,15.5,0.4444444444444444,9,0,False,48.5,38.0,interactive,144
SJF,5.95,7.75,5.95,16.5,0.4444444444444444,9,2,False,38.0,38.0,interactive,144
Round Robin (q=2),10.5,12.3,6.85,18.0,0.4166666666666667,12,0,False,46.9,38.0,interactive,144
Priority,9.35,11.15,9.35,19.0,0.4444444444444444,9,1,False,56.25,38.0,interactive,144
Adaptive,5.95,7.75,5.95,16.5,0.4444444444444444,9,2,True,38.0,38.0,interactive,144
FCFS,8.55,10.85,8.55,19.5,0.36363636363636365,9,0,False,52.5,49.0,interactive,145
SJF,7.85,10.15,7.85,19.5,0.36363636363636365,9,0,False,49.0,49.0,interactive,145
Round Robin (q=2),13.1,15.4,7.2,22.5,0.32786885245901637,15,0,False,53.15,49.0,interactive,145
Priority,9.25,11.55,9.25,23.5,0.36363636363636365,9,2,False,58.0,49.0,interactive,145
Adaptive,7.85,10.15,7.85,19.5,0.36363636363636365,9,0,True,49.0,49.0,interactive,145
FCFS,5.75,7.35,5.75,14.5,0.4878048780487805,9,0,False,36.0,31.0,interactive,146
SJF,4.85,6.45,4.85,13.5,0.4878048780487805,9,0,False,31.0,31.0,interactive,146
Round Robin (q=2),6.7,8.3,5.15,14.5,0.46511627906976744,11,0,False,34.55,31.0,interactive,146
Priority,5.45,7.05,5.45,14.5,0.4878048780487805,9,0,False,34.5,31.0,interactive,146
Adaptive,4.85,6.45,4.85,13.5,0.4878048780487805,9,0,True,31.0,31.0,interactive,146
FCFS,7.25,9.45,7.25,17.5,0.37735849056603776,9,0,False,45.0,43.0,interactive,147
SJF,6.85,9.05,6.85,17.5,0.37735849056603776,9,0,False,43.0,43.0,interactive,147
Round Robin (q=2),9.3,11.5,6.55,19.5,0.3508771929824561,13,0,False,45.25,43.0,interactive,147
Priority,7.95,10.15,7.95,18.5,0.37735849056603776,9,0,False,49.0,43.0,interactive,147
Adaptive,6.85,9.05,6.85,17.5,0.37735849056603776,9,0,True,43.0,43.0,interactive,147
FCFS,9.05,11.45,9.05,18.5,0.3508771929824561,9,0,False,54.5,50.0,interactive,148
SJF,8.15,10.55,8.15,18.5,0.3508771929824561,9,0,False,50.0,50.0,interactive,148
Round Robin (q=2),12.85,15.25,7.8,21.5,0.3225806451612903,14,0,False,54.8,50.0,interactive,148
Priority,9.45,11.85,9.45,18.5,0.3508771929824561,9,0,False,56.5,50.0,interactive,148
Adaptive,8.15,10.55,8.15,18.5,0.3508771929824561,9,0,True,50.0,50.0,interactive,148
FCFS,7.45,9.05,7.45,15.5,0.4878048780487805,9,0,False,45.0,43.0,interactive,149
SJF,7.05,8.65,7.05,15.5,0.4878048780487805,9,0,False,43.0,43.0,interactive,149
Round Robin (q=2),7.45,9.05,7.45,15.5,0.4878048780487805,9,0,False,45.0,43.0,interactive,149
Priority,8.15,9.75,8.15,16.5,0.4878048780487805,9,0,False,49.0,43.0,interactive,149
Adaptive,7.05,8.65,7.05,15.5,0.4878048780487805,9,0,True,43.0,43.0,interactive,149
FCFS,9.65,11.55,9.65,19.5,0.425531914893617,9,0,False,58.0,48.5,interactive,150
SJF,7.85,9.75,7.85,18.5,0.425531914893617,9,1,False,48.5,48.5,interactive,150
Round Robin (q=2),10.8,12.7,8.85,20.0,0.40816326530612246,11,0,False,56.2,48.5,interactive,150
Priority,9.15,11.05,9.15,20.5,0.425531914893617,9,2,False,56.0,48.5,interactive,150
Adaptive,7.85,9.75,7.85,18.5,0.425531914893617,9,1,True,48.5,48.5,interactive,150
FCFS,10.75,12.85,10.75,20.5,0.39215686274509803,9,0,False,64.0,55.0,interactive,151
SJF,8.95,11.05,8.95,20.5,0.39215686274509803,9,1,False,55.0,55.0,interactive,151
Round Robin (q=2),13.25,15.35,9.4,22.0,0.37037037037037035,12,0,False,61.85,55.0,interactive,151
Priority,9.75,11.85,9.75,20.5,0.39215686274509803,9,0,False,59.0,55.0,interactive,151
Adaptive,8.95,11.05,8.95,20.5,0.39215686274509803,9,1,True,55.0,55.0,interactive,151
FCFS,9.95,12.05,9.95,20.5,0.39215686274509803,9,0,False,60.0,54.0,interactive,152
SJF,8.75,10.85,8.75,20.5,0.39215686274509803,9,0,False,54.0,54.0,interactive,152
Round Robin (q=2),13.05,15.15,8.45,22.5,0.36363636363636365,13,0,False,58.099999999999994,54.0,interactive,152
Priority,10.15,12.25,10.15,20.5,0.39215686274509803,9,0,False,61.0,54.0,interactive,152
Adaptive,8.75,10.85,8.75,20.5,0.39215686274509803,9,0,True,54.0,54.0,interactive,152
FCFS,8.95,11.25,8.95,19.5,0.36363636363636365,9,0,False,54.5,50.0,interactive,153
SJF,8.05,10.35,8.05,19.5,0.36363636363636365,9,0,False,50.0,50.0,interactive,153
Round Robin (q=2),12.7,15.0,7.6,22.0,0.3333333333333333,14,0,False,54.099999999999994,50.0,interactive,153
Priority,8.55,10.85,8.55,20.5,0.36363636363636365,9,1,False,53.0,50.0,interactive,153
Adaptive,8.05,10.35,8.05,19.5,0.36363636363636365,9,0,True,50.0,50.0,interactive,153
FCFS,10.65,12.95,10.65,21.5,0.36363636363636365,9,0,False,64.0,60.5,interactive,154
SJF,9.95,12.25,9.95,21.5,0.36363636363636365,9,0,False,60.5,60.5,interactive,154
Round Robin (q=2),12.75,15.05,9.65,23.0,0.3448275862068966,12,0,False,62.85,60.5,interactive,154
Priority,11.05,13.35,11.05,24.5,0.36363636363636365,9,1,False,67.5,60.5,interactive,154
Adaptive,9.95,12.25,9.95,21.5,0.36363636363636365,9,0,True,60.5,60.5,interactive,154
FCFS,12.45,14.55,12.45,22.5,0.39215686274509803,9,0,False,73.5,56.0,interactive,155
SJF,9.05,11.15,9.05,21.5,0.39215686274509803,9,0,False,56.0,56.0,interactive,155
Round Robin (q=2),17.35,19.45,9.15,24.0,0.35714285714285715,14,0,False,65.95,56.0,interactive,155
Priority,11.45,13.55,11.45,21.5,0.39215686274509803,9,0,False,68.0,56.0,interactive,155
Adaptive,9.05,11.15,9.05,21.5,0.39215686274509803,9,0,True,56.0,56.0,interactive,155
FCFS,6.65,8.05,6.65,12.5,0.5405405405405406,9,0,False,39.5,34.5,interactive,156
SJF,5.55,6.95,5.55,13.5,0.5405405405405406,9,1,False,34.5,34.5,interactive,156
Round Robin (q=2),6.85,8.25,6.35,14.0,0.5263157894736842,10,1,False,39.25,34.5,interactive,156
Priority,6.65,8.05,6.65,13.5,0.5405405405405406,9,1,False,40.0,34.5,interactive,156
Adaptive,5.55,6.95,5.55,13.5,0.5405405405405406,9,1,True,34.5,34.5,interactive,156
FCFS,6.95,8.45,6.95,14.5,0.5128205128205128,9,0,False,42.0,38.0,interactive,157
SJF,6.05,7.55,6.05,15.5,0.5128205128205128,9,1,False,38.0,38.0,interactive,157
Round Robin (q=2),7.55,9.05,6.45,16.0,0.5,10,1,False,41.35,38.0,interactive,157
Priority,7.55,9.05,7.55,15.5,0.5128205128205128,9,0,False,45.5,38.0,interactive,157
Adaptive,6.05,7.55,6.05,15.5,0.5128205128205128,9,1,True,38.0,38.0,interactive,157
FCFS,8.15,9.95,8.15,17.5,0.4444444444444444,9,0,False,49.5,40.0,interactive,158
SJF,6.35,8.15,6.35,16.5,0.4444444444444444,9,2,False,40.0,40.0,interactive,158
Round Robin (q=2),10.4,12.2,6.85,18.0,0.4166666666666667,12,0,False,46.8,40.0,interactive,158
Priority,7.35,9.15,7.35,16.5,0.4444444444444444,9,1,False,45.0,40.0,interactive,158
Adaptive,6.35,8.15,6.35,16.5,0.4444444444444444,9,2,True,40.0,40.0,interactive,158
FCFS,7.25,9.15,7.25,14.5,0.425531914893617,9,0,False,43.5,36.0,interactive,159
SJF,5.75,7.65,5.75,14.5,0.425531914893617,9,0,False,36.0,36.0,interactive,159
Round Robin (q=2),9.4,11.3,6.35,17.0,0.39215686274509803,13,0,False,43.3,36.0,interactive,159
Priority,9.15,11.05,9.15,18.5,0.425531914893617,9,1,False,55.0,36.0,interactive,159
Adaptive,5.85,7.75,5.85,14.5,0.425531914893617,9,0,True,36.5,36.0,interactive,159
FCFS,7.85,9.85,7.85,14.5,0.40816326530612246,9,0,False,46.5,40.5,interactive,160
SJF,6.25,8.25,6.25,18.5,0.40816326530612246,9,2,False,40.5,40.5,interactive,160
Round Robin (q=2),10.2,12.2,7.0,20.0,0.38461538461538464,12,0,False,48.2,40.5,interactive,160
Priority,7.75,9.75,7.75,17.0,0.40816326530612246,9,2,False,47.25,40.5,interactive,160
Adaptive,6.75,8.75,6.75,14.5,0.40816326530612246,9,1,True,41.0,40.5,interactive,160
FCFS,10.85,13.35,10.85,21.5,0.3389830508474576,9,0,False,65.0,56.0,interactive,161
SJF,9.15,11.65,9.15,20.5,0.3389830508474576,9,0,False,56.0,56.0,interactive,161
Round Robin (q=2),17.15,19.65,8.75,24.0,0.30303030303030304,16,0,False,64.15,56.0,interactive,161
Priority,11.05,13.55,11.05,24.0,0.3389830508474576,9,1,False,67.25,56.0,interactive,161
Adaptive,9.15,11.65,9.15,20.5,0.3389830508474576,9,0,True,56.0,56.0,interactive,161
FCFS,9.95,11.95,9.95,18.5,0.40816326530612246,9,0,False,59.0,48.5,interactive,162
SJF,7.85,9.85,7.85,18.5,0.40816326530612246,9,0,False,48.5,48.5,interactive,162
Round Robin (q=2),11.6,13.6,9.05,20.0,0.38461538461538464,12,0,False,57.800000000000004,48.5,interactive,162
Priority,9.95,11.95,9.95,20.5,0.40816326530612246,9,0,False,60.0,48.5,interactive,162
Adaptive,7.85,9.85,7.85,18.5,0.40816326530612246,9,0,True,48.5,48.5,interactive,162
FCFS,8.65,10.75,8.65,17.5,0.39215686274509803,9,0,False,52.0,48.0,interactive,163
SJF,7.85,9.95,7.85,17.5,0.39215686274509803,9,0,False,48.0,48.0,interactive,163
Round Robin (q=2),11.05,13.15,7.8,20.0,0.36363636363636365,13,0,False,52.25,48.0,interactive,163
Priority,9.35,11.45,9.35,19.5,0.39215686274509803,9,0,False,56.5,48.0,interactive,163
Adaptive,7.85,9.95,7.85,17.5,0.39215686274509803,9,0,True,48.0,48.0,interactive,163
FCFS,8.25,10.45,8.25,17.5,0.37735849056603776,9,0,False,50.0,44.5,interactive,164
SJF,7.15,9.35,7.15,17.5,0.37735849056603776,9,0,False,44.5,44.5,interactive,164
Round Robin (q=2),11.0,13.2,7.5,20.0,0.3448275862068966,14,0,False,51.0,44.5,interactive,164
Priority,8.95,11.15,8.95,23.5,0.37735849056603776,9,1,False,56.5,44.5,interactive,164
Adaptive,7.25,9.45,7.25,17.5,0.37735849056603776,9,0,True,45.0,44.5,interactive,164
FCFS,10.05,12.25,10.05,21.5,0.37735849056603776,9,0,False,61.0,56.0,interactive,165
SJF,9.05,11.25,9.05,21.5,0.37735849056603776,9,0,False,56.0,56.0,interactive,165
Round Robin (q=2),13.25,15.45,8.65,23.5,0.3508771929824561,13,0,False,59.6,56.0,interactive,165
Priority,10.45,12.65,10.45,21.5,0.37735849056603776,9,0,False,63.0,56.0,interactive,165
Adaptive,9.05,11.25,9.05,21.5,0.37735849056603776,9,0,True,56.0,56.0,interactive,165
FCFS,7.95,9.85,7.95,16.5,0.425531914893617,9,0,False,48.0,42.5,interactive,166
SJF,6.75,8.65,6.75,17.5,0.425531914893617,9,1,False,42.5,42.5,interactive,166
Round Robin (q=2),9.15,11.05,7.6,18.5,0.40816326530612246,11,1,False,48.8,42.5,interactive,166
Priority,8.25,10.15,8.25,16.5,0.425531914893617,9,0,False,49.5,42.5,interactive,166
Adaptive,6.85,8.75,6.85,17.5,0.425531914893617,9,1,True,43.0,42.5,interactive,166
FCFS,5.85,7.25,5.85,10.5,0.5405405405405406,9,0,False,34.5,30.75,interactive,167
SJF,5.05,6.45,5.05,11.0,0.5405405405405406,9,2,False,30.75,30.75,interactive,167
Round Robin (q=2),5.85,7.25,5.85,10.5,0.5405405405405406,9,0,False,34.5,30.75,interactive,167
Priority,5.45,6.85,5.45,15.5,0.5405405405405406,9,1,False,35.0,30.75,interactive,167
Adaptive,5.15,6.55,5.15,11.0,0.5405405405405406,9,1,True,31.25,30.75,interactive,167
FCFS,7.85,9.75,7.85,16.5,0.425531914893617,9,0,False,47.5,40.0,interactive,168
SJF,6.35,8.25,6.35,16.5,0.425531914893617,9,2,False,40.0,40.0,interactive,168
Round Robin (q=2),10.05,11.95,6.85,18.5,0.4,12,0,False,46.7,40.0,interactive,168
Priority,7.75,9.65,7.75,16.5,0.425531914893617,9,1,False,47.0,40.0,interactive,168
Adaptive,6.45,8.35,6.45,16.5,0.425531914893617,9,1,True,40.5,40.0,interactive,168
FCFS,11.55,13.45,11.55,20.5,0.425531914893617,9,0,False,68.0,55.0,interactive,169
SJF,8.95,10.85,8.95,20.5,0.425531914893617,9,1,False,55.0,55.0,interactive,169
Round Robin (q=2),14.55,16.45,9.15,22.0,0.4,12,0,False,62.150000000000006,55.0,interactive,169
Priority,10.95,12.85,10.95,21.5,0.425531914893617,9,0,False,65.5,55.0,interactive,169
Adaptive,8.95,10.85,8.95,20.5,0.425531914893617,9,1,True,55.0,55.0,interactive,169
FCFS,7.45,9.35,7.45,14.5,0.425531914893617,9,0,False,44.5,37.5,interactive,170
SJF,6.05,7.95,6.05,14.5,0.425531914893617,9,0,False,37.5,37.5,interactive,170
Round Robin (q=2),9.35,11.25,6.65,16.5,0.39215686274509803,13,0,False,44.2,37.5,interactive,170
Priority,8.25,10.15,8.25,18.5,0.425531914893617,9,2,False,50.5,37.5,interactive,170
Adaptive,6.15,8.05,6.15,14.5,0.425531914893617,9,0,True,38.0,37.5,interactive,170
FCFS,7.75,9.25,7.75,13.5,0.5128205128205128,9,0,False,45.5,36.0,interactive,171
SJF,5.65,7.15,5.65,15.5,0.5128205128205128,9,1,False,36.0,36.0,interactive,171
Round Robin (q=2),8.4,9.9,7.1,14.5,0.5,10,0,False,44.05,36.0,interactive,171
Priority,7.55,9.05,7.55,15.5,0.5128205128205128,9,0,False,45.5,36.0,interactive,171
Adaptive,5.65,7.15,5.65,15.5,0.5128205128205128,9,1,True,36.0,36.0,interactive,171
FCFS,6.35,8.05,6.35,12.5,0.46511627906976744,9,0,False,38.0,34.0,interactive,172
SJF,5.55,7.25,5.55,12.5,0.46511627906976744,9,0,False,34.0,34.0,interactive,172
Round Robin (q=2),6.35,8.05,6.35,12.5,0.46511627906976744,9,0,False,38.0,34.0,interactive,172
Priority,7.35,9.05,7.35,17.5,0.46511627906976744,9,2,False,45.5,34.0,interactive,172
Adaptive,5.55,7.25,5.55,12.5,0.46511627906976744,9,0,True,34.0,34.0,interactive,172
FCFS,9.15,10.95,9.15,17.5,0.4444444444444444,9,0,False,54.5,48.0,interactive,173
SJF,7.75,9.55,7.75,18.5,0.4444444444444444,9,1,False,48.0,48.0,interactive,173
Round Robin (q=2),9.9,11.7,8.55,19.0,0.43478260869565216,10,0,False,53.6,48.0,interactive,173
Priority,9.35,11.15,9.35,20.5,0.4444444444444444,9,1,False,57.0,48.0,interactive,173
Adaptive,7.75,9.55,7.75,18.5,0.4444444444444444,9,1,True,48.0,48.0,interactive,173
FCFS,8.75,10.85,8.75,18.5,0.39215686274509803,9,0,False,53.0,47.0,interactive,174
SJF,7.55,9.65,7.55,18.5,0.39215686274509803,9,1,False,47.0,47.0,interactive,174
Round Robin (q=2),10.8,12.9,7.65,20.0,0.37037037037037035,12,0,False,51.400000000000006,47.0,interactive,174
Priority,8.55,10.65,8.55,18.5,0.39215686274509803,9,0,False,52.0,47.0,interactive,174
Adaptive,7.55,9.65,7.55,18.5,0.39215686274509803,9,1,True,47.0,47.0,interactive,174
FCFS,9.55,11.65,9.55,19.5,0.39215686274509803,9,0,False,57.5,54.0,interactive,175
SJF,8.75,10.85,8.75,20.5,0.39215686274509803,9,1,False,54.0,54.0,interactive,175
Round Robin (q=2),11.15,13.25,8.65,21.5,0.37735849056603776,11,0,False,56.5,54.0,interactive,175
Priority,9.45,11.55,9.45,21.5,0.39215686274509803,9,1,False,58.0,54.0,interactive,175
Adaptive,8.75,10.85,8.75,20.5,0.39215686274509803,9,1,True,54.0,54.0,interactive,175
FCFS,6.95,8.65,6.95,13.5,0.46511627906976744,9,0,False,41.5,38.5,interactive,176
SJF,6.35,8.05,6.35,13.5,0.46511627906976744,9,0,False,38.5,38.5,interactive,176
Round Robin (q=2),6.95,8.65,6.95,13.5,0.46511627906976744,9,0,False,41.5,38.5,interactive,176
Priority,6.45,8.15,6.45,18.5,0.46511627906976744,9,1,False,41.5,38.5,interactive,176
Adaptive,6.45,8.15,6.45,13.5,0.46511627906976744,9,0,True,39.0,38.5,interactive,176
FCFS,10.45,12.45,10.45,19.5,0.40816326530612246,9,0,False,62.0,48.5,interactive,177
SJF,7.85,9.85,7.85,18.5,0.40816326530612246,9,1,False,48.5,48.5,interactive,177
Round Robin (q=2),12.65,14.65,8.85,20.5,0.38461538461538464,12,0,False,58.3,48.5,interactive,177
Priority,9.25,11.25,9.25,22.5,0.40816326530612246,9,1,False,57.5,48.5,interactive,177
Adaptive,7.85,9.85,7.85,18.5,0.40816326530612246,9,1,True,48.5,48.5,interactive,177
FCFS,8.65,10.65,8.65,17.5,0.40816326530612246,9,0,False,52.0,46.0,interactive,178
SJF,7.45,9.45,7.45,17.5,0.40816326530612246,9,0,False,46.0,46.0,interactive,178
Round Robin (q=2),9.9,11.9,8.15,19.0,0.38461538461538464,12,0,False,52.0,46.0,interactive,178
Priority,10.35,12.35,10.35,21.5,0.40816326530612246,9,1,False,62.5,46.0,interactive,178
Adaptive,7.45,9.45,7.45,17.5,0.40816326530612246,9,0,True,46.0,46.0,interactive,178
FCFS,6.95,8.45,6.95,13.5,0.5128205128205128,9,0,False,41.5,29.0,interactive,179
SJF,4.45,5.95,4.45,13.5,0.5128205128205128,9,2,False,29.0,29.0,interactive,179
Round Robin (q=2),8.0,9.5,6.35,14.5,0.4878048780487805,11,0,False,40.65,29.0,interactive,179
Priority,7.55,9.05,7.55,15.0,0.5128205128205128,9,0,False,45.25,29.0,interactive,179
Adaptive,4.45,5.95,4.45,13.5,0.5128205128205128,9,2,True,29.0,29.0,interactive,179
FCFS,6.35,7.95,6.35,15.5,0.4878048780487805,9,0,False,39.5,33.5,interactive,180
SJF,5.25,6.85,5.25,14.5,0.4878048780487805,9,0,False,33.5,33.5,interactive,180
Round Robin (q=2),7.35,8.95,5.65,15.5,0.46511627906976744,11,0,False,37.7,33.5,interactive,180
Priority,6.85,8.45,6.85,16.5,0.4878048780487805,9,2,False,42.5,33.5,interactive,180
Adaptive,5.25,6.85,5.25,14.5,0.4878048780487805,9,0,True,33.5,33.5,interactive,180
FCFS,5.45,7.15,5.45,11.5,0.46511627906976744,9,0,False,33.0,28.75,interactive,181
SJF,4.55,6.25,4.55,12.0,0.46511627906976744,9,1,False,28.75,28.75,interactive,181
Round Robin (q=2),6.1,7.8,5.0,12.5,0.45454545454545453,10,1,False,32.35,28.75,interactive,181
Priority,4.95,6.65,4.95,11.5,0.46511627906976744,9,0,False,30.5,28.75,interactive,181
Adaptive,4.55,6.25,4.55,12.0,0.46511627906976744,9,1,True,28.75,28.75,interactive,181
FCFS,9.45,11.65,9.45,20.5,0.37735849056603776,9,0,False,57.5,52.0,interactive,182
SJF,8.35,10.55,8.35,20.5,0.37735849056603776,9,0,False,52.0,52.0,interactive,182
Round Robin (q=2),12.9,15.1,8.05,23.0,0.3448275862068966,14,0,False,56.6,52.0,interactive,182
Priority,9.05,11.25,9.05,22.5,0.37735849056603776,9,1,False,56.5,52.0,interactive,182
Adaptive,8.35,10.55,8.35,20.5,0.37735849056603776,9,0,True,52.0,52.0,interactive,182
FCFS,10.35,12.55,10.35,20.5,0.37735849056603776,9,0,False,62.0,53.0,interactive,183
SJF,8.55,10.75,8.55,20.5,0.37735849056603776,9,0,False,53.0,53.0,interactive,183
Round Robin (q=2),14.25,16.45,8.45,23.0,0.3448275862068966,14,0,False,59.55,53.0,interactive,183
Priority,11.05,13.25,11.05,23.5,0.37735849056603776,9,0,False,67.0,53.0,interactive,183
Adaptive,8.55,10.75,8.55,20.5,0.37735849056603776,9,0,True,53.0,53.0,interactive,183
FCFS,6.85,8.65,6.85,15.5,0.4444444444444444,9,0,False,42.0,38.5,interactive,184
SJF,6.15,7.95,6.15,15.5,0.4444444444444444,9,0,False,38.5,38.5,interactive,184
Round Robin (q=2),7.4,9.2,6.65,16.5,0.425531914893617,11,0,False,42.25,38.5,interactive,184
Priority,7.35,9.15,7.35,20.5,0.4444444444444444,9,2,False,47.0,38.5,interactive,184
Adaptive,6.15,7.95,6.15,15.5,0.4444444444444444,9,0,True,38.5,38.5,interactive,184
FCFS,9.45,11.55,9.45,19.5,0.39215686274509803,9,0,False,57.0,47.0,interactive,185
SJF,7.45,9.55,7.45,19.5,0.39215686274509803,9,2,False,47.0,47.0,interactive,185
Round Robin (q=2),13.35,15.45,7.5,21.5,0.36363636363636365,13,0,False,54.1,47.0,interactive,185
Priority,9.15,11.25,9.15,20.0,0.39215686274509803,9,1,False,55.75,47.0,interactive,185
Adaptive,7.45,9.55,7.45,19.5,0.39215686274509803,9,2,True,47.0,47.0,interactive,185
FCFS,8.05,9.95,8.05,17.5,0.425531914893617,9,0,False,49.0,40.5,interactive,186
SJF,6.55,8.45,6.55,15.5,0.425531914893617,9,1,False,40.5,40.5,interactive,186
Round Robin (q=2),9.95,11.85,7.25,18.5,0.4,12,0,False,48.2,40.5,interactive,186
Priority,9.35,11.25,9.35,17.5,0.425531914893617,9,0,False,55.5,40.5,interactive,186
Adaptive,6.55,8.45,6.55,15.5,0.425531914893617,9,1,True,40.5,40.5,interactive,186
FCFS,10.85,12.95,10.85,20.5,0.39215686274509803,9,0,False,64.5,53.0,interactive,187
SJF,8.65,10.75,8.65,19.5,0.39215686274509803,9,1,False,53.0,53.0,interactive,187
Round Robin (q=2),13.35,15.45,9.25,22.5,0.37037037037037035,12,0,False,61.6,53.0,interactive,187
Priority,10.15,12.25,10.15,19.5,0.39215686274509803,9,0,False,60.5,53.0,interactive,187
Adaptive,8.85,10.95,8.85,19.5,0.39215686274509803,9,0,True,54.0,53.0,interactive,187
FCFS,7.75,9.45,7.75,17.5,0.46511627906976744,9,0,False,47.5,40.5,interactive,188
SJF,6.55,8.25,6.55,15.5,0.46511627906976744,9,0,False,40.5,40.5,interactive,188
Round Robin (q=2),7.85,9.55,7.65,16.5,0.45454545454545453,10,0,False,46.7,40.5,interactive,188
Priority,7.75,9.45,7.75,18.5,0.46511627906976744,9,1,False,48.0,40.5,interactive,188
Adaptive,6.55,8.25,6.55,15.5,0.46511627906976744,9,0,True,40.5,40.5,interactive,188
FCFS,12.35,14.55,12.35,23.5,0.37735849056603776,9,0,False,73.5,56.0,interactive,189
SJF,9.05,11.25,9.05,21.5,0.37735849056603776,9,0,False,56.0,56.0,interactive,189
Round Robin (q=2),17.2,19.4,9.55,24.0,0.3448275862068966,14,0,False,67.4,56.0,interactive,189
Priority,12.15,14.35,12.15,23.5,0.37735849056603776,9,0,False,72.5,56.0,interactive,189
Adaptive,9.05,11.25,9.05,21.5,0.37735849056603776,9,0,True,56.0,56.0,interactive,189
FCFS,7.15,9.05,7.15,15.5,0.425531914893617,9,0,False,43.5,38.0,interactive,190
SJF,6.05,7.95,6.05,15.5,0.425531914893617,9,1,False,38.0,38.0,interactive,190
Round Robin (q=2),8.9,10.8,6.25,18.5,0.4,12,1,False,43.15,38.0,interactive,190
Priority,7.05,8.95,7.05,15.5,0.425531914893617,9,1,False,43.0,38.0,interactive,190
Adaptive,6.05,7.95,6.05,15.5,0.425531914893617,9,1,True,38.0,38.0,interactive,190
FCFS,10.85,12.85,10.85,20.5,0.40816326530612246,9,0,False,64.5,52.5,interactive,191
SJF,8.45,10.45,8.45,20.5,0.40816326530612246,9,2,False,52.5,52.5,interactive,191
Round Robin (q=2),12.65,14.65,9.55,21.5,0.39215686274509803,11,0,False,61.6,52.5,interactive,191
Priority,11.15,13.15,11.15,20.5,0.40816326530612246,9,0,False,66.0,52.5,interactive,191
Adaptive,8.45,10.45,8.45,20.5,0.40816326530612246,9,2,True,52.5,52.5,interactive,191
FCFS,9.65,12.05,9.65,21.5,0.3508771929824561,9,0,False,59.0,59.0,interactive,192
SJF,9.65,12.05,9.65,21.5,0.3508771929824561,9,0,False,59.0,59.0,interactive,192
Round Robin (q=2),11.65,14.05,9.05,23.5,0.32786885245901637,13,0,False,59.6,59.0,interactive,192
Priority,10.35,12.75,10.35,21.5,0.3508771929824561,9,0,False,62.5,59.0,interactive,192
Adaptive,9.65,12.05,9.65,21.5,0.3508771929824561,9,0,True,59.0,59.0,interactive,192
FCFS,9.25,11.55,9.25,19.5,0.36363636363636365,9,0,False,56.0,49.5,interactive,193
SJF,7.95,10.25,7.95,19.5,0.36363636363636365,9,0,False,49.5,49.5,interactive,193
Round Robin (q=2),13.25,15.55,7.75,22.0,0.3333333333333333,14,0,False,55.25,49.5,interactive,193
Priority,9.55,11.85,9.55,22.5,0.36363636363636365,9,2,False,59.0,49.5,interactive,193
Adaptive,8.05,10.35,8.05,19.5,0.36363636363636365,9,0,True,50.0,49.5,interactive,193
FCFS,11.75,14.25,11.75,24.5,0.3389830508474576,9,0,False,71.0,61.5,interactive,194
SJF,9.95,12.45,9.95,23.5,0.3389830508474576,9,0,False,61.5,61.5,interactive,194
Round Robin (q=2),17.0,19.5,9.8,26.5,0.3076923076923077,15,0,False,69.45,61.5,interactive,194
Priority,11.05,13.55,11.05,23.5,0.3389830508474576,9,0,False,67.0,61.5,interactive,194
Adaptive,9.95,12.45,9.95,23.5,0.3389830508474576,9,0,True,61.5,61.5,interactive,194
FCFS,9.45,11.35,9.45,19.5,0.425531914893617,9,0,False,57.0,43.0,interactive,195
SJF,6.85,8.75,6.85,17.5,0.425531914893617,9,0,False,43.0,43.0,interactive,195
Round Robin (q=2),12.1,14.0,7.55,19.5,0.39215686274509803,13,0,False,52.05,43.0,interactive,195
Priority,8.55,10.45,8.55,19.5,0.425531914893617,9,1,False,52.5,43.0,interactive,195
Adaptive,6.85,8.75,6.85,17.5,0.425531914893617,9,0,True,43.0,43.0,interactive,195
FCFS,8.35,10.45,8.35,17.5,0.39215686274509803,9,0,False,50.5,44.0,interactive,196
SJF,6.95,9.05,6.95,18.5,0.39215686274509803,9,0,False,44.0,44.0,interactive,196
Round Robin (q=2),12.55,14.65,6.4,21.0,0.35714285714285715,14,0,False,48.650000000000006,44.0,interactive,196
Priority,7.65,9.75,7.65,18.5,0.39215686274509803,9,1,False,47.5,44.0,interactive,196
Adaptive,7.05,9.15,7.05,18.5,0.39215686274509803,9,0,True,44.5,44.0,interactive,196
FCFS,9.85,12.05,9.85,19.5,0.37735849056603776,9,0,False,59.0,52.5,interactive,197
SJF,8.55,10.75,8.55,19.5,0.37735849056603776,9,0,False,52.5,52.5,interactive,197
Round Robin (q=2),13.65,15.85,8.2,22.0,0.3448275862068966,14,0,False,57.449999999999996,52.5,interactive,197
Priority,11.05,13.25,11.05,24.5,0.37735849056603776,9,1,False,67.5,52.5,interactive,197
Adaptive,8.55,10.75,8.55,19.5,0.37735849056603776,9,0,True,52.5,52.5,interactive,197
FCFS,9.95,12.25,9.95,21.5,0.36363636363636365,9,0,False,60.5,54.5,interactive,198
SJF,8.85,11.15,8.85,20.5,0.36363636363636365,9,0,False,54.5,54.5,interactive,198
Round Robin (q=2),13.95,16.25,8.3,23.0,0.3333333333333333,14,0,False,58.650000000000006,54.5,interactive,198
Priority,10.55,12.85,10.55,21.5,0.36363636363636365,9,0,False,63.5,54.5,interactive,198
Adaptive,9.05,11.35,9.05,20.5,0.36363636363636365,9,0,True,55.5,54.5,interactive,198
FCFS,10.95,13.35,10.95,20.5,0.3508771929824561,9,0,False,65.0,59.0,interactive,199
SJF,9.55,11.95,9.55,22.5,0.3508771929824561,9,1,False,59.0,59.0,interactive,199
Round Robin (q=2),14.85,17.25,9.55,24.5,0.32786885245901637,13,0,False,65.30000000000001,59.0,interactive,199
Priority,10.15,12.55,10.15,22.5,0.3508771929824561,9,0,False,62.0,59.0,interactive,199
Adaptive,9.75,12.15,9.75,22.5,0.3508771929824561,9,1,True,60.0,59.0,interactive,199
FCFS,35.35,42.85,35.35,68.5,0.12578616352201258,9,0,False,211.0,134.15,mixed,0
SJF,22.45,29.95,22.45,61.5,0.12578616352201258,9,2,False,143.0,134.15,mixed,0
Round Robin (q=2),55.05,62.55,10.15,77.0,0.10526315789473684,40,0,False,134.15,134.15,mixed,0
Priority,32.55,40.05,32.55,60.5,0.12578616352201258,9,0,False,193.0,134.15,mixed,0
Adaptive,55.05,62.55,10.15,77.0,0.10526315789473684,40,0,True,134.15,134.15,mixed,0
FCFS,32.35,39.45,32.35,65.5,0.13245033112582782,9,0,False,194.5,112.15,mixed,1
SJF,20.55,27.65,20.55,58.5,0.13245033112582782,9,1,False,132.0,112.15,mixed,1
Round Robin (q=2),40.15,47.25,9.0,72.0,0.11235955056179775,36,0,False,112.15,112.15,mixed,1
Priority,30.95,38.05,30.95,58.5,0.13245033112582782,9,0,False,184.0,112.15,mixed,1
Adaptive,40.15,47.25,9.0,72.0,0.11235955056179775,36,0,True,112.15,112.15,mixed,1
FCFS,29.55,36.55,29.55,55.5,0.1342281879194631,9,0,False,175.5,114.55,mixed,2
SJF,20.65,27.65,20.65,58.5,0.1342281879194631,9,2,False,132.5,114.55,mixed,2
Round Robin (q=2),45.9,52.9,8.1,72.5,0.11299435028248588,37,0,False,114.55,114.55,mixed,2
Priority,29.55,36.55,29.55,60.0,0.1342281879194631,9,1,False,177.75,114.55,mixed,2
Adaptive,45.9,52.9,8.1,72.5,0.11299435028248588,37,0,True,114.55,114.55,mixed,2
FCFS,37.85,46.35,37.85,75.5,0.11173184357541899,9,0,False,227.0,155.35000000000002,mixed,3
SJF,29.65,38.15,29.65,71.5,0.11173184357541899,9,1,False,184.0,155.35000000000002,mixed,3
Round Robin (q=2),69.65,78.15,10.3,89.0,0.09345794392523364,44,0,False,155.35000000000002,155.35000000000002,mixed,3
Priority,37.25,45.75,37.25,71.5,0.11173184357541899,9,0,False,222.0,155.35000000000002,mixed,3
Adaptive,66.3,74.8,14.8,83.0,0.09900990099009901,32,0,True,167.0,155.35000000000002,mixed,3
FCFS,29.05,36.15,29.05,66.5,0.13245033112582782,9,0,False,178.5,126.55,mixed,4
SJF,21.75,28.85,21.75,57.5,0.13245033112582782,9,1,False,137.5,126.55,mixed,4
Round Robin (q=2),50.15,57.25,10.1,72.0,0.1111111111111111,38,0,False,126.55,126.55,mixed,4
Priority,27.95,35.05,27.95,63.5,0.13245033112582782,9,2,False,171.5,126.55,mixed,4
Adaptive,50.15,57.25,10.1,72.0,0.1111111111111111,38,0,True,126.55,126.55,mixed,4
FCFS,41.05,49.05,41.05,72.5,0.11834319526627218,9,0,False,241.5,136.35,mixed,5
SJF,22.25,30.25,22.25,67.5,0.11834319526627218,9,2,False,145.0,136.35,mixed,5
Round Robin (q=2),54.8,62.8,9.95,83.5,0.09950248756218906,41,0,False,136.35,136.35,mixed,5
Priority,33.55,41.55,33.55,68.5,0.11834319526627218,9,1,False,202.0,136.35,mixed,5
Adaptive,54.8,62.8,9.95,83.5,0.09950248756218906,41,0,True,136.35,136.35,mixed,5
FCFS,39.05,48.35,39.05,75.5,0.10256410256410256,9,0,False,233.0,161.3,mixed,6
SJF,33.65,42.95,33.65,75.5,0.10256410256410256,9,1,False,206.0,161.3,mixed,6
Round Robin (q=2),74.05,83.35,9.75,96.5,0.08583690987124463,47,0,False,161.3,161.3,mixed,6
Priority,39.65,48.95,39.65,80.5,0.10256410256410256,9,0,False,238.5,161.3,mixed,6
Adaptive,67.65,76.95,13.2,89.5,0.091324200913242,33,0,True,165.2,161.3,mixed,6
FCFS,6.65,9.85,6.65,18.5,0.273972602739726,9,0,False,42.5,35.0,mixed,7
SJF,5.15,8.35,5.15,18.5,0.273972602739726,9,0,False,35.0,35.0,mixed,7
Round Robin (q=2),8.35,11.55,4.75,22.5,0.24691358024691357,17,0,False,38.6,35.0,mixed,7
Priority,7.25,10.45,7.25,18.5,0.273972602739726,9,0,False,45.5,35.0,mixed,7
Adaptive,8.35,11.55,4.75,22.5,0.24691358024691357,17,0,True,38.6,35.0,mixed,7
FCFS,19.75,25.35,19.75,46.5,0.1652892561983471,9,0,False,122.0,92.5,mixed,8
SJF,14.45,20.05,14.45,40.5,0.1652892561983471,9,0,False,92.5,92.5,mixed,8
Round Robin (q=2),29.6,35.2,9.65,49.5,0.14388489208633093,27,0,False,92.95,92.5,mixed,8
Priority,26.05,31.65,26.05,46.5,0.1652892561983471,9,0,False,153.5,92.5,mixed,8
Adaptive,29.6,35.2,9.65,49.5,0.14388489208633093,27,0,True,92.95,92.5,mixed,8
FCFS,24.65,30.65,24.65,51.5,0.15503875968992248,9,0,False,149.0,96.95,mixed,9
SJF,17.35,23.35,17.35,45.5,0.15503875968992248,9,1,False,109.5,96.95,mixed,9
Round Robin (q=2),35.75,41.75,8.3,56.0,0.13333333333333333,30,0,False,96.95,96.95,mixed,9
Priority,25.85,31.85,25.85,53.5,0.15503875968992248,9,1,False,156.0,96.95,mixed,9
Adaptive,35.75,41.75,8.3,56.0,0.13333333333333333,30,0,True,96.95,96.95,mixed,9
FCFS,30.15,37.35,30.15,62.5,0.13071895424836602,9,0,False,182.0,119.4,mixed,10
SJF,21.45,28.65,21.45,56.5,0.13071895424836602,9,1,False,135.5,119.4,mixed,10
Round Robin (q=2),49.55,56.75,8.4,72.5,0.1111111111111111,36,0,False,119.4,119.4,mixed,10
Priority,28.85,36.05,28.85,62.5,0.13071895424836602,9,1,False,175.5,119.4,mixed,10
Adaptive,49.55,56.75,8.4,72.5,0.1111111111111111,36,0,True,119.4,119.4,mixed,10
FCFS,31.15,38.55,31.15,61.5,0.12738853503184713,9,0,False,186.5,125.19999999999999,mixed,11
SJF,23.95,31.35,23.95,57.5,0.12738853503184713,9,1,False,148.5,125.19999999999999,mixed,11
Round Robin (q=2),46.8,54.2,10.6,72.0,0.10752688172043011,38,0,False,125.19999999999999,125.19999999999999,mixed,11
Priority,31.35,38.75,31.35,61.5,0.12738853503184713,9,0,False,187.5,125.19999999999999,mixed,11
Adaptive,46.8,54.2,10.6,72.0,0.10752688172043011,38,0,True,125.19999999999999,125.19999999999999,mixed,11
FCFS,25.75,33.85,25.75,65.5,0.11695906432748537,9,0,False,161.5,124.0,mixed,12
SJF,21.85,29.95,21.85,60.5,0.11695906432748537,9,1,False,139.5,124.0,mixed,12
Round Robin (q=2),49.6,57.7,8.85,78.0,0.09852216748768473,41,0,False,124.0,124.0,mixed,12
Priority,30.75,38.85,30.75,65.5,0.11695906432748537,9,3,False,186.5,124.0,mixed,12
Adaptive,49.6,57.7,8.85,78.0,0.09852216748768473,41,0,True,124.0,124.0,mixed,12
FCFS,31.85,40.95,31.85,77.5,0.10471204188481675,9,0,False,198.0,152.15,mixed,13
SJF,29.15,38.25,29.15,76.5,0.10471204188481675,9,0,False,184.0,152.15,mixed,13
Round Robin (q=2),64.65,73.75,10.0,95.0,0.08771929824561403,46,0,False,152.15,152.15,mixed,13
Priority,37.85,46.95,37.85,91.5,0.10471204188481675,9,1,False,235.0,152.15,mixed,13
Adaptive,60.6,69.7,13.15,88.5,0.09302325581395349,33,0,True,157.45,152.15,mixed,13
FCFS,40.05,49.25,40.05,85.5,0.10362694300518134,9,0,False,243.0,160.5,mixed,14
SJF,30.35,39.55,30.35,75.5,0.10362694300518134,9,0,False,189.5,160.5,mixed,14
Round Robin (q=2),70.8,80.0,10.55,95.0,0.08620689655172414,48,0,False,160.5,160.5,mixed,14
Priority,39.85,49.05,39.85,85.5,0.10362694300518134,9,0,False,242.0,160.5,mixed,14
Adaptive,65.05,74.25,14.4,88.0,0.09174311926605505,34,0,True,166.65,160.5,mixed,14
FCFS,12.75,17.65,12.75,41.5,0.1834862385321101,9,0,False,84.5,62.3,mixed,15
SJF,9.35,14.25,9.35,33.5,0.1834862385321101,9,1,False,63.5,62.3,mixed,15
Round Robin (q=2),19.25,24.15,5.45,42.5,0.15873015873015872,26,1,False,62.3,62.3,mixed,15
Priority,11.85,16.75,11.85,41.5,0.1834862385321101,9,0,False,80.0,62.3,mixed,15
Adaptive,19.25,24.15,5.45,42.5,0.15873015873015872,26,1,True,62.3,62.3,mixed,15
FCFS,32.75,41.05,32.75,73.5,0.11428571428571428,9,0,False,200.5,141.4,mixed,16
SJF,26.65,34.95,26.65,67.5,0.11428571428571428,9,1,False,167.0,141.4,mixed,16
Round Robin (q=2),61.9,70.2,9.25,85.0,0.09569377990430622,43,0,False,141.4,141.4,mixed,16
Priority,37.15,45.45,37.15,84.5,0.11428571428571428,9,1,False,228.0,141.4,mixed,16
Adaptive,61.9,70.2,9.25,85.0,0.09569377990430622,43,0,True,141.4,141.4,mixed,16
FCFS,30.05,39.05,30.05,69.5,0.10582010582010581,9,0,False,185.0,148.7,mixed,17
SJF,26.65,35.65,26.65,69.5,0.10582010582010581,9,0,False,168.0,148.7,mixed,17
Round Robin (q=2),62.65,71.65,10.45,88.5,0.0881057268722467,47,0,False,148.7,148.7,mixed,17
Priority,31.45,40.45,31.45,79.5,0.10582010582010581,9,1,False,197.0,148.7,mixed,17
Adaptive,56.2,65.2,14.2,81.5,0.09389671361502347,33,0,True,153.75,148.7,mixed,17
FCFS,30.85,38.65,30.85,67.5,0.12121212121212122,9,0,False,188.0,128.1,mixed,18
SJF,23.15,30.95,23.15,64.5,0.12121212121212122,9,1,False,148.0,128.1,mixed,18
Round Robin (q=2),53.7,61.5,8.6,80.0,0.10204081632653061,40,0,False,128.1,128.1,mixed,18
Priority,24.95,32.75,24.95,69.5,0.12121212121212122,9,1,False,159.5,128.1,mixed,18
Adaptive,53.7,61.5,8.6,80.0,0.10204081632653061,40,0,True,128.1,128.1,mixed,18
FCFS,30.15,39.35,30.15,74.5,0.10362694300518134,9,0,False,188.0,146.05,mixed,19
SJF,27.55,36.75,27.55,74.5,0.10362694300518134,9,0,False,175.0,146.05,mixed,19
Round Robin (q=2),64.25,73.45,8.7,94.0,0.08620689655172414,48,0,False,146.05,146.05,mixed,19
Priority,42.35,51.55,42.35,79.5,0.10362694300518134,9,0,False,251.5,146.05,mixed,19
Adaptive,57.3,66.5,11.8,86.5,0.09216589861751152,33,0,True,147.75,146.05,mixed,19
FCFS,37.35,45.15,37.35,66.5,0.12121212121212122,9,0,False,220.0,151.7,mixed,20
SJF,30.65,38.45,30.65,70.5,0.12121212121212122,9,1,False,188.5,151.7,mixed,20
Round Robin (q=2),69.2,77.0,10.0,85.0,0.10152284263959391,41,0,False,151.7,151.7,mixed,20
Priority,36.75,44.55,36.75,71.5,0.12121212121212122,9,0,False,219.5,151.7,mixed,20
Adaptive,69.2,77.0,10.0,85.0,0.10152284263959391,41,0,True,151.7,151.7,mixed,20
FCFS,26.15,33.05,26.15,50.0,0.1360544217687075,9,0,False,155.75,110.5,mixed,21
SJF,16.95,23.85,16.95,51.5,0.1360544217687075,9,0,False,110.5,110.5,mixed,21
Round Robin (q=2),39.2,46.1,9.75,65.5,0.11428571428571428,37,0,False,110.95,110.5,mixed,21
Priority,27.65,34.55,27.65,61.5,0.1360544217687075,9,2,False,169.0,110.5,mixed,21
Adaptive,39.2,46.1,9.75,65.5,0.11428571428571428,37,0,True,110.95,110.5,mixed,21
FCFS,27.75,36.35,27.75,73.5,0.11049723756906077,9,0,False,175.5,127.8,mixed,22
SJF,22.25,30.85,22.25,65.5,0.11049723756906077,9,0,False,144.0,127.8,mixed,22
Round Robin (q=2),49.4,58.0,8.85,86.0,0.09259259259259259,44,0,False,127.8,127.8,mixed,22
Priority,33.45,42.05,33.45,71.5,0.11049723756906077,9,1,False,203.0,127.8,mixed,22
Adaptive,45.35,53.95,11.9,76.0,0.09900990099009901,30,0,True,130.95,127.8,mixed,22
FCFS,38.75,47.25,38.75,70.5,0.11173184357541899,9,0,False,229.0,154.2,mixed,23
SJF,29.55,38.05,29.55,74.5,0.11173184357541899,9,1,False,185.0,154.2,mixed,23
Round Robin (q=2),66.15,74.65,10.7,90.5,0.09345794392523364,44,0,False,154.2,154.2,mixed,23
Priority,39.55,48.05,39.55,81.5,0.11173184357541899,9,1,False,238.5,154.2,mixed,23
Adaptive,61.15,69.65,13.7,81.0,0.1,30,0,True,156.45,154.2,mixed,23
FCFS,29.15,36.85,29.15,62.5,0.12269938650306748,9,0,False,177.0,138.3,mixed,24
SJF,23.65,31.35,23.65,66.5,0.12269938650306748,9,1,False,151.5,138.3,mixed,24
Round Robin (q=2),55.05,62.75,10.5,82.5,0.10256410256410256,41,0,False,138.3,138.3,mixed,24
Priority,28.95,36.65,28.95,74.5,0.12269938650306748,9,1,False,182.0,138.3,mixed,24
Adaptive,55.05,62.75,10.5,82.5,0.10256410256410256,41,0,True,138.3,138.3,mixed,24
FCFS,42.25,52.45,42.25,86.5,0.09389671361502347,9,0,False,254.5,171.5,mixed,25
SJF,33.35,43.55,33.35,91.5,0.09389671361502347,9,1,False,212.5,171.5,mixed,25
Round Robin (q=2),79.6,89.8,9.6,107.0,0.07782101167315175,53,0,False,171.5,171.5,mixed,25
Priority,44.45,54.65,44.45,86.5,0.09389671361502347,9,0,False,265.5,171.5,mixed,25
Adaptive,72.2,82.4,13.15,95.5,0.08298755186721991,37,0,True,172.55,171.5,mixed,25
FCFS,42.45,53.45,42.45,88.5,0.08733624454148471,9,0,False,256.5,185.15,mixed,26
SJF,39.65,50.65,39.65,88.5,0.08733624454148471,9,0,False,242.5,185.15,mixed,26
Round Robin (q=2),87.8,98.8,10.15,113.5,0.07246376811594203,56,0,False,185.15,185.15,mixed,26
Priority,49.85,60.85,49.85,98.5,0.08733624454148471,9,0,False,298.5,185.15,mixed,26
Adaptive,77.35,88.35,13.75,104.5,0.07751937984496124,38,0,True,184.6,185.15,mixed,26
FCFS,26.05,32.45,26.05,57.5,0.145985401459854,9,0,False,159.0,109.95,mixed,27
SJF,17.95,24.35,17.95,48.5,0.145985401459854,9,1,False,114.0,109.95,mixed,27
Round Robin (q=2),37.45,43.85,10.5,61.0,0.12345679012345678,34,0,False,109.95,109.95,mixed,27
Priority,26.55,32.95,26.55,59.5,0.145985401459854,9,0,False,162.5,109.95,mixed,27
Adaptive,37.45,43.85,10.5,61.0,0.12345679012345678,34,0,True,109.95,109.95,mixed,27
FCFS,32.35,40.15,32.35,62.5,0.12121212121212122,9,0,False,193.0,129.0,mixed,28
SJF,25.35,33.15,25.35,63.5,0.12121212121212122,9,0,False,158.5,129.0,mixed,28
Round Robin (q=2),49.3,57.1,10.05,79.0,0.10204081632653061,40,0,False,129.0,129.0,mixed,28
Priority,36.15,43.95,36.15,78.5,0.12121212121212122,9,1,False,220.0,129.0,mixed,28
Adaptive,49.3,57.1,10.05,79.0,0.10204081632653061,40,0,True,129.0,129.0,mixed,28
FCFS,25.05,31.45,25.05,55.5,0.145985401459854,9,0,False,153.0,89.4,mixed,29
SJF,18.95,25.35,18.95,46.5,0.145985401459854,9,0,False,118.0,89.4,mixed,29
Round Robin (q=2),31.15,37.55,7.25,58.5,0.125,32,0,False,89.4,89.4,mixed,29
Priority,24.95,31.35,24.95,48.0,0.145985401459854,9,0,False,148.75,89.4,mixed,29
Adaptive,31.15,37.55,7.25,58.5,0.125,32,0,True,89.4,89.4,mixed,29
FCFS,33.55,41.55,33.55,66.5,0.11834319526627218,9,0,False,201.0,117.9,mixed,30
SJF,23.05,31.05,23.05,61.5,0.11834319526627218,9,1,False,146.0,117.9,mixed,30
Round Robin (q=2),49.4,57.4,7.25,79.0,0.09950248756218906,41,0,False,117.9,117.9,mixed,30
Priority,41.15,49.15,41.15,75.0,0.11834319526627218,9,0,False,243.25,117.9,mixed,30
Adaptive,49.4,57.4,7.25,79.0,0.09950248756218906,41,0,True,117.9,117.9,mixed,30
FCFS,28.25,35.15,28.25,53.5,0.1360544217687075,9,0,False,168.0,114.80000000000001,mixed,31
SJF,20.55,27.45,20.55,53.5,0.1360544217687075,9,1,False,129.5,114.80000000000001,mixed,31
Round Robin (q=2),41.2,48.1,9.65,70.0,0.11560693641618497,35,0,False,114.80000000000001,114.80000000000001,mixed,31
Priority,30.15,37.05,30.15,70.5,0.1360544217687075,9,1,False,186.0,114.80000000000001,mixed,31
Adaptive,41.2,48.1,9.65,70.0,0.11560693641618497,35,0,True,114.80000000000001,114.80000000000001,mixed,31
FCFS,37.55,46.55,37.55,71.0,0.10582010582010581,9,0,False,223.25,147.0,mixed,32
SJF,26.05,35.05,26.05,79.5,0.10582010582010581,9,2,False,170.0,147.0,mixed,32
Round Robin (q=2),62.45,71.45,9.2,95.5,0.0881057268722467,47,0,False,147.0,147.0,mixed,32
Priority,42.45,51.45,42.45,87.5,0.10582010582010581,9,1,False,256.0,147.0,mixed,32
Adaptive,56.95,65.95,12.65,87.5,0.09389671361502347,33,0,True,151.3,147.0,mixed,32
FCFS,23.15,31.05,23.15,54.5,0.11976047904191617,9,0,False,143.0,119.75,mixed,33
SJF,21.45,29.35,21.45,54.5,0.11976047904191617,9,1,False,134.5,119.75,mixed,33
Round Robin (q=2),48.55,56.45,8.55,74.0,0.10152284263959391,39,0,False,119.75,119.75,mixed,33
Priority,30.45,38.35,30.45,72.5,0.11976047904191617,9,2,False,188.5,119.75,mixed,33
Adaptive,48.55,56.45,8.55,74.0,0.10152284263959391,39,0,True,119.75,119.75,mixed,33
FCFS,35.65,42.15,35.65,55.5,0.14388489208633093,9,0,False,206.0,113.0,mixed,34
SJF,17.15,23.65,17.15,54.5,0.14388489208633093,9,2,False,113.0,113.0,mixed,34
Round Robin (q=2),39.6,46.1,10.15,66.5,0.12269938650306748,33,0,False,113.45,113.0,mixed,34
Priority,31.05,37.55,31.05,58.0,0.14388489208633093,9,0,False,184.25,113.0,mixed,34
Adaptive,39.6,46.1,10.15,66.5,0.12269938650306748,33,0,True,113.45,113.0,mixed,34
FCFS,25.45,31.65,25.45,51.5,0.15037593984962405,9,0,False,153.0,92.5,mixed,35
SJF,14.15,20.35,14.15,43.5,0.15037593984962405,9,2,False,92.5,92.5,mixed,35
Round Robin (q=2),32.05,38.25,9.65,55.0,0.12903225806451613,31,0,False,98.15,92.5,mixed,35
Priority,21.05,27.25,21.05,45.0,0.15037593984962405,9,2,False,127.75,92.5,mixed,35
Adaptive,32.05,38.25,9.65,55.0,0.12903225806451613,31,0,True,98.15,92.5,mixed,35
FCFS,32.65,40.35,32.65,66.5,0.12269938650306748,9,0,False,196.5,126.9,mixed,36
SJF,21.95,29.65,21.95,65.5,0.12269938650306748,9,2,False,142.5,126.9,mixed,36
Round Robin (q=2),53.8,61.5,8.4,79.0,0.10256410256410256,41,0,False,126.9,126.9,mixed,36
Priority,35.25,42.95,35.25,75.5,0.12269938650306748,9,1,False,214.0,126.9,mixed,36
Adaptive,53.8,61.5,8.4,79.0,0.10256410256410256,41,0,True,126.9,126.9,mixed,36
FCFS,43.35,52.95,43.35,85.5,0.09950248756218906,9,0,False,259.5,178.95,mixed,37
SJF,33.55,43.15,33.55,79.5,0.09950248756218906,9,1,False,207.5,178.95,mixed,37
Round Robin (q=2),86.5,96.1,10.55,100.5,0.0823045267489712,51,0,False,178.95,178.95,mixed,37
Priority,41.05,50.65,41.05,87.5,0.09950248756218906,9,1,False,249.0,178.95,mixed,37
Adaptive,79.3,88.9,14.05,92.5,0.0881057268722467,35,0,True,181.75,178.95,mixed,37
FCFS,19.55,24.65,19.55,38.5,0.18018018018018017,9,0,False,117.0,82.55,mixed,38
SJF,12.55,17.65,12.55,40.5,0.18018018018018017,9,1,False,83.0,82.55,mixed,38
Round Robin (q=2),27.6,32.7,7.55,49.5,0.15503875968992248,27,0,False,82.55,82.55,mixed,38
Priority,21.05,26.15,21.05,38.5,0.18018018018018017,9,0,False,124.5,82.55,mixed,38
Adaptive,27.6,32.7,7.55,49.5,0.15503875968992248,27,0,True,82.55,82.55,mixed,38
FCFS,29.95,37.35,29.95,61.5,0.12738853503184713,9,0,False,180.5,128.5,mixed,39
SJF,22.05,29.45,22.05,59.5,0.12738853503184713,9,1,False,140.0,128.5,mixed,39
Round Robin (q=2),49.3,56.7,10.3,76.0,0.10810810810810811,37,0,False,128.5,128.5,mixed,39
Priority,24.85,32.25,24.85,65.5,0.12738853503184713,9,1,False,157.0,128.5,mixed,39
Adaptive,49.3,56.7,10.3,76.0,0.10810810810810811,37,0,True,128.5,128.5,mixed,39
FCFS,44.15,53.15,44.15,86.5,0.10582010582010581,9,0,False,264.0,158.1,mixed,40
SJF,29.75,38.75,29.75,76.5,0.10582010582010581,9,2,False,187.0,158.1,mixed,40
Round Robin (q=2),68.2,77.2,10.6,95.0,0.08849557522123894,46,0,False,158.1,158.1,mixed,40
Priority,39.85,48.85,39.85,86.5,0.10582010582010581,9,1,False,242.5,158.1,mixed,40
Adaptive,64.5,73.5,13.9,88.0,0.09433962264150944,32,0,True,164.1,158.1,mixed,40
FCFS,44.45,54.55,44.45,82.5,0.0947867298578199,9,0,False,263.5,173.7,mixed,41
SJF,30.45,40.55,30.45,88.5,0.0947867298578199,9,2,False,196.5,173.7,mixed,41
Round Robin (q=2),78.9,89.0,10.2,108.0,0.0784313725490196,53,0,False,173.7,173.7,mixed,41
Priority,39.65,49.75,39.65,82.5,0.0947867298578199,9,0,False,239.5,173.7,mixed,41
Adaptive,68.1,78.2,14.5,97.0,0.08438818565400844,35,0,True,174.6,173.7,mixed,41
FCFS,21.45,26.85,21.45,47.5,0.17094017094017094,9,0,False,131.0,81.0,mixed,42
SJF,12.15,17.55,12.15,40.5,0.17094017094017094,9,0,False,81.0,81.0,mixed,42
Round Robin (q=2),27.3,32.7,7.5,50.0,0.14705882352941177,28,0,False,82.3,81.0,mixed,42
Priority,17.35,22.75,17.35,40.5,0.17094017094017094,9,0,False,107.0,81.0,mixed,42
Adaptive,27.3,32.7,7.5,50.0,0.14705882352941177,28,0,True,82.3,81.0,mixed,42
FCFS,30.25,37.95,30.25,70.5,0.12269938650306748,9,0,False,186.5,127.15,mixed,43
SJF,21.15,28.85,21.15,59.5,0.12269938650306748,9,1,False,135.5,127.15,mixed,43
Round Robin (q=2),50.45,58.15,9.8,75.0,0.10309278350515463,40,0,False,127.15,127.15,mixed,43
Priority,32.55,40.25,32.55,70.5,0.12269938650306748,9,0,False,198.0,127.15,mixed,43
Adaptive,50.45,58.15,9.8,75.0,0.10309278350515463,40,0,True,127.15,127.15,mixed,43
FCFS,32.15,38.95,32.15,53.5,0.13793103448275862,9,0,False,187.5,121.55,mixed,44
SJF,20.55,27.35,20.55,56.5,0.13793103448275862,9,1,False,131.0,121.55,mixed,44
Round Robin (q=2),47.75,54.55,9.7,70.0,0.11627906976744186,36,0,False,121.55,121.55,mixed,44
Priority,36.05,42.85,36.05,66.5,0.13793103448275862,9,0,False,213.5,121.55,mixed,44
Adaptive,47.75,54.55,9.7,70.0,0.11627906976744186,36,0,True,121.55,121.55,mixed,44
FCFS,23.55,31.25,23.55,63.5,0.12269938650306748,9,0,False,149.5,106.94999999999999,mixed,45
SJF,19.55,27.25,19.55,59.5,0.12269938650306748,9,1,False,127.5,106.94999999999999,mixed,45
Round Robin (q=2),41.05,48.75,7.1,75.0,0.10309278350515463,40,0,False,106.94999999999999,106.94999999999999,mixed,45
Priority,26.75,34.45,26.75,63.5,0.12269938650306748,9,1,False,165.5,106.94999999999999,mixed,45
Adaptive,41.05,48.75,7.1,75.0,0.10309278350515463,40,0,True,106.94999999999999,106.94999999999999,mixed,45
FCFS,32.45,41.45,32.45,70.5,0.10582010582010581,9,0,False,197.5,146.4,mixed,46
SJF,25.95,34.95,25.95,68.5,0.10582010582010581,9,0,False,164.0,146.4,mixed,46
Round Robin (q=2),62.05,71.05,10.15,87.5,0.08849557522123894,46,0,False,146.4,146.4,mixed,46
Priority,40.15,49.15,40.15,83.5,0.10582010582010581,9,1,False,242.5,146.4,mixed,46
Adaptive,53.6,62.6,13.5,80.0,0.0947867298578199,31,0,True,147.6,146.4,mixed,46
FCFS,24.25,30.65,24.25,55.5,0.145985401459854,9,0,False,149.0,102.45,mixed,47
SJF,17.85,24.25,17.85,51.5,0.145985401459854,9,1,False,115.0,102.45,mixed,47
Round Robin (q=2),39.7,46.1,7.75,63.5,0.12422360248447205,33,0,False,102.45,102.45,mixed,47
Priority,24.65,31.05,24.65,55.5,0.145985401459854,9,1,False,151.0,102.45,mixed,47
Adaptive,39.7,46.1,7.75,63.5,0.12422360248447205,33,0,True,102.45,102.45,mixed,47
FCFS,43.25,52.65,43.25,90.5,0.10152284263959391,9,0,False,261.5,161.9,mixed,48
SJF,30.25,39.65,30.25,78.5,0.10152284263959391,9,0,False,190.5,161.9,mixed,48
Round Robin (q=2),71.45,80.85,10.3,98.5,0.0847457627118644,48,0,False,161.9,161.9,mixed,48
Priority,33.15,42.55,33.15,78.5,0.10152284263959391,9,0,False,205.0,161.9,mixed,48
Adaptive,63.55,72.95,13.8,91.0,0.09049773755656108,33,0,True,164.25,161.9,mixed,48
FCFS,31.35,38.45,31.35,63.0,0.13245033112582782,9,0,False,188.25,117.75,mixed,49
SJF,19.25,26.35,19.25,55.5,0.13245033112582782,9,2,False,124.0,117.75,mixed,49
Round Robin (q=2),43.35,50.45,9.6,72.0,0.11173184357541899,37,0,False,117.75,117.75,mixed,49
Priority,26.75,33.85,26.75,55.5,0.13245033112582782,9,1,False,161.5,117.75,mixed,49
Adaptive,43.35,50.45,9.6,72.0,0.11173184357541899,37,0,True,117.75,117.75,mixed,49
FCFS,48.35,58.85,48.35,87.5,0.091324200913242,9,0,False,285.5,184.75,mixed,50
SJF,38.55,49.05,38.55,87.5,0.091324200913242,9,0,False,236.5,184.75,mixed,50
Round Robin (q=2),86.1,96.6,10.6,112.5,0.07575757575757576,54,0,False,184.75,184.75,mixed,50
Priority,49.75,60.25,49.75,87.5,0.091324200913242,9,0,False,292.5,184.75,mixed,50
Adaptive,77.3,87.8,14.0,101.5,0.08130081300813008,36,0,True,184.05,184.75,mixed,50
FCFS,42.65,51.75,42.65,74.5,0.10471204188481675,9,0,False,250.5,153.9,mixed,51
SJF,29.05,38.15,29.05,77.5,0.10471204188481675,9,2,False,184.0,153.9,mixed,51
Round Robin (q=2),68.25,77.35,9.35,96.5,0.08733624454148471,47,0,False,153.9,153.9,mixed,51
Priority,34.15,43.25,34.15,82.5,0.10471204188481675,9,2,False,212.0,153.9,mixed,51
Adaptive,62.1,71.2,12.15,89.0,0.09345794392523364,32,0,True,155.2,153.9,mixed,51
FCFS,25.95,32.05,25.95,48.5,0.15267175572519084,9,0,False,154.0,92.4,mixed,52
SJF,19.55,25.65,19.55,50.5,0.15267175572519084,9,1,False,123.0,92.4,mixed,52
Round Robin (q=2),33.15,39.25,7.0,62.5,0.12903225806451613,33,0,False,92.4,92.4,mixed,52
Priority,24.65,30.75,24.65,56.5,0.15267175572519084,9,0,False,151.5,92.4,mixed,52
Adaptive,33.15,39.25,7.0,62.5,0.12903225806451613,33,0,True,92.4,92.4,mixed,52
FCFS,46.15,55.55,46.15,88.5,0.10152284263959391,9,0,False,275.0,160.05,mixed,53
SJF,31.95,41.35,31.95,76.5,0.10152284263959391,9,0,False,198.0,160.05,mixed,53
Round Robin (q=2),71.55,80.95,10.0,97.0,0.08438818565400844,49,0,False,160.05,160.05,mixed,53
Priority,47.95,57.35,47.95,88.5,0.10152284263959391,9,0,False,284.0,160.05,mixed,53
Adaptive,63.7,73.1,14.4,88.0,0.09090909090909091,32,0,True,165.3,160.05,mixed,53
FCFS,35.85,44.85,35.85,77.5,0.10582010582010581,9,0,False,218.0,156.75,mixed,54
SJF,31.75,40.75,31.75,72.5,0.10582010582010581,9,1,False,195.0,156.75,mixed,54
Round Robin (q=2),70.05,79.05,10.3,91.0,0.08968609865470852,43,0,False,156.75,156.75,mixed,54
Priority,39.95,48.95,39.95,82.5,0.10582010582010581,9,0,False,241.0,156.75,mixed,54
Adaptive,67.1,76.1,14.15,85.0,0.0947867298578199,31,0,True,166.2,156.75,mixed,54
FCFS,17.35,21.85,17.35,34.5,0.20202020202020202,9,0,False,104.0,72.0,mixed,55
SJF,11.15,15.65,11.15,32.5,0.20202020202020202,9,2,False,72.0,72.0,mixed,55
Round Robin (q=2),25.7,30.2,8.2,41.5,0.17391304347826086,25,0,False,79.25,72.0,mixed,55
Priority,15.75,20.25,15.75,34.5,0.20202020202020202,9,0,False,96.0,72.0,mixed,55
Adaptive,25.7,30.2,8.2,41.5,0.17391304347826086,25,0,True,79.25,72.0,mixed,55
FCFS,28.65,36.45,28.65,57.5,0.11976047904191617,9,0,False,172.0,123.0,mixed,56
SJF,20.55,28.35,20.55,64.5,0.11976047904191617,9,1,False,135.0,123.0,mixed,56
Round Robin (q=2),49.95,57.75,8.2,80.5,0.10050251256281408,41,0,False,123.0,123.0,mixed,56
Priority,22.05,29.85,22.05,64.5,0.11976047904191617,9,2,False,142.5,123.0,mixed,56
Adaptive,49.95,57.75,8.2,80.5,0.10050251256281408,41,0,True,123.0,123.0,mixed,56
FCFS,28.95,37.85,28.95,68.5,0.10695187165775401,9,0,False,179.0,135.1,mixed,57
SJF,25.05,33.95,25.05,71.5,0.10695187165775401,9,1,False,161.0,135.1,mixed,57
Round Robin (q=2),57.3,66.2,8.2,90.0,0.08928571428571429,46,0,False,135.1,135.1,mixed,57
Priority,29.65,38.55,29.65,68.5,0.10695187165775401,9,0,False,182.5,135.1,mixed,57
Adaptive,52.2,61.1,10.95,80.5,0.09523809523809523,32,0,True,136.25,135.1,mixed,57
FCFS,25.85,32.05,25.85,52.5,0.15037593984962405,9,0,False,155.5,115.05,mixed,58
SJF,19.05,25.25,19.05,53.5,0.15037593984962405,9,1,False,122.0,115.05,mixed,58
Round Robin (q=2),42.5,48.7,10.2,63.5,0.1282051282051282,32,0,False,115.05,115.05,mixed,58
Priority,27.35,33.55,27.35,56.5,0.15037593984962405,9,0,False,165.0,115.05,mixed,58
Adaptive,42.5,48.7,10.2,63.5,0.1282051282051282,32,0,True,115.05,115.05,mixed,58
FCFS,24.85,30.65,24.85,51.5,0.16,9,0,False,150.0,83.2,mixed,59
SJF,12.95,18.75,12.95,45.5,0.16,9,2,False,87.5,83.2,mixed,59
Round Robin (q=2),26.55,32.35,7.1,56.5,0.1360544217687075,31,2,False,83.2,83.2,mixed,59
Priority,24.25,30.05,24.25,51.5,0.16,9,0,False,147.0,83.2,mixed,59
Adaptive,26.55,32.35,7.1,56.5,0.1360544217687075,31,2,True,83.2,83.2,mixed,59
FCFS,37.85,47.25,37.85,79.5,0.10152284263959391,9,0,False,229.0,168.6,mixed,60
SJF,32.15,41.55,32.15,81.5,0.10152284263959391,9,1,False,201.5,168.6,mixed,60
Round Robin (q=2),76.35,85.75,10.5,100.5,0.08403361344537816,50,0,False,168.6,168.6,mixed,60
Priority,44.35,53.75,44.35,89.5,0.10152284263959391,9,0,False,266.5,168.6,mixed,60
Adaptive,69.0,78.4,14.0,93.0,0.08968609865470852,35,0,True,171.5,168.6,mixed,60
FCFS,25.05,29.55,25.05,38.5,0.20202020202020202,9,0,False,144.5,73.0,mixed,61
SJF,10.95,15.45,10.95,36.5,0.20202020202020202,9,2,False,73.0,73.0,mixed,61
Round Robin (q=2),27.15,31.65,9.5,43.5,0.17699115044247787,23,0,False,86.9,73.0,mixed,61
Priority,25.65,30.15,25.65,45.0,0.20202020202020202,9,0,False,150.75,73.0,mixed,61
Adaptive,27.15,31.65,9.5,43.5,0.17699115044247787,23,0,True,86.9,73.0,mixed,61
FCFS,35.25,42.25,35.25,61.5,0.1342281879194631,9,0,False,207.0,114.5,mixed,62
SJF,17.05,24.05,17.05,58.5,0.1342281879194631,9,2,False,114.5,114.5,mixed,62
Round Robin (q=2),41.85,48.85,9.3,73.0,0.11235955056179775,38,0,False,115.55000000000001,114.5,mixed,62
Priority,26.55,33.55,26.55,63.5,0.1342281879194631,9,1,False,164.5,114.5,mixed,62
Adaptive,41.85,48.85,9.3,73.0,0.11235955056179775,38,0,True,115.55000000000001,114.5,mixed,62
FCFS,37.05,46.25,37.05,73.5,0.10362694300518134,9,0,False,222.0,156.7,mixed,63
SJF,30.75,39.95,30.75,73.5,0.10362694300518134,9,1,False,190.5,156.7,mixed,63
Round Robin (q=2),68.2,77.4,10.5,93.0,0.08733624454148471,45,0,False,156.7,156.7,mixed,63
Priority,40.25,49.45,40.25,73.5,0.10362694300518134,9,0,False,238.0,156.7,mixed,63
Adaptive,64.6,73.8,13.7,85.0,0.09259259259259259,32,0,True,161.89999999999998,156.7,mixed,63
FCFS,31.25,37.55,31.25,56.5,0.14814814814814814,9,0,False,184.5,102.75,mixed,64
SJF,16.15,22.45,16.15,50.5,0.14814814814814814,9,2,False,106.0,102.75,mixed,64
Round Robin (q=2),38.1,44.4,8.35,62.5,0.12578616352201258,33,0,False,102.75,102.75,mixed,64
Priority,25.55,31.85,25.55,56.5,0.14814814814814814,9,0,False,156.0,102.75,mixed,64
Adaptive,38.1,44.4,8.35,62.5,0.12578616352201258,33,0,True,102.75,102.75,mixed,64
FCFS,35.75,43.25,35.75,65.5,0.12578616352201258,9,0,False,211.5,127.25,mixed,65
SJF,20.65,28.15,20.65,58.5,0.12578616352201258,9,2,False,132.5,127.25,mixed,65
Round Robin (q=2),51.95,59.45,9.7,73.0,0.10638297872340426,38,0,False,127.25,127.25,mixed,65
Priority,31.05,38.55,31.05,65.5,0.12578616352201258,9,0,False,188.0,127.25,mixed,65
Adaptive,51.95,59.45,9.7,73.0,0.10638297872340426,38,0,True,127.25,127.25,mixed,65
FCFS,40.45,49.15,40.45,81.5,0.1092896174863388,9,0,False,243.0,155.0,mixed,66
SJF,28.15,36.85,28.15,75.5,0.1092896174863388,9,2,False,178.5,155.0,mixed,66
Round Robin (q=2),66.5,75.2,10.5,93.0,0.09174311926605505,44,0,False,155.0,155.0,mixed,66
Priority,41.95,50.65,41.95,82.5,0.1092896174863388,9,0,False,251.0,155.0,mixed,66
Adaptive,59.5,68.2,14.35,86.0,0.09803921568627451,30,0,True,159.9,155.0,mixed,66
FCFS,13.15,17.85,13.15,22.5,0.1941747572815534,9,0,False,77.0,58.25,mixed,67
SJF,9.05,13.75,9.05,26.0,0.1941747572815534,9,2,False,58.25,58.25,mixed,67
Round Robin (q=2),20.15,24.85,7.35,36.0,0.17391304347826086,21,0,False,67.55,58.25,mixed,67
Priority,11.55,16.25,11.55,22.5,0.1941747572815534,9,0,False,69.0,58.25,mixed,67
Adaptive,20.15,24.85,7.35,36.0,0.17391304347826086,21,0,True,67.55,58.25,mixed,67
FCFS,42.05,50.45,42.05,82.5,0.11299435028248588,9,0,False,251.5,153.39999999999998,mixed,68
SJF,30.45,38.85,30.45,72.5,0.11299435028248588,9,1,False,188.5,153.39999999999998,mixed,68
Round Robin (q=2),69.1,77.5,9.95,89.0,0.09523809523809523,42,0,False,153.39999999999998,153.39999999999998,mixed,68
Priority,39.85,48.25,39.85,84.5,0.11299435028248588,9,0,False,241.5,153.39999999999998,mixed,68
Adaptive,65.6,74.0,14.35,82.5,0.10152284263959391,29,0,True,164.25,153.39999999999998,mixed,68
FCFS,18.85,23.55,18.85,38.5,0.1941747572815534,9,0,False,113.5,77.2,mixed,69
SJF,12.65,17.35,12.65,37.5,0.1941747572815534,9,2,False,82.0,77.2,mixed,69
Round Robin (q=2),26.7,31.4,7.0,45.0,0.1694915254237288,24,0,False,77.2,77.2,mixed,69
Priority,14.35,19.05,14.35,37.5,0.1941747572815534,9,2,False,90.5,77.2,mixed,69
Adaptive,26.7,31.4,7.0,45.0,0.1694915254237288,24,0,True,77.2,77.2,mixed,69
FCFS,24.65,30.95,24.65,54.5,0.14814814814814814,9,0,False,150.5,104.45,mixed,70
SJF,16.85,23.15,16.85,48.5,0.14814814814814814,9,0,False,108.5,104.45,mixed,70
Round Robin (q=2),35.0,41.3,9.8,60.5,0.12578616352201258,33,0,False,104.45,104.45,mixed,70
Priority,26.95,33.25,26.95,61.5,0.14814814814814814,9,2,False,165.5,104.45,mixed,70
Adaptive,35.0,41.3,9.8,60.5,0.12578616352201258,33,0,True,104.45,104.45,mixed,70
FCFS,35.55,43.55,35.55,74.5,0.11834319526627218,9,0,False,215.0,146.95,mixed,71
SJF,27.15,35.15,27.15,66.5,0.11834319526627218,9,0,False,169.0,146.95,mixed,71
Round Robin (q=2),63.1,71.1,10.65,82.5,0.09950248756218906,41,0,False,146.95,146.95,mixed,71
Priority,35.15,43.15,35.15,74.5,0.11834319526627218,9,0,False,213.0,146.95,mixed,71
Adaptive,63.1,71.1,10.65,82.5,0.09950248756218906,41,0,True,146.95,146.95,mixed,71
FCFS,32.15,39.55,32.15,60.5,0.12738853503184713,9,0,False,191.0,122.55,mixed,72
SJF,23.55,30.95,23.55,57.5,0.12738853503184713,9,1,False,146.5,122.55,mixed,72
Round Robin (q=2),48.65,56.05,9.35,73.0,0.10695187165775401,39,0,False,122.55,122.55,mixed,72
Priority,34.05,41.45,34.05,68.5,0.12738853503184713,9,1,False,204.5,122.55,mixed,72
Adaptive,48.65,56.05,9.35,73.0,0.10695187165775401,39,0,True,122.55,122.55,mixed,72
FCFS,25.35,31.35,25.35,52.5,0.15503875968992248,9,0,False,153.0,107.85,mixed,73
SJF,17.55,23.55,17.55,53.5,0.15503875968992248,9,2,False,114.5,107.85,mixed,73
Round Robin (q=2),42.2,48.2,8.6,62.5,0.13245033112582782,31,0,False,107.85,107.85,mixed,73
Priority,22.35,28.35,22.35,48.5,0.15503875968992248,9,0,False,136.0,107.85,mixed,73
Adaptive,42.2,48.2,8.6,62.5,0.13245033112582782,31,0,True,107.85,107.85,mixed,73
FCFS,31.55,38.25,31.55,62.5,0.13986013986013987,9,0,False,189.0,113.35,mixed,74
SJF,20.35,27.05,20.35,55.5,0.13986013986013987,9,1,False,129.5,113.35,mixed,74
Round Robin (q=2),40.9,47.6,9.55,68.5,0.11834319526627218,35,0,False,113.35,113.35,mixed,74
Priority,31.75,38.45,31.75,62.5,0.13986013986013987,9,0,False,190.0,113.35,mixed,74
Adaptive,40.9,47.6,9.55,68.5,0.11834319526627218,35,0,True,113.35,113.35,mixed,74
FCFS,41.25,51.15,41.25,84.5,0.0966183574879227,9,0,False,248.5,166.9,mixed,75
SJF,32.75,42.65,32.75,83.5,0.0966183574879227,9,2,False,205.5,166.9,mixed,75
Round Robin (q=2),80.15,90.05,8.5,105.5,0.08,52,0,False,166.9,166.9,mixed,75
Priority,44.55,54.45,44.55,92.0,0.0966183574879227,9,1,False,268.75,166.9,mixed,75
Adaptive,75.7,85.6,12.1,99.0,0.08547008547008547,36,0,True,173.6,166.9,mixed,75
FCFS,38.15,46.85,38.15,73.5,0.1092896174863388,9,0,False,227.5,148.6,mixed,76
SJF,26.95,35.65,26.95,71.5,0.1092896174863388,9,1,False,170.5,148.6,mixed,76
Round Robin (q=2),61.35,70.05,10.5,90.5,0.09174311926605505,44,0,False,148.6,148.6,mixed,76
Priority,39.35,48.05,39.35,71.5,0.1092896174863388,9,0,False,232.5,148.6,mixed,76
Adaptive,57.8,66.5,13.75,82.5,0.0975609756097561,31,0,True,154.05,148.6,mixed,76
FCFS,34.35,43.75,34.35,85.5,0.10152284263959391,9,0,False,214.5,156.39999999999998,mixed,77
SJF,29.55,38.95,29.55,77.5,0.10152284263959391,9,0,False,186.5,156.39999999999998,mixed,77
Round Robin (q=2),65.1,74.5,10.7,97.0,0.0851063829787234,47,0,False,156.39999999999998,156.39999999999998,mixed,77
Priority,34.65,44.05,34.65,82.5,0.10152284263959391,9,1,False,214.5,156.39999999999998,mixed,77
Adaptive,61.45,70.85,14.35,90.5,0.09009009009009009,34,0,True,164.1,156.39999999999998,mixed,77
FCFS,24.45,32.05,24.45,55.5,0.12422360248447205,9,0,False,150.0,116.7,mixed,78
SJF,22.35,29.95,22.35,55.5,0.12422360248447205,9,0,False,139.5,116.7,mixed,78
Round Robin (q=2),49.0,56.6,8.05,71.0,0.10471204188481675,39,0,False,116.7,116.7,mixed,78
Priority,30.55,38.15,30.55,68.5,0.12422360248447205,9,2,False,187.0,116.7,mixed,78
Adaptive,49.0,56.6,8.05,71.0,0.10471204188481675,39,0,True,116.7,116.7,mixed,78
FCFS,27.15,34.15,27.15,54.5,0.1342281879194631,9,0,False,163.0,119.05,mixed,79
SJF,22.75,29.75,22.75,54.5,0.1342281879194631,9,1,False,141.0,119.05,mixed,79
Round Robin (q=2),46.25,53.25,9.45,70.0,0.11428571428571428,35,0,False,119.05,119.05,mixed,79
Priority,26.35,33.35,26.35,62.5,0.1342281879194631,9,0,False,163.0,119.05,mixed,79
Adaptive,46.25,53.25,9.45,70.0,0.11428571428571428,35,0,True,119.05,119.05,mixed,79
FCFS,36.55,45.85,36.55,73.5,0.10256410256410256,9,0,False,219.5,155.7,mixed,80
SJF,29.05,38.35,29.05,73.5,0.10256410256410256,9,1,False,182.0,155.7,mixed,80
Round Robin (q=2),68.95,78.25,10.0,93.5,0.08620689655172414,46,0,False,155.7,155.7,mixed,80
Priority,36.25,45.55,36.25,80.5,0.10256410256410256,9,1,False,221.5,155.7,mixed,80
Adaptive,66.0,75.3,14.1,87.5,0.09090909090909091,34,0,True,166.15,155.7,mixed,80
FCFS,42.85,52.25,42.85,76.5,0.10152284263959391,9,0,False,252.5,160.7,mixed,81
SJF,32.75,42.15,32.75,79.5,0.10152284263959391,9,1,False,203.5,160.7,mixed,81
Round Robin (q=2),70.55,79.95,10.1,99.5,0.08438818565400844,49,0,False,160.7,160.7,mixed,81
Priority,39.75,49.15,39.75,81.5,0.10152284263959391,9,1,False,239.5,160.7,mixed,81
Adaptive,62.75,72.15,14.55,90.0,0.09049773755656108,33,0,True,165.95,160.7,mixed,81
FCFS,41.75,50.15,41.75,78.5,0.11299435028248588,9,0,False,248.0,148.15,mixed,82
SJF,29.75,38.15,29.75,69.5,0.11299435028248588,9,0,False,183.5,148.15,mixed,82
Round Robin (q=2),62.95,71.35,10.3,88.0,0.0947867298578199,43,0,False,148.15,148.15,mixed,82
Priority,43.25,51.65,43.25,77.5,0.11299435028248588,9,0,False,255.0,148.15,mixed,82
Adaptive,60.4,68.8,13.95,82.0,0.10050251256281408,31,0,True,157.2,148.15,mixed,82
FCFS,32.15,38.55,32.15,63.5,0.145985401459854,9,0,False,192.5,107.5,mixed,83
SJF,16.05,22.45,16.05,54.5,0.145985401459854,9,2,False,107.5,107.5,mixed,83
Round Robin (q=2),38.2,44.6,9.9,66.0,0.12269938650306748,35,0,False,110.80000000000001,107.5,mixed,83
Priority,33.65,40.05,33.65,64.0,0.145985401459854,9,0,False,200.25,107.5,mixed,83
Adaptive,38.2,44.6,9.9,66.0,0.12269938650306748,35,0,True,110.80000000000001,107.5,mixed,83
FCFS,21.25,27.35,21.25,46.5,0.15267175572519084,9,0,False,129.5,101.95,mixed,84
SJF,18.05,24.15,18.05,46.5,0.15267175572519084,9,1,False,113.5,101.95,mixed,84
Round Robin (q=2),39.7,45.8,8.0,60.5,0.12987012987012986,32,0,False,101.95,101.95,mixed,84
Priority,25.15,31.25,25.15,49.5,0.15267175572519084,9,0,False,150.5,101.95,mixed,84
Adaptive,39.7,45.8,8.0,60.5,0.12987012987012986,32,0,True,101.95,101.95,mixed,84
FCFS,39.55,48.75,39.55,81.5,0.10362694300518134,9,0,False,238.5,164.85,mixed,85
SJF,30.95,40.15,30.95,78.5,0.10362694300518134,9,2,False,194.0,164.85,mixed,85
Round Robin (q=2),73.6,82.8,10.5,98.5,0.08658008658008658,47,0,False,164.85,164.85,mixed,85
Priority,32.85,42.05,32.85,77.5,0.10362694300518134,9,1,False,203.0,164.85,mixed,85
Adaptive,70.3,79.5,14.9,92.0,0.09174311926605505,34,0,True,175.9,164.85,mixed,85
FCFS,36.05,44.55,36.05,76.5,0.11173184357541899,9,0,False,218.5,129.1,mixed,86
SJF,23.15,31.65,23.15,68.5,0.11173184357541899,9,2,False,150.0,129.1,mixed,86
Round Robin (q=2),54.45,62.95,7.85,86.5,0.09302325581395349,45,0,False,129.1,129.1,mixed,86
Priority,31.75,40.25,31.75,81.5,0.11173184357541899,9,1,False,199.5,129.1,mixed,86
Adaptive,49.1,57.6,11.05,80.5,0.09950248756218906,31,0,True,133.55,129.1,mixed,86
FCFS,28.75,35.15,28.75,52.5,0.145985401459854,9,0,False,170.0,101.6,mixed,87
SJF,18.35,24.75,18.35,48.5,0.145985401459854,9,2,False,116.0,101.6,mixed,87
Round Robin (q=2),37.3,43.7,8.2,63.0,0.12422360248447205,33,0,False,101.6,101.6,mixed,87
Priority,28.85,35.25,28.85,54.5,0.145985401459854,9,0,False,171.5,101.6,mixed,87
Adaptive,37.3,43.7,8.2,63.0,0.12422360248447205,33,0,True,101.6,101.6,mixed,87
FCFS,35.05,42.85,35.05,68.5,0.12121212121212122,9,0,False,209.5,142.2,mixed,88
SJF,24.35,32.15,24.35,67.5,0.12121212121212122,9,1,False,155.5,142.2,mixed,88
Round Robin (q=2),57.85,65.65,10.65,83.5,0.10152284263959391,41,0,False,142.2,142.2,mixed,88
Priority,35.95,43.75,35.95,74.5,0.12121212121212122,9,1,False,217.0,142.2,mixed,88
Adaptive,57.85,65.65,10.65,83.5,0.10152284263959391,41,0,True,142.2,142.2,mixed,88
FCFS,49.65,60.65,49.65,93.5,0.08733624454148471,9,0,False,295.0,194.15,mixed,89
SJF,39.95,50.95,39.95,95.5,0.08733624454148471,9,1,False,247.5,194.15,mixed,89
Round Robin (q=2),93.05,104.05,10.4,119.0,0.07246376811594203,56,0,False,194.15,194.15,mixed,89
Priority,51.75,62.75,51.75,105.5,0.08733624454148471,9,0,False,311.5,194.15,mixed,89
Adaptive,86.7,97.7,14.0,108.5,0.07722007722007722,39,0,True,196.95,194.15,mixed,89
FCFS,34.15,42.05,34.15,63.5,0.11976047904191617,9,0,False,202.5,144.3,mixed,90
SJF,26.85,34.75,26.85,62.5,0.11976047904191617,9,1,False,165.5,144.3,mixed,90
Round Robin (q=2),60.9,68.8,10.6,82.0,0.10050251256281408,41,0,False,144.3,144.3,mixed,90
Priority,32.05,39.95,32.05,66.0,0.11976047904191617,9,1,False,193.25,144.3,mixed,90
Adaptive,60.9,68.8,10.6,82.0,0.10050251256281408,41,0,True,144.3,144.3,mixed,90
FCFS,41.15,51.35,41.15,89.5,0.09389671361502347,9,0,False,250.5,182.2,mixed,91
SJF,37.25,47.45,37.25,87.5,0.09389671361502347,9,0,False,230.0,182.2,mixed,91
Round Robin (q=2),85.65,95.85,10.45,109.5,0.07782101167315175,53,0,False,182.2,182.2,mixed,91
Priority,46.75,56.95,46.75,98.5,0.09389671361502347,9,1,False,283.0,182.2,mixed,91
Adaptive,81.85,92.05,14.25,102.0,0.08264462809917356,38,0,True,189.85,182.2,mixed,91
FCFS,40.85,49.55,40.85,75.5,0.1092896174863388,9,0,False,242.0,146.5,mixed,92
SJF,25.45,34.15,25.45,67.5,0.1092896174863388,9,1,False,161.0,146.5,mixed,92
Round Robin (q=2),62.5,71.2,10.0,88.0,0.09090909090909091,46,0,False,146.5,146.5,mixed,92
Priority,41.05,49.75,41.05,77.5,0.1092896174863388,9,0,False,244.0,146.5,mixed,92
Adaptive,52.45,61.15,13.85,80.0,0.09803921568627451,30,0,True,147.85,146.5,mixed,92
FCFS,39.45,48.55,39.45,75.5,0.10471204188481675,9,0,False,235.0,154.8,mixed,93
SJF,34.05,43.15,34.05,73.5,0.10471204188481675,9,0,False,207.0,154.8,mixed,93
Round Robin (q=2),68.25,77.35,9.7,95.5,0.08771929824561403,46,0,False,154.8,154.8,mixed,93
Priority,40.85,49.95,40.85,75.5,0.10471204188481675,9,0,False,242.0,154.8,mixed,93
Adaptive,62.5,71.6,14.15,85.0,0.09345794392523364,32,0,True,161.6,154.8,mixed,93
FCFS,30.45,39.55,30.45,73.5,0.10471204188481675,9,0,False,189.0,144.6,mixed,94
SJF,26.05,35.15,26.05,73.5,0.10471204188481675,9,1,False,167.0,144.6,mixed,94
Round Robin (q=2),61.1,70.2,9.25,93.0,0.08695652173913043,48,0,False,144.6,144.6,mixed,94
Priority,35.05,44.15,35.05,73.5,0.10471204188481675,9,0,False,212.0,144.6,mixed,94
Adaptive,53.6,62.7,11.2,86.0,0.09345794392523364,32,0,True,141.4,144.6,mixed,94
FCFS,32.85,39.65,32.85,59.5,0.13793103448275862,9,0,False,194.0,124.4,mixed,95
SJF,21.45,28.25,21.45,59.5,0.13793103448275862,9,2,False,137.0,124.4,mixed,95
Round Robin (q=2),48.25,55.05,9.85,73.5,0.11560693641618497,37,0,False,124.4,124.4,mixed,95
Priority,33.65,40.45,33.65,60.0,0.13793103448275862,9,0,False,198.25,124.4,mixed,95
Adaptive,48.25,55.05,9.85,73.5,0.11560693641618497,37,0,True,124.4,124.4,mixed,95
FCFS,30.55,38.35,30.55,64.5,0.12121212121212122,9,0,False,185.0,138.75,mixed,96
SJF,25.75,33.55,25.75,66.5,0.12121212121212122,9,1,False,162.0,138.75,mixed,96
Round Robin (q=2),57.15,64.95,10.15,82.0,0.10204081632653061,40,0,False,138.75,138.75,mixed,96
Priority,36.95,44.75,36.95,69.5,0.12121212121212122,9,0,False,219.5,138.75,mixed,96
Adaptive,57.15,64.95,10.15,82.0,0.10204081632653061,40,0,True,138.75,138.75,mixed,96
FCFS,38.25,46.25,38.25,71.5,0.11834319526627218,9,0,False,227.0,131.6,mixed,97
SJF,21.75,29.75,21.75,62.5,0.11834319526627218,9,1,False,140.0,131.6,mixed,97
Round Robin (q=2),52.15,60.15,9.55,82.5,0.09900990099009901,42,0,False,131.6,131.6,mixed,97
Priority,34.45,42.45,34.45,72.5,0.11834319526627218,9,0,False,208.5,131.6,mixed,97
Adaptive,52.15,60.15,9.55,82.5,0.09900990099009901,42,0,True,131.6,131.6,mixed,97
FCFS,40.25,49.85,40.25,80.5,0.09950248756218906,9,0,False,241.5,166.45,mixed,98
SJF,33.05,42.65,33.05,80.5,0.09950248756218906,9,0,False,205.5,166.45,mixed,98
Round Robin (q=2),75.9,85.5,9.95,101.5,0.0823045267489712,51,0,False,166.45,166.45,mixed,98
Priority,42.65,52.25,42.65,80.5,0.09950248756218906,9,0,False,253.5,166.45,mixed,98
Adaptive,71.55,81.15,14.1,94.5,0.08733624454148471,37,0,True,175.2,166.45,mixed,98
FCFS,29.55,37.45,29.55,67.5,0.11976047904191617,9,0,False,181.5,132.2,mixed,99
SJF,24.05,31.95,24.05,61.5,0.11976047904191617,9,1,False,151.0,132.2,mixed,99
Round Robin (q=2),54.15,62.05,9.7,78.5,0.10101010101010101,40,0,False,132.2,132.2,mixed,99
Priority,29.25,37.15,29.25,71.5,0.11976047904191617,9,2,False,182.0,132.2,mixed,99
Adaptive,54.15,62.05,9.7,78.5,0.10101010101010101,40,0,True,132.2,132.2,mixed,99
FCFS,34.15,42.35,34.15,62.5,0.11560693641618497,9,0,False,202.0,135.7,mixed,100
SJF,23.25,31.45,23.25,62.5,0.11560693641618497,9,1,False,147.5,135.7,mixed,100
Round Robin (q=2),53.7,61.9,10.25,82.0,0.0975609756097561,41,0,False,135.7,135.7,mixed,100
Priority,32.45,40.65,32.45,78.5,0.11560693641618497,9,2,False,201.5,135.7,mixed,100
Adaptive,53.7,61.9,10.25,82.0,0.0975609756097561,41,0,True,135.7,135.7,mixed,100
FCFS,39.55,47.15,39.55,68.5,0.12422360248447205,9,0,False,232.0,131.2,mixed,101
SJF,26.65,34.25,26.65,63.5,0.12422360248447205,9,1,False,165.0,131.2,mixed,101
Round Robin (q=2),53.85,61.45,9.65,77.5,0.10582010582010581,37,0,False,131.2,131.2,mixed,101
Priority,38.75,46.35,38.75,68.0,0.12422360248447205,9,0,False,227.75,131.2,mixed,101
Adaptive,53.85,61.45,9.65,77.5,0.10582010582010581,37,0,True,131.2,131.2,mixed,101
FCFS,30.45,37.25,30.45,60.5,0.13793103448275862,9,0,False,182.5,117.1,mixed,102
SJF,20.45,27.25,20.45,51.5,0.13793103448275862,9,1,False,128.0,117.1,mixed,102
Round Robin (q=2),44.15,50.95,9.55,69.5,0.11627906976744186,36,0,False,117.1,117.1,mixed,102
Priority,29.35,36.15,29.35,58.5,0.13793103448275862,9,0,False,176.0,117.1,mixed,102
Adaptive,44.15,50.95,9.55,69.5,0.11627906976744186,36,0,True,117.1,117.1,mixed,102
FCFS,22.25,28.05,22.25,44.5,0.16,9,0,False,133.5,83.2,mixed,103
SJF,13.25,19.05,13.25,42.5,0.16,9,1,False,87.5,83.2,mixed,103
Round Robin (q=2),25.5,31.3,7.8,53.0,0.136986301369863,30,1,False,83.2,83.2,mixed,103
Priority,27.05,32.85,27.05,55.0,0.16,9,1,False,162.75,83.2,mixed,103
Adaptive,25.5,31.3,7.8,53.0,0.136986301369863,30,1,True,83.2,83.2,mixed,103
FCFS,34.35,42.15,34.35,64.5,0.12121212121212122,9,0,False,204.0,135.55,mixed,104
SJF,26.75,34.55,26.75,67.5,0.12121212121212122,9,1,False,167.5,135.55,mixed,104
Round Robin (q=2),53.95,61.75,10.4,80.0,0.10204081632653061,40,0,False,135.55,135.55,mixed,104
Priority,34.75,42.55,34.75,69.5,0.12121212121212122,9,0,False,208.5,135.55,mixed,104
Adaptive,53.95,61.75,10.4,80.0,0.10204081632653061,40,0,True,135.55,135.55,mixed,104
FCFS,29.75,37.25,29.75,67.5,0.12578616352201258,9,0,False,182.5,122.05,mixed,105
SJF,20.05,27.55,20.05,59.5,0.12578616352201258,9,2,False,130.0,122.05,mixed,105
Round Robin (q=2),48.25,55.75,8.95,76.0,0.10582010582010581,39,0,False,122.05,122.05,mixed,105
Priority,26.55,34.05,26.55,67.5,0.12578616352201258,9,1,False,166.5,122.05,mixed,105
Adaptive,48.25,55.75,8.95,76.0,0.10582010582010581,39,0,True,122.05,122.05,mixed,105
FCFS,33.85,41.05,33.85,60.5,0.13071895424836602,9,0,False,199.5,123.5,mixed,106
SJF,21.55,28.75,21.55,61.5,0.13071895424836602,9,1,False,138.5,123.5,mixed,106
Round Robin (q=2),48.3,55.5,9.3,76.0,0.10989010989010989,38,0,False,123.5,123.5,mixed,106
Priority,30.45,37.65,30.45,67.5,0.13071895424836602,9,1,False,186.0,123.5,mixed,106
Adaptive,48.3,55.5,9.3,76.0,0.10989010989010989,38,0,True,123.5,123.5,mixed,106
FCFS,34.15,41.15,34.15,58.5,0.1342281879194631,9,0,False,200.0,129.7,mixed,107
SJF,22.15,29.15,22.15,58.5,0.1342281879194631,9,2,False,140.0,129.7,mixed,107
Round Robin (q=2),52.05,59.05,10.35,72.5,0.11299435028248588,37,0,False,129.7,129.7,mixed,107
Priority,28.75,35.75,28.75,64.5,0.1342281879194631,9,1,False,176.0,129.7,mixed,107
Adaptive,52.05,59.05,10.35,72.5,0.11299435028248588,37,0,True,129.7,129.7,mixed,107
FCFS,32.85,40.85,32.85,67.5,0.11834319526627218,9,0,False,198.0,132.75,mixed,108
SJF,26.15,34.15,26.15,65.5,0.11834319526627218,9,2,False,163.5,132.75,mixed,108
Round Robin (q=2),51.45,59.45,10.2,81.0,0.1,40,0,False,132.75,132.75,mixed,108
Priority,31.25,39.25,31.25,67.5,0.11834319526627218,9,0,False,190.0,132.75,mixed,108
Adaptive,51.45,59.45,10.2,81.0,0.1,40,0,True,132.75,132.75,mixed,108
FCFS,26.65,33.75,26.65,61.5,0.13245033112582782,9,0,False,164.0,115.0,mixed,109
SJF,18.25,25.35,18.25,53.5,0.13245033112582782,9,0,False,118.0,115.0,mixed,109
Round Robin (q=2),40.9,48.0,10.15,67.0,0.11235955056179775,36,0,False,115.0,115.0,mixed,109
Priority,25.05,32.15,25.05,53.5,0.13245033112582782,9,1,False,152.0,115.0,mixed,109
Adaptive,40.9,48.0,10.15,67.0,0.11235955056179775,36,0,True,115.0,115.0,mixed,109
FCFS,30.75,39.55,30.75,66.5,0.10810810810810811,9,0,False,187.0,137.2,mixed,110
SJF,23.35,32.15,23.35,66.5,0.10810810810810811,9,0,False,150.0,137.2,mixed,110
Round Robin (q=2),55.8,64.6,9.6,86.0,0.08968609865470852,47,0,False,137.2,137.2,mixed,110
Priority,35.45,44.25,35.45,86.5,0.10810810810810811,9,3,False,220.5,137.2,mixed,110
Adaptive,51.35,60.15,13.05,78.0,0.09615384615384616,32,0,True,142.55,137.2,mixed,110
FCFS,32.95,41.45,32.95,66.5,0.11173184357541899,9,0,False,198.0,139.65,mixed,111
SJF,29.45,37.95,29.45,65.5,0.11173184357541899,9,0,False,180.0,139.65,mixed,111
Round Robin (q=2),55.85,64.35,10.2,86.0,0.09389671361502347,43,0,False,139.65,139.65,mixed,111
Priority,41.95,50.45,41.95,73.5,0.11173184357541899,9,0,False,246.5,139.65,mixed,111
Adaptive,56.75,65.25,13.35,77.0,0.09900990099009901,32,0,True,148.65,139.65,mixed,111
FCFS,30.35,37.65,30.35,57.5,0.12903225806451613,9,0,False,180.5,117.75,mixed,112
SJF,23.35,30.65,23.35,52.5,0.12903225806451613,9,0,False,143.0,117.75,mixed,112
Round Robin (q=2),43.6,50.9,9.85,69.5,0.10989010989010989,36,0,False,117.75,117.75,mixed,112
Priority,38.15,45.45,38.15,57.5,0.12903225806451613,9,0,False,219.5,117.75,mixed,112
Adaptive,43.6,50.9,9.85,69.5,0.10989010989010989,36,0,True,117.75,117.75,mixed,112
FCFS,34.85,41.85,34.85,60.5,0.1342281879194631,9,0,False,204.5,132.7,mixed,113
SJF,23.75,30.75,23.75,59.5,0.1342281879194631,9,2,False,148.5,132.7,mixed,113
Round Robin (q=2),54.45,61.45,10.5,72.5,0.11428571428571428,35,0,False,132.7,132.7,mixed,113
Priority,37.05,44.05,37.05,69.5,0.1342281879194631,9,0,False,220.0,132.7,mixed,113
Adaptive,54.45,61.45,10.5,72.5,0.11428571428571428,35,0,True,132.7,132.7,mixed,113
FCFS,37.25,45.15,37.25,67.5,0.11976047904191617,9,0,False,220.0,137.6,mixed,114
SJF,24.15,32.05,24.15,60.5,0.11976047904191617,9,1,False,151.0,137.6,mixed,114
Round Robin (q=2),57.1,65.0,10.5,77.0,0.10204081632653061,38,0,False,137.6,137.6,mixed,114
Priority,37.55,45.45,37.55,72.5,0.11976047904191617,9,0,False,224.0,137.6,mixed,114
Adaptive,57.1,65.0,10.5,77.0,0.10204081632653061,38,0,True,137.6,137.6,mixed,114
FCFS,21.65,28.35,21.65,54.5,0.13986013986013987,9,0,False,135.5,100.5,mixed,115
SJF,16.45,23.15,16.45,50.5,0.13986013986013987,9,1,False,107.5,100.5,mixed,115
Round Robin (q=2),37.75,44.45,7.75,63.5,0.11834319526627218,35,0,False,100.5,100.5,mixed,115
Priority,21.15,27.85,21.15,51.5,0.13986013986013987,9,1,False,131.5,100.5,mixed,115
Adaptive,37.75,44.45,7.75,63.5,0.11834319526627218,35,0,True,100.5,100.5,mixed,115
FCFS,30.45,39.25,30.45,68.5,0.10810810810810811,9,0,False,186.5,144.65,mixed,116
SJF,28.15,36.95,28.15,71.5,0.10810810810810811,9,1,False,176.5,144.65,mixed,116
Round Robin (q=2),61.25,70.05,9.85,88.0,0.09049773755656108,45,0,False,144.65,144.65,mixed,116
Priority,30.15,38.95,30.15,68.5,0.10810810810810811,9,0,False,185.0,144.65,mixed,116
Adaptive,57.05,65.85,13.55,82.0,0.09569377990430622,33,0,True,152.25,144.65,mixed,116
FCFS,23.05,28.75,23.05,48.5,0.16260162601626016,9,0,False,139.5,107.25,mixed,117
SJF,17.65,23.35,17.65,48.5,0.16260162601626016,9,1,False,112.5,107.25,mixed,117
Round Robin (q=2),41.25,46.95,9.0,60.0,0.136986301369863,32,0,False,107.25,107.25,mixed,117
Priority,20.95,26.65,20.95,48.5,0.16260162601626016,9,1,False,129.0,107.25,mixed,117
Adaptive,41.25,46.95,9.0,60.0,0.136986301369863,32,0,True,107.25,107.25,mixed,117
FCFS,31.45,39.35,31.45,67.5,0.11976047904191617,9,0,False,191.0,123.6,mixed,118
SJF,22.95,30.85,22.95,57.5,0.11976047904191617,9,1,False,143.5,123.6,mixed,118
Round Robin (q=2),50.65,58.55,8.8,75.5,0.10152284263959391,39,0,False,123.6,123.6,mixed,118
Priority,35.65,43.55,35.65,60.5,0.11976047904191617,9,0,False,208.5,123.6,mixed,118
Adaptive,50.65,58.55,8.8,75.5,0.10152284263959391,39,0,True,123.6,123.6,mixed,118
FCFS,30.65,38.15,30.65,69.5,0.12578616352201258,9,0,False,188.0,126.0,mixed,119
SJF,21.25,28.75,21.25,64.5,0.12578616352201258,9,1,False,138.5,126.0,mixed,119
Round Robin (q=2),50.7,58.2,9.2,77.0,0.10526315789473684,40,0,False,126.0,126.0,mixed,119
Priority,28.05,35.55,28.05,67.5,0.12578616352201258,9,1,False,174.0,126.0,mixed,119
Adaptive,50.7,58.2,9.2,77.0,0.10526315789473684,40,0,True,126.0,126.0,mixed,119
FCFS,34.85,42.75,34.85,65.5,0.11976047904191617,9,0,False,207.0,129.65,mixed,120
SJF,21.25,29.15,21.25,64.5,0.11976047904191617,9,2,False,138.5,129.65,mixed,120
Round Robin (q=2),52.6,60.5,9.2,80.5,0.10050251256281408,41,0,False,129.65,129.65,mixed,120
Priority,27.75,35.65,27.75,69.5,0.11976047904191617,9,1,False,173.5,129.65,mixed,120
Adaptive,52.6,60.5,9.2,80.5,0.10050251256281408,41,0,True,129.65,129.65,mixed,120
FCFS,41.95,51.05,41.95,87.5,0.10471204188481675,9,0,False,253.5,162.2,mixed,121
SJF,30.05,39.15,30.05,78.5,0.10471204188481675,9,1,False,189.5,162.2,mixed,121
Round Robin (q=2),70.85,79.95,10.65,97.5,0.08733624454148471,47,0,False,162.2,162.2,mixed,121
Priority,37.45,46.55,37.45,82.5,0.10471204188481675,9,0,False,228.5,162.2,mixed,121
Adaptive,65.75,74.85,13.25,90.5,0.09302325581395349,33,0,True,164.0,162.2,mixed,121
FCFS,35.75,44.05,35.75,70.5,0.11428571428571428,9,0,False,214.0,139.5,mixed,122
SJF,22.75,31.05,22.75,71.5,0.11428571428571428,9,2,False,149.5,139.5,mixed,122
Round Robin (q=2),56.45,64.75,9.7,88.5,0.09569377990430622,43,0,False,139.5,139.5,mixed,122
Priority,33.95,42.25,33.95,69.5,0.11428571428571428,9,1,False,204.5,139.5,mixed,122
Adaptive,56.45,64.75,9.7,88.5,0.09569377990430622,43,0,True,139.5,139.5,mixed,122
FCFS,26.35,33.45,26.35,66.5,0.13245033112582782,9,0,False,165.0,120.25,mixed,123
SJF,19.55,26.65,19.55,54.5,0.13245033112582782,9,0,False,125.0,120.25,mixed,123
Round Robin (q=2),44.55,51.65,10.3,69.0,0.1111111111111111,38,0,False,120.25,120.25,mixed,123
Priority,21.05,28.15,21.05,54.5,0.13245033112582782,9,1,False,132.5,120.25,mixed,123
Adaptive,44.55,51.65,10.3,69.0,0.1111111111111111,38,0,True,120.25,120.25,mixed,123
FCFS,31.05,37.75,31.05,59.5,0.13986013986013987,9,0,False,185.0,123.6,mixed,124
SJF,21.95,28.65,21.95,57.5,0.13986013986013987,9,2,False,138.5,123.6,mixed,124
Round Robin (q=2),52.15,58.85,9.05,70.5,0.11834319526627218,35,0,False,123.6,123.6,mixed,124
Priority,30.35,37.05,30.35,60.5,0.13986013986013987,9,0,False,182.0,123.6,mixed,124
Adaptive,52.15,58.85,9.05,70.5,0.11834319526627218,35,0,True,123.6,123.6,mixed,124
FCFS,30.15,38.35,30.15,64.5,0.11560693641618497,9,0,False,183.0,131.5,mixed,125
SJF,22.75,30.95,22.75,64.5,0.11560693641618497,9,0,False,146.0,131.5,mixed,125
Round Robin (q=2),51.25,59.45,10.0,80.5,0.0975609756097561,41,0,False,131.5,131.5,mixed,125
Priority,37.85,46.05,37.85,81.5,0.11560693641618497,9,1,False,230.0,131.5,mixed,125
Adaptive,51.25,59.45,10.0,80.5,0.0975609756097561,41,0,True,131.5,131.5,mixed,125
FCFS,18.45,24.55,18.45,42.5,0.15037593984962405,9,0,False,113.5,87.45,mixed,126
SJF,14.15,20.25,14.15,42.5,0.15037593984962405,9,0,False,92.0,87.45,mixed,126
Round Robin (q=2),29.55,35.65,7.6,55.0,0.12738853503184713,33,0,False,87.45,87.45,mixed,126
Priority,23.55,29.65,23.55,55.5,0.15037593984962405,9,0,False,145.5,87.45,mixed,126
Adaptive,29.55,35.65,7.6,55.0,0.12738853503184713,33,0,True,87.45,87.45,mixed,126
FCFS,34.55,41.25,34.55,61.5,0.13986013986013987,9,0,False,203.5,111.5,mixed,127
SJF,23.25,29.95,23.25,57.5,0.13986013986013987,9,1,False,145.0,111.5,mixed,127
Round Robin (q=2),41.3,48.0,8.8,70.0,0.11764705882352941,36,0,False,111.5,111.5,mixed,127
Priority,35.55,42.25,35.55,61.5,0.13986013986013987,9,0,False,208.5,111.5,mixed,127
Adaptive,41.3,48.0,8.8,70.0,0.11764705882352941,36,0,True,111.5,111.5,mixed,127
FCFS,28.15,35.85,28.15,66.5,0.12269938650306748,9,0,False,174.0,122.6,mixed,128
SJF,20.95,28.65,20.95,58.5,0.12269938650306748,9,1,False,134.0,122.6,mixed,128
Round Robin (q=2),46.7,54.4,9.6,75.0,0.10204081632653061,42,0,False,122.6,122.6,mixed,128
Priority,24.75,32.45,24.75,66.5,0.12269938650306748,9,1,False,157.0,122.6,mixed,128
Adaptive,46.7,54.4,9.6,75.0,0.10204081632653061,42,0,True,122.6,122.6,mixed,128
FCFS,22.55,28.25,22.55,39.5,0.16260162601626016,9,0,False,132.5,88.85,mixed,129
SJF,19.55,25.25,19.55,39.5,0.16260162601626016,9,0,False,117.5,88.85,mixed,129
Round Robin (q=2),27.95,33.65,8.85,51.0,0.13986013986013987,29,0,False,88.85,88.85,mixed,129
Priority,27.65,33.35,27.65,44.5,0.16260162601626016,9,0,False,160.5,88.85,mixed,129
Adaptive,27.95,33.65,8.85,51.0,0.13986013986013987,29,0,True,88.85,88.85,mixed,129
FCFS,28.95,35.85,28.95,61.5,0.1360544217687075,9,0,False,175.5,112.0,mixed,130
SJF,17.45,24.35,17.45,49.5,0.1360544217687075,9,1,False,112.0,112.0,mixed,130
Round Robin (q=2),42.5,49.4,10.25,63.0,0.11494252873563218,36,0,False,115.0,112.0,mixed,130
Priority,31.85,38.75,31.85,64.5,0.1360544217687075,9,1,False,191.5,112.0,mixed,130
Adaptive,42.5,49.4,10.25,63.0,0.11494252873563218,36,0,True,115.0,112.0,mixed,130
FCFS,39.85,48.85,39.85,85.5,0.10582010582010581,9,0,False,242.0,166.85,mixed,131
SJF,32.85,41.85,32.85,78.5,0.10582010582010581,9,0,False,203.5,166.85,mixed,131
Round Robin (q=2),76.35,85.35,10.5,97.0,0.08849557522123894,46,0,False,166.85,166.85,mixed,131
Priority,40.75,49.75,40.75,81.5,0.10582010582010581,9,1,False,244.5,166.85,mixed,131
Adaptive,67.45,76.45,14.8,89.5,0.0947867298578199,31,0,True,171.4,166.85,mixed,131
FCFS,25.45,32.75,25.45,52.5,0.12903225806451613,9,0,False,153.5,114.0,mixed,132
SJF,17.55,24.85,17.55,52.5,0.12903225806451613,9,1,False,114.0,114.0,mixed,132
Round Robin (q=2),41.6,48.9,9.05,72.5,0.10810810810810811,39,0,False,114.05000000000001,114.0,mixed,132
Priority,27.25,34.55,27.25,52.5,0.12903225806451613,9,0,False,162.5,114.0,mixed,132
Adaptive,41.6,48.9,9.05,72.5,0.10810810810810811,39,0,True,114.05000000000001,114.0,mixed,132
FCFS,38.75,46.45,38.75,70.5,0.12269938650306748,9,0,False,229.0,125.55,mixed,133
SJF,20.25,27.95,20.25,58.5,0.12269938650306748,9,2,False,130.5,125.55,mixed,133
Round Robin (q=2),45.55,53.25,10.5,76.0,0.10362694300518134,39,0,False,125.55,125.55,mixed,133
Priority,26.15,33.85,26.15,64.5,0.12269938650306748,9,1,False,163.0,125.55,mixed,133
Adaptive,45.55,53.25,10.5,76.0,0.10362694300518134,39,0,True,125.55,125.55,mixed,133
FCFS,35.85,44.95,35.85,75.5,0.10471204188481675,9,0,False,217.0,160.15,mixed,134
SJF,30.95,40.05,30.95,72.5,0.10471204188481675,9,0,False,191.0,160.15,mixed,134
Round Robin (q=2),73.0,82.1,10.35,91.5,0.08733624454148471,47,0,False,160.15,160.15,mixed,134
Priority,42.55,51.65,42.55,85.5,0.10471204188481675,9,1,False,255.5,160.15,mixed,134
Adaptive,65.85,74.95,14.15,84.5,0.09302325581395349,33,0,True,164.7,160.15,mixed,134
FCFS,21.45,27.25,21.45,45.5,0.16,9,0,False,130.0,103.85,mixed,135
SJF,17.55,23.35,17.55,46.5,0.16,9,1,False,111.0,103.85,mixed,135
Round Robin (q=2),37.25,43.05,9.65,56.0,0.136986301369863,30,0,False,103.85,103.85,mixed,135
Priority,26.95,32.75,26.95,57.5,0.16,9,2,False,163.5,103.85,mixed,135
Adaptive,37.25,43.05,9.65,56.0,0.136986301369863,30,0,True,103.85,103.85,mixed,135
FCFS,33.65,41.75,33.65,67.5,0.11695906432748537,9,0,False,202.0,150.3,mixed,136
SJF,28.55,36.65,28.55,67.5,0.11695906432748537,9,1,False,176.5,150.3,mixed,136
Round Robin (q=2),65.3,73.4,10.5,86.0,0.09852216748768473,41,0,False,150.3,150.3,mixed,136
Priority,36.85,44.95,36.85,79.5,0.11695906432748537,9,2,False,224.0,150.3,mixed,136
Adaptive,65.3,73.4,10.5,86.0,0.09852216748768473,41,0,True,150.3,150.3,mixed,136
FCFS,27.15,35.55,27.15,63.5,0.11299435028248588,9,0,False,167.5,132.1,mixed,137
SJF,23.05,31.45,23.05,63.5,0.11299435028248588,9,1,False,147.0,132.1,mixed,137
Round Robin (q=2),51.85,60.25,9.25,86.5,0.09433962264150944,44,0,False,132.1,132.1,mixed,137
Priority,30.55,38.95,30.55,77.5,0.11299435028248588,9,2,False,191.5,132.1,mixed,137
Adaptive,45.35,53.75,11.55,77.0,0.10152284263959391,29,0,True,130.05,132.1,mixed,137
FCFS,28.75,35.05,28.75,54.5,0.14814814814814814,9,0,False,171.0,100.0,mixed,138
SJF,15.05,21.35,15.05,49.5,0.14814814814814814,9,2,False,100.0,100.0,mixed,138
Round Robin (q=2),37.1,43.4,9.9,61.5,0.12578616352201258,33,0,False,107.45,100.0,mixed,138
Priority,23.25,29.55,23.25,48.5,0.14814814814814814,9,1,False,140.5,100.0,mixed,138
Adaptive,37.1,43.4,9.9,61.5,0.12578616352201258,33,0,True,107.45,100.0,mixed,138
FCFS,44.45,53.65,44.45,83.5,0.10362694300518134,9,0,False,264.0,169.4,mixed,139
SJF,33.55,42.75,33.55,77.5,0.10362694300518134,9,1,False,206.5,169.4,mixed,139
Round Robin (q=2),79.65,88.85,10.5,95.5,0.08733624454148471,45,0,False,169.4,169.4,mixed,139
Priority,40.45,49.65,40.45,85.5,0.10362694300518134,9,1,False,245.0,169.4,mixed,139
Adaptive,71.5,80.7,14.6,89.5,0.09259259259259259,32,0,True,174.65,169.4,mixed,139
FCFS,30.35,38.35,30.35,66.5,0.11834319526627218,9,0,False,185.0,131.55,mixed,140
SJF,24.45,32.45,24.45,63.5,0.11834319526627218,9,1,False,154.0,131.55,mixed,140
Round Robin (q=2),58.2,66.2,8.4,79.5,0.09950248756218906,41,0,False,131.55,131.55,mixed,140
Priority,33.15,41.15,33.15,66.5,0.11834319526627218,9,0,False,199.0,131.55,mixed,140
Adaptive,58.2,66.2,8.4,79.5,0.09950248756218906,41,0,True,131.55,131.55,mixed,140
FCFS,48.65,58.25,48.65,86.5,0.09950248756218906,9,0,False,286.5,168.25,mixed,141
SJF,32.05,41.65,32.05,79.5,0.09950248756218906,9,2,False,200.0,168.25,mixed,141
Round Robin (q=2),77.6,87.2,9.85,102.5,0.08264462809917356,50,0,False,168.25,168.25,mixed,141
Priority,44.95,54.55,44.95,81.5,0.09950248756218906,9,0,False,265.5,168.25,mixed,141
Adaptive,73.05,82.65,14.55,92.5,0.08849557522123894,34,0,True,177.5,168.25,mixed,141
FCFS,38.65,46.45,38.65,73.5,0.12121212121212122,9,0,False,230.0,133.45,mixed,142
SJF,24.65,32.45,24.65,65.5,0.12121212121212122,9,2,False,156.0,133.45,mixed,142
Round Robin (q=2),52.05,59.85,10.35,80.0,0.10309278350515463,38,0,False,133.45,133.45,mixed,142
Priority,33.05,40.85,33.05,70.5,0.12121212121212122,9,0,False,200.5,133.45,mixed,142
Adaptive,52.05,59.85,10.35,80.0,0.10309278350515463,38,0,True,133.45,133.45,mixed,142
FCFS,31.65,38.65,31.65,63.5,0.1342281879194631,9,0,False,190.0,127.95,mixed,143
SJF,20.65,27.65,20.65,60.5,0.1342281879194631,9,2,False,133.5,127.95,mixed,143
Round Robin (q=2),48.1,55.1,10.65,74.5,0.11299435028248588,37,0,False,127.95,127.95,mixed,143
Priority,38.45,45.45,38.45,63.5,0.1342281879194631,9,0,False,224.0,127.95,mixed,143
Adaptive,48.1,55.1,10.65,74.5,0.11299435028248588,37,0,True,127.95,127.95,mixed,143
FCFS,28.55,35.35,28.55,52.5,0.13793103448275862,9,0,False,169.0,109.4,mixed,144
SJF,18.05,24.85,18.05,58.5,0.13793103448275862,9,1,False,119.5,109.4,mixed,144
Round Robin (q=2),42.15,48.95,8.0,70.5,0.11627906976744186,36,0,False,109.4,109.4,mixed,144
Priority,38.05,44.85,38.05,69.5,0.13793103448275862,9,0,False,225.0,109.4,mixed,144
Adaptive,42.15,48.95,8.0,70.5,0.11627906976744186,36,0,True,109.4,109.4,mixed,144
FCFS,37.55,45.45,37.55,66.5,0.11976047904191617,9,0,False,221.0,149.89999999999998,mixed,145
SJF,26.75,34.65,26.75,68.5,0.11976047904191617,9,2,False,168.0,149.89999999999998,mixed,145
Round Robin (q=2),67.1,75.0,10.2,84.0,0.10101010101010101,40,0,False,149.89999999999998,149.89999999999998,mixed,145
Priority,29.95,37.85,29.95,68.5,0.11976047904191617,9,2,False,184.0,149.89999999999998,mixed,145
Adaptive,67.1,75.0,10.2,84.0,0.10101010101010101,40,0,True,149.89999999999998,149.89999999999998,mixed,145
FCFS,41.15,51.65,41.15,90.5,0.091324200913242,9,0,False,251.0,179.55,mixed,146
SJF,35.95,46.45,35.95,90.5,0.091324200913242,9,0,False,225.0,179.55,mixed,146
Round Robin (q=2),84.2,94.7,9.65,113.5,0.07547169811320754,55,0,False,179.55,179.55,mixed,146
Priority,40.95,51.45,40.95,94.5,0.091324200913242,9,1,False,252.0,179.55,mixed,146
Adaptive,75.7,86.2,13.55,104.5,0.08097165991902834,37,0,True,182.15,179.55,mixed,146
FCFS,30.15,37.35,30.15,56.5,0.13071895424836602,9,0,False,179.0,119.9,mixed,147
SJF,21.95,29.15,21.95,59.5,0.13071895424836602,9,1,False,139.5,119.9,mixed,147
Round Robin (q=2),43.75,50.95,9.85,73.5,0.11049723756906077,37,0,False,119.9,119.9,mixed,147
Priority,27.35,34.55,27.35,56.5,0.13071895424836602,9,1,False,165.0,119.9,mixed,147
Adaptive,43.75,50.95,9.85,73.5,0.11049723756906077,37,0,True,119.9,119.9,mixed,147
FCFS,35.85,43.95,35.85,70.5,0.11695906432748537,9,0,False,214.5,141.2,mixed,148
SJF,26.45,34.55,26.45,67.5,0.11695906432748537,9,1,False,166.0,141.2,mixed,148
Round Robin (q=2),59.35,67.45,10.15,82.5,0.09803921568627451,42,0,False,141.2,141.2,mixed,148
Priority,33.25,41.35,33.25,67.5,0.11695906432748537,9,1,False,200.0,141.2,mixed,148
Adaptive,59.35,67.45,10.15,82.5,0.09803921568627451,42,0,True,141.2,141.2,mixed,148
FCFS,9.05,11.85,9.05,22.5,0.3076923076923077,9,0,False,56.5,51.0,mixed,149
SJF,7.95,10.75,7.95,22.5,0.3076923076923077,9,0,False,51.0,51.0,mixed,149
Round Robin (q=2),12.8,15.6,7.0,26.0,0.2777777777777778,16,0,False,53.8,51.0,mixed,149
Priority,9.65,12.45,9.65,22.5,0.3076923076923077,9,0,False,59.5,51.0,mixed,149
Adaptive,7.95,10.75,7.95,22.5,0.3076923076923077,9,0,True,51.0,51.0,mixed,149
FCFS,27.55,33.15,27.55,54.5,0.1652892561983471,9,0,False,165.0,91.5,mixed,150
SJF,13.75,19.35,13.75,45.5,0.1652892561983471,9,1,False,91.5,91.5,mixed,150
Round Robin (q=2),31.85,37.45,10.05,56.0,0.14084507042253522,30,0,False,100.05000000000001,91.5,mixed,150
Priority,16.65,22.25,16.65,52.5,0.1652892561983471,9,2,False,109.5,91.5,mixed,150
Adaptive,31.85,37.45,10.05,56.0,0.14084507042253522,30,0,True,100.05000000000001,91.5,mixed,150
FCFS,20.75,27.55,20.75,46.5,0.13793103448275862,9,0,False,127.0,105.35,mixed,151
SJF,17.05,23.85,17.05,46.5,0.13793103448275862,9,0,False,108.5,105.35,mixed,151
Round Robin (q=2),36.6,43.4,9.75,59.5,0.11695906432748537,35,0,False,105.35,105.35,mixed,151
Priority,30.55,37.35,30.55,59.0,0.13793103448275862,9,0,False,182.25,105.35,mixed,151
Adaptive,36.6,43.4,9.75,59.5,0.11695906432748537,35,0,True,105.35,105.35,mixed,151
FCFS,24.25,31.25,24.25,52.5,0.1342281879194631,9,0,False,147.5,103.85,mixed,152
SJF,18.15,25.15,18.15,51.5,0.1342281879194631,9,2,False,116.5,103.85,mixed,152
Round Robin (q=2),34.9,41.9,9.05,65.5,0.11363636363636363,36,0,False,103.85,103.85,mixed,152
Priority,24.95,31.95,24.95,54.0,0.1342281879194631,9,0,False,151.75,103.85,mixed,152
Adaptive,34.9,41.9,9.05,65.5,0.11363636363636363,36,0,True,103.85,103.85,mixed,152
FCFS,40.65,50.85,40.65,91.5,0.09389671361502347,9,0,False,249.0,161.10000000000002,mixed,153
SJF,31.15,41.35,31.15,85.5,0.09389671361502347,9,1,False,198.5,161.10000000000002,mixed,153
Round Robin (q=2),72.65,82.85,8.8,106.5,0.0784313725490196,51,0,False,161.10000000000002,161.10000000000002,mixed,153
Priority,40.15,50.35,40.15,81.5,0.09389671361502347,9,0,False,241.5,161.10000000000002,mixed,153
Adaptive,68.1,78.3,12.0,95.0,0.08333333333333333,36,0,True,163.6,161.10000000000002,mixed,153
FCFS,43.35,53.95,43.35,84.5,0.09049773755656108,9,0,False,259.0,179.39999999999998,mixed,154
SJF,37.05,47.65,37.05,84.5,0.09049773755656108,9,1,False,227.5,179.39999999999998,mixed,154
Round Robin (q=2),85.35,95.95,9.95,108.5,0.07518796992481203,54,0,False,179.39999999999998,179.39999999999998,mixed,154
Priority,44.05,54.65,44.05,84.5,0.09049773755656108,9,0,False,262.5,179.39999999999998,mixed,154
Adaptive,76.05,86.65,13.4,100.0,0.08032128514056225,37,0,True,179.65,179.39999999999998,mixed,154
FCFS,34.35,42.95,34.35,69.5,0.11049723756906077,9,0,False,206.5,143.25,mixed,155
SJF,24.65,33.25,24.65,66.5,0.11049723756906077,9,1,False,156.5,143.25,mixed,155
Round Robin (q=2),61.8,70.4,9.8,84.5,0.09216589861751152,45,0,False,143.25,143.25,mixed,155
Priority,40.95,49.55,40.95,80.5,0.11049723756906077,9,0,False,245.0,143.25,mixed,155
Adaptive,51.65,60.25,13.55,77.0,0.09900990099009901,30,0,True,144.35,143.25,mixed,155
FCFS,31.65,38.85,31.65,65.5,0.13071895424836602,9,0,False,191.0,132.3,mixed,156
SJF,23.55,30.75,23.55,61.5,0.13071895424836602,9,1,False,148.5,132.3,mixed,156
Round Robin (q=2),54.75,61.95,9.95,75.5,0.11049723756906077,37,0,False,132.3,132.3,mixed,156
Priority,31.05,38.25,31.05,63.5,0.13071895424836602,9,0,False,187.0,132.3,mixed,156
Adaptive,54.75,61.95,9.95,75.5,0.11049723756906077,37,0,True,132.3,132.3,mixed,156
FCFS,28.95,36.35,28.95,64.5,0.12738853503184713,9,0,False,177.0,118.25,mixed,157
SJF,20.25,27.65,20.25,59.5,0.12738853503184713,9,2,False,131.0,118.25,mixed,157
Round Robin (q=2),45.25,52.65,9.0,74.0,0.10752688172043011,38,0,False,118.25,118.25,mixed,157
Priority,25.35,32.75,25.35,60.5,0.12738853503184713,9,0,False,157.0,118.25,mixed,157
Adaptive,45.25,52.65,9.0,74.0,0.10752688172043011,38,0,True,118.25,118.25,mixed,157
FCFS,25.05,31.85,25.05,50.0,0.13793103448275862,9,0,False,150.25,100.5,mixed,158
SJF,15.15,21.95,15.15,49.5,0.13793103448275862,9,0,False,100.5,100.5,mixed,158
Round Robin (q=2),33.45,40.25,8.7,65.5,0.11627906976744186,36,0,False,101.0,100.5,mixed,158
Priority,20.05,26.85,20.05,54.5,0.13793103448275862,9,1,False,127.5,100.5,mixed,158
Adaptive,33.45,40.25,8.7,65.5,0.11627906976744186,36,0,True,101.0,100.5,mixed,158
FCFS,23.65,29.15,23.65,44.5,0.16806722689075632,9,0,False,140.5,107.9,mixed,159
SJF,16.85,22.35,16.85,50.5,0.16806722689075632,9,2,False,109.5,107.9,mixed,159
Round Robin (q=2),39.95,45.45,9.55,59.5,0.14285714285714285,30,0,False,107.9,107.9,mixed,159
Priority,24.15,29.65,24.15,50.5,0.16806722689075632,9,0,False,146.0,107.9,mixed,159
Adaptive,39.95,45.45,9.55,59.5,0.14285714285714285,30,0,True,107.9,107.9,mixed,159
FCFS,29.85,37.15,29.85,54.5,0.12903225806451613,9,0,False,176.5,126.0,mixed,160
SJF,22.65,29.95,22.65,54.5,0.12903225806451613,9,1,False,140.5,126.0,mixed,160
Round Robin (q=2),52.1,59.4,9.6,71.0,0.1092896174863388,37,0,False,126.0,126.0,mixed,160
Priority,30.15,37.45,30.15,63.5,0.12903225806451613,9,2,False,182.5,126.0,mixed,160
Adaptive,52.1,59.4,9.6,71.0,0.1092896174863388,37,0,True,126.0,126.0,mixed,160
FCFS,32.15,41.05,32.15,80.5,0.10695187165775401,9,0,False,201.0,141.9,mixed,161
SJF,26.45,35.35,26.45,73.5,0.10695187165775401,9,0,False,169.0,141.9,mixed,161
Round Robin (q=2),58.55,67.45,9.4,91.5,0.08968609865470852,45,0,False,141.9,141.9,mixed,161
Priority,40.05,48.95,40.05,75.5,0.10695187165775401,9,0,False,238.0,141.9,mixed,161
Adaptive,56.5,65.4,11.85,85.5,0.0947867298578199,33,0,True,146.65,141.9,mixed,161
FCFS,39.45,48.45,39.45,84.5,0.10582010582010581,9,0,False,239.5,150.75,mixed,162
SJF,29.75,38.75,29.75,72.5,0.10582010582010581,9,1,False,185.0,150.75,mixed,162
Round Robin (q=2),65.15,74.15,9.9,92.0,0.08849557522123894,46,0,False,150.75,150.75,mixed,162
Priority,36.75,45.75,36.75,79.5,0.10582010582010581,9,0,False,223.5,150.75,mixed,162
Adaptive,58.6,67.6,14.2,85.0,0.09433962264150944,32,0,True,157.9,150.75,mixed,162
FCFS,27.15,34.55,27.15,60.5,0.12738853503184713,9,0,False,166.0,124.25,mixed,163
SJF,23.65,31.05,23.65,57.5,0.12738853503184713,9,1,False,147.0,124.25,mixed,163
Round Robin (q=2),48.45,55.85,9.95,72.0,0.10810810810810811,37,0,False,124.25,124.25,mixed,163
Priority,38.15,45.55,38.15,72.5,0.12738853503184713,9,0,False,227.0,124.25,mixed,163
Adaptive,48.45,55.85,9.95,72.0,0.10810810810810811,37,0,True,124.25,124.25,mixed,163
FCFS,39.85,49.65,39.85,83.5,0.0975609756097561,9,0,False,241.0,174.55,mixed,164
SJF,36.05,45.85,36.05,81.5,0.0975609756097561,9,0,False,221.0,174.55,mixed,164
Round Robin (q=2),81.2,91.0,10.4,103.5,0.08130081300813008,50,0,False,174.55,174.55,mixed,164
Priority,41.15,50.95,41.15,81.5,0.0975609756097561,9,0,False,246.5,174.55,mixed,164
Adaptive,72.65,82.45,14.25,96.0,0.08658008658008658,35,0,True,177.65,174.55,mixed,164
FCFS,20.35,25.55,20.35,40.5,0.17699115044247787,9,0,False,122.0,92.35,mixed,165
SJF,15.85,21.05,15.85,41.5,0.17699115044247787,9,1,False,100.0,92.35,mixed,165
Round Robin (q=2),32.55,37.75,8.7,50.0,0.15151515151515152,28,0,False,92.35,92.35,mixed,165
Priority,26.85,32.05,26.85,49.5,0.17699115044247787,9,0,False,159.0,92.35,mixed,165
Adaptive,32.55,37.75,8.7,50.0,0.15151515151515152,28,0,True,92.35,92.35,mixed,165
FCFS,45.35,55.25,45.35,87.5,0.0966183574879227,9,0,False,270.5,174.85,mixed,166
SJF,34.55,44.45,34.55,84.5,0.0966183574879227,9,1,False,215.0,174.85,mixed,166
Round Robin (q=2),80.5,90.4,10.4,105.5,0.08032128514056225,51,0,False,174.85,174.85,mixed,166
Priority,43.45,53.35,43.45,88.5,0.0966183574879227,9,1,False,261.5,174.85,mixed,166
Adaptive,75.2,85.1,14.15,98.0,0.08547008547008547,36,0,True,180.8,174.85,mixed,166
FCFS,36.05,43.65,36.05,57.5,0.12422360248447205,9,0,False,209.0,127.44999999999999,mixed,167
SJF,24.15,31.75,24.15,57.5,0.12422360248447205,9,1,False,149.5,127.44999999999999,mixed,167
Round Robin (q=2),50.65,58.25,9.7,76.0,0.10471204188481675,39,0,False,127.44999999999999,127.44999999999999,mixed,167
Priority,38.85,46.45,38.85,72.5,0.12422360248447205,9,0,False,230.5,127.44999999999999,mixed,167
Adaptive,50.65,58.25,9.7,76.0,0.10471204188481675,39,0,True,127.44999999999999,127.44999999999999,mixed,167
FCFS,32.75,40.05,32.75,64.5,0.12903225806451613,9,0,False,196.0,124.5,mixed,168
SJF,21.05,28.35,21.05,60.5,0.12903225806451613,9,2,False,135.5,124.5,mixed,168
Round Robin (q=2),51.2,58.5,8.95,75.0,0.10869565217391304,38,0,False,124.5,124.5,mixed,168
Priority,28.35,35.65,28.35,63.5,0.12903225806451613,9,1,False,173.5,124.5,mixed,168
Adaptive,51.2,58.5,8.95,75.0,0.10869565217391304,38,0,True,124.5,124.5,mixed,168
FCFS,31.75,39.35,31.75,67.5,0.12422360248447205,9,0,False,192.5,132.95,mixed,169
SJF,24.85,32.45,24.85,60.5,0.12422360248447205,9,0,False,154.5,132.95,mixed,169
Round Robin (q=2),56.8,64.4,9.6,75.5,0.10471204188481675,39,0,False,132.95,132.95,mixed,169
Priority,29.15,36.75,29.15,60.5,0.12422360248447205,9,0,False,176.0,132.95,mixed,169
Adaptive,56.8,64.4,9.6,75.5,0.10471204188481675,39,0,True,132.95,132.95,mixed,169
FCFS,34.85,42.45,34.85,70.5,0.12422360248447205,9,0,False,209.5,132.2,mixed,170
SJF,28.65,36.25,28.65,60.5,0.12422360248447205,9,0,False,173.5,132.2,mixed,170
Round Robin (q=2),52.2,59.8,10.25,78.0,0.10471204188481675,39,0,False,132.2,132.2,mixed,170
Priority,33.75,41.35,33.75,70.5,0.12422360248447205,9,1,False,204.0,132.2,mixed,170
Adaptive,52.2,59.8,10.25,78.0,0.10471204188481675,39,0,True,132.2,132.2,mixed,170
FCFS,24.25,30.15,24.25,46.5,0.15748031496062992,9,0,False,144.5,112.8,mixed,171
SJF,19.25,25.15,19.25,46.5,0.15748031496062992,9,0,False,119.5,112.8,mixed,171
Round Robin (q=2),42.05,47.95,10.5,57.5,0.1342281879194631,31,0,False,112.8,112.8,mixed,171
Priority,24.75,30.65,24.75,57.5,0.15748031496062992,9,2,False,152.5,112.8,mixed,171
Adaptive,42.05,47.95,10.5,57.5,0.1342281879194631,31,0,True,112.8,112.8,mixed,171
FCFS,35.25,44.35,35.25,77.5,0.10471204188481675,9,0,False,215.0,138.7,mixed,172
SJF,25.05,34.15,25.05,73.5,0.10471204188481675,9,2,False,162.0,138.7,mixed,172
Round Robin (q=2),57.8,66.9,8.6,93.0,0.08733624454148471,47,0,False,138.7,138.7,mixed,172
Priority,44.25,53.35,44.25,86.5,0.10471204188481675,9,0,False,264.5,138.7,mixed,172
Adaptive,54.2,63.3,11.4,85.5,0.09302325581395349,33,0,True,142.55,138.7,mixed,172
FCFS,37.55,45.25,37.55,69.5,0.12269938650306748,9,0,False,222.5,135.7,mixed,173
SJF,23.65,31.35,23.65,65.5,0.12269938650306748,9,2,False,151.0,135.7,mixed,173
Round Robin (q=2),54.7,62.4,10.25,80.0,0.10416666666666667,38,0,False,135.7,135.7,mixed,173
Priority,36.45,44.15,36.45,69.5,0.12269938650306748,9,0,False,217.0,135.7,mixed,173
Adaptive,54.7,62.4,10.25,80.0,0.10416666666666667,38,0,True,135.7,135.7,mixed,173
FCFS,43.25,53.65,43.25,83.5,0.09216589861751152,9,0,False,258.0,182.75,mixed,174
SJF,36.05,46.45,36.05,92.5,0.09216589861751152,9,2,False,226.5,182.75,mixed,174
Round Robin (q=2),85.25,95.65,10.25,113.0,0.07662835249042145,53,0,False,182.75,182.75,mixed,174
Priority,40.95,51.35,40.95,87.5,0.09216589861751152,9,0,False,248.5,182.75,mixed,174
Adaptive,77.7,88.1,14.4,103.5,0.08163265306122448,37,0,True,187.05,182.75,mixed,174
FCFS,33.25,41.55,33.25,69.5,0.11428571428571428,9,0,False,201.0,143.55,mixed,175
SJF,26.55,34.85,26.55,69.5,0.11428571428571428,9,2,False,167.5,143.55,mixed,175
Round Robin (q=2),60.35,68.65,10.05,86.0,0.09615384615384616,42,0,False,143.55,143.55,mixed,175
Priority,29.75,38.05,29.75,69.5,0.11428571428571428,9,1,False,183.5,143.55,mixed,175
Adaptive,60.35,68.65,10.05,86.0,0.09615384615384616,42,0,True,143.55,143.55,mixed,175
FCFS,25.55,32.55,25.55,58.5,0.1342281879194631,9,0,False,157.0,111.75,mixed,176
SJF,24.15,31.15,24.15,54.5,0.1342281879194631,9,0,False,148.0,111.75,mixed,176
Round Robin (q=2),43.35,50.35,8.35,70.0,0.11363636363636363,36,0,False,111.75,111.75,mixed,176
Priority,29.55,36.55,29.55,66.5,0.1342281879194631,9,2,False,181.0,111.75,mixed,176
Adaptive,43.35,50.35,8.35,70.0,0.11363636363636363,36,0,True,111.75,111.75,mixed,176
FCFS,41.45,52.55,41.45,96.5,0.08658008658008658,9,0,False,255.5,183.5,mixed,177
SJF,37.45,48.55,37.45,91.5,0.08658008658008658,9,0,False,233.0,183.5,mixed,177
Round Robin (q=2),85.85,96.95,10.1,114.5,0.07220216606498195,55,0,False,183.5,183.5,mixed,177
Priority,49.45,60.55,49.45,95.5,0.08658008658008658,9,0,False,295.0,183.5,mixed,177
Adaptive,82.0,93.1,13.6,107.0,0.07633587786259542,40,0,True,189.9,183.5,mixed,177
FCFS,29.05,37.15,29.05,64.5,0.11695906432748537,9,0,False,177.5,140.8,mixed,178
SJF,27.95,36.05,27.95,64.5,0.11695906432748537,9,0,False,172.0,140.8,mixed,178
Round Robin (q=2),58.9,67.0,10.35,81.0,0.09852216748768473,41,0,False,140.8,140.8,mixed,178
Priority,38.25,46.35,38.25,71.5,0.11695906432748537,9,0,False,227.0,140.8,mixed,178
Adaptive,58.9,67.0,10.35,81.0,0.09852216748768473,41,0,True,140.8,140.8,mixed,178
FCFS,41.05,50.35,41.05,85.5,0.10256410256410256,9,0,False,248.0,152.25,mixed,179
SJF,27.95,37.25,27.95,76.5,0.10256410256410256,9,1,False,178.0,152.25,mixed,179
Round Robin (q=2),67.45,76.75,8.95,98.0,0.08583690987124463,47,0,False,152.25,152.25,mixed,179
Priority,33.85,43.15,33.85,79.5,0.10256410256410256,9,1,False,209.0,152.25,mixed,179
Adaptive,61.85,71.15,12.1,89.0,0.091324200913242,33,0,True,154.75,152.25,mixed,179
FCFS,20.05,25.75,20.05,45.5,0.16260162601626016,9,0,False,123.0,86.55,mixed,180
SJF,13.65,19.35,13.65,41.5,0.16260162601626016,9,1,False,89.0,86.55,mixed,180
Round Robin (q=2),29.7,35.4,7.65,52.5,0.13986013986013987,29,0,False,86.55,86.55,mixed,180
Priority,20.55,26.25,20.55,45.5,0.16260162601626016,9,0,False,125.5,86.55,mixed,180
Adaptive,29.7,35.4,7.65,52.5,0.13986013986013987,29,0,True,86.55,86.55,mixed,180
FCFS,42.05,51.25,42.05,85.5,0.10362694300518134,9,0,False,253.0,158.25,mixed,181
SJF,30.25,39.45,30.25,77.5,0.10362694300518134,9,0,False,190.0,158.25,mixed,181
Round Robin (q=2),68.35,77.55,10.35,97.0,0.08658008658008658,47,0,False,158.25,158.25,mixed,181
Priority,41.75,50.95,41.75,77.5,0.10362694300518134,9,0,False,247.5,158.25,mixed,181
Adaptive,64.2,73.4,14.55,89.0,0.09259259259259259,32,0,True,166.9,158.25,mixed,181
FCFS,50.65,61.55,50.65,98.5,0.0881057268722467,9,0,False,302.5,197.4,mixed,182
SJF,39.65,50.55,39.65,97.5,0.0881057268722467,9,2,False,247.0,197.4,mixed,182
Round Robin (q=2),94.9,105.8,10.5,121.0,0.072992700729927,56,0,False,197.4,197.4,mixed,182
Priority,44.95,55.85,44.95,101.5,0.0881057268722467,9,1,False,275.5,197.4,mixed,182
Adaptive,87.5,98.4,14.15,112.5,0.078125,38,0,True,200.35,197.4,mixed,182
FCFS,31.15,38.35,31.15,68.5,0.13071895424836602,9,0,False,190.0,118.85,mixed,183
SJF,20.25,27.45,20.25,58.5,0.13071895424836602,9,0,False,130.5,118.85,mixed,183
Round Robin (q=2),46.55,53.75,8.95,73.0,0.10989010989010989,38,0,False,118.85,118.85,mixed,183
Priority,33.75,40.95,33.75,69.5,0.13071895424836602,9,0,False,203.5,118.85,mixed,183
Adaptive,46.55,53.75,8.95,73.0,0.10989010989010989,38,0,True,118.85,118.85,mixed,183
FCFS,35.05,42.45,35.05,68.5,0.12578616352201258,9,0,False,209.5,113.75,mixed,184
SJF,23.15,30.55,23.15,59.5,0.12578616352201258,9,1,False,145.5,113.75,mixed,184
Round Robin (q=2),44.55,51.95,8.05,74.0,0.10638297872340426,38,0,False,113.75,113.75,mixed,184
Priority,37.45,44.85,37.45,68.5,0.12578616352201258,9,0,False,221.5,113.75,mixed,184
Adaptive,44.55,51.95,8.05,74.0,0.10638297872340426,38,0,True,113.75,113.75,mixed,184
FCFS,37.65,45.75,37.65,74.5,0.11695906432748537,9,0,False,225.5,132.45,mixed,185
SJF,21.75,29.85,21.75,67.5,0.11695906432748537,9,2,False,142.5,132.45,mixed,185
Round Robin (q=2),53.75,61.85,9.05,85.0,0.0975609756097561,43,0,False,132.45,132.45,mixed,185
Priority,38.75,46.85,38.75,74.5,0.11695906432748537,9,0,False,231.0,132.45,mixed,185
Adaptive,53.75,61.85,9.05,85.0,0.0975609756097561,43,0,True,132.45,132.45,mixed,185
FCFS,33.75,40.85,33.75,65.5,0.13245033112582782,9,0,False,201.5,119.85,mixed,186
SJF,22.15,29.25,22.15,56.5,0.13245033112582782,9,1,False,139.0,119.85,mixed,186
Round Robin (q=2),45.6,52.7,9.75,70.5,0.11235955056179775,36,0,False,119.85,119.85,mixed,186
Priority,30.45,37.55,30.45,56.5,0.13245033112582782,9,0,False,180.5,119.85,mixed,186
Adaptive,45.6,52.7,9.75,70.5,0.11235955056179775,36,0,True,119.85,119.85,mixed,186
FCFS,37.35,46.25,37.35,70.5,0.10695187165775401,9,0,False,222.0,145.85,mixed,187
SJF,30.35,39.25,30.35,77.5,0.10695187165775401,9,1,False,190.5,145.85,mixed,187
Round Robin (q=2),62.7,71.6,9.35,91.5,0.09009009009009009,44,0,False,145.85,145.85,mixed,187
Priority,40.55,49.45,40.55,81.5,0.10695187165775401,9,0,False,243.5,145.85,mixed,187
Adaptive,61.4,70.3,12.9,88.0,0.0947867298578199,33,0,True,157.0,145.85,mixed,187
FCFS,34.75,42.05,34.75,62.5,0.12903225806451613,9,0,False,205.0,120.05,mixed,188
SJF,24.25,31.55,24.25,61.5,0.12903225806451613,9,1,False,152.0,120.05,mixed,188
Round Robin (q=2),44.3,51.6,9.75,73.5,0.10869565217391304,38,0,False,120.05,120.05,mixed,188
Priority,41.35,48.65,41.35,73.5,0.12903225806451613,9,0,False,243.5,120.05,mixed,188
Adaptive,44.3,51.6,9.75,73.5,0.10869565217391304,38,0,True,120.05,120.05,mixed,188
FCFS,31.65,37.75,31.65,51.5,0.15267175572519084,9,0,False,184.0,104.5,mixed,189
SJF,15.75,21.85,15.75,51.5,0.15267175572519084,9,2,False,104.5,104.5,mixed,189
Round Robin (q=2),39.0,45.1,9.55,60.5,0.12987012987012986,32,0,False,107.45,104.5,mixed,189
Priority,22.55,28.65,22.55,55.5,0.15267175572519084,9,1,False,140.5,104.5,mixed,189
Adaptive,39.0,45.1,9.55,60.5,0.12987012987012986,32,0,True,107.45,104.5,mixed,189
FCFS,24.85,31.55,24.85,58.5,0.13986013986013987,9,0,False,153.5,119.0,mixed,190
SJF,21.25,27.95,21.25,55.5,0.13986013986013987,9,1,False,134.0,119.0,mixed,190
Round Robin (q=2),46.75,53.45,9.5,68.5,0.11904761904761904,34,0,False,119.0,119.0,mixed,190
Priority,27.45,34.15,27.45,58.5,0.13986013986013987,9,0,False,166.5,119.0,mixed,190
Adaptive,46.75,53.45,9.5,68.5,0.11904761904761904,34,0,True,119.0,119.0,mixed,190
FCFS,44.45,54.65,44.45,85.5,0.09389671361502347,9,0,False,265.0,184.25,mixed,191
SJF,38.35,48.55,38.35,86.5,0.09389671361502347,9,0,False,235.0,184.25,mixed,191
Round Robin (q=2),88.6,98.8,10.35,108.5,0.07782101167315175,53,0,False,184.25,184.25,mixed,191
Priority,44.15,54.35,44.15,86.5,0.09389671361502347,9,0,False,264.0,184.25,mixed,191
Adaptive,83.95,94.15,13.95,101.0,0.08264462809917356,38,0,True,190.25,184.25,mixed,191
FCFS,37.35,46.45,37.35,74.5,0.10471204188481675,9,0,False,224.0,155.3,mixed,192
SJF,29.15,38.25,29.15,73.5,0.10471204188481675,9,1,False,182.5,155.3,mixed,192
Round Robin (q=2),67.9,77.0,10.35,92.0,0.08771929824561403,46,0,False,155.3,155.3,mixed,192
Priority,38.15,47.25,38.15,76.0,0.10471204188481675,9,0,False,228.75,155.3,mixed,192
Adaptive,58.55,67.65,14.65,84.5,0.09389671361502347,31,0,True,159.4,155.3,mixed,192
FCFS,41.95,51.85,41.95,83.5,0.0966183574879227,9,0,False,251.5,176.95,mixed,193
SJF,34.15,44.05,34.15,84.5,0.0966183574879227,9,2,False,213.0,176.95,mixed,193
Round Robin (q=2),81.75,91.65,10.55,106.0,0.08,52,0,False,176.95,176.95,mixed,193
Priority,45.35,55.25,45.35,89.5,0.0966183574879227,9,0,False,271.5,176.95,mixed,193
Adaptive,70.6,80.5,14.35,96.5,0.08658008658008658,33,0,True,176.25,176.95,mixed,193
FCFS,29.25,36.95,29.25,62.5,0.12269938650306748,9,0,False,177.5,128.2,mixed,194
SJF,21.35,29.05,21.35,60.5,0.12269938650306748,9,1,False,137.0,128.2,mixed,194
Round Robin (q=2),51.8,59.5,9.1,80.0,0.10256410256410256,41,0,False,128.2,128.2,mixed,194
Priority,30.95,38.65,30.95,66.0,0.12269938650306748,9,1,False,187.75,128.2,mixed,194
Adaptive,51.8,59.5,9.1,80.0,0.10256410256410256,41,0,True,128.2,128.2,mixed,194
FCFS,25.25,32.95,25.25,56.5,0.12269938650306748,9,0,False,154.5,120.94999999999999,mixed,195
SJF,20.85,28.55,20.85,56.5,0.12269938650306748,9,1,False,132.5,120.94999999999999,mixed,195
Round Robin (q=2),44.55,52.25,10.1,72.0,0.10416666666666667,38,0,False,120.94999999999999,120.94999999999999,mixed,195
Priority,23.75,31.45,23.75,56.5,0.12269938650306748,9,1,False,147.0,120.94999999999999,mixed,195
Adaptive,44.55,52.25,10.1,72.0,0.10416666666666667,38,0,True,120.94999999999999,120.94999999999999,mixed,195
FCFS,45.95,56.05,45.95,87.5,0.0947867298578199,9,0,False,273.5,179.25,mixed,196
SJF,33.25,43.35,33.25,86.5,0.0947867298578199,9,1,False,209.5,179.25,mixed,196
Round Robin (q=2),84.8,94.9,10.05,108.5,0.0784313725490196,53,0,False,179.25,179.25,mixed,196
Priority,47.45,57.55,47.45,96.5,0.0947867298578199,9,1,False,285.5,179.25,mixed,196
Adaptive,74.3,84.4,14.55,97.5,0.08403361344537816,36,0,True,181.25,179.25,mixed,196
FCFS,23.45,30.65,23.45,58.5,0.13071895424836602,9,0,False,146.5,96.85,mixed,197
SJF,16.65,23.85,16.65,57.5,0.13071895424836602,9,1,False,112.0,96.85,mixed,197
Round Robin (q=2),38.65,45.85,5.55,72.0,0.10989010989010989,38,0,False,96.85,96.85,mixed,197
Priority,24.35,31.55,24.35,58.5,0.13071895424836602,9,0,False,151.0,96.85,mixed,197
Adaptive,38.65,45.85,5.55,72.0,0.10989010989010989,38,0,True,96.85,96.85,mixed,197
FCFS,37.45,45.25,37.45,71.5,0.12121212121212122,9,0,False,223.0,126.55,mixed,198
SJF,23.65,31.45,23.65,63.5,0.12121212121212122,9,2,False,150.0,126.55,mixed,198
Round Robin (q=2),49.8,57.6,9.25,79.5,0.10204081632653061,40,0,False,126.55,126.55,mixed,198
Priority,33.05,40.85,33.05,71.5,0.12121212121212122,9,0,False,201.0,126.55,mixed,198
Adaptive,49.8,57.6,9.25,79.5,0.10204081632653061,40,0,True,126.55,126.55,mixed,198
FCFS,35.05,43.25,35.05,61.5,0.11560693641618497,9,0,False,206.0,138.35,mixed,199
SJF,26.55,34.75,26.55,61.5,0.11560693641618497,9,0,False,163.5,138.35,mixed,199
Round Robin (q=2),58.65,66.85,9.8,81.0,0.0966183574879227,43,0,False,138.35,138.35,mixed,199
Priority,37.15,45.35,37.15,62.5,0.11560693641618497,9,0,False,217.0,138.35,mixed,199
Adaptive,58.65,66.85,9.8,81.0,0.0966183574879227,43,0,True,138.35,138.35,mixed,199
FCFS,32.65,40.05,32.65,65.5,0.12738853503184713,9,0,False,196.0,145.95,high_load,0
SJF,28.65,36.05,28.65,64.5,0.12738853503184713,9,1,False,175.5,145.95,high_load,0
Round Robin (q=2),65.7,73.1,10.25,78.5,0.10810810810810811,37,0,False,145.95,145.95,high_load,0
Priority,33.35,40.75,33.35,66.5,0.12738853503184713,9,0,False,200.0,145.95,high_load,0
Adaptive,65.7,73.1,10.25,78.5,0.10810810810810811,37,0,True,145.95,145.95,high_load,0
FCFS,28.95,35.35,28.95,57.5,0.145985401459854,9,0,False,173.5,125.5,high_load,1
SJF,24.95,31.35,24.95,56.5,0.145985401459854,9,1,False,153.0,125.5,high_load,1
Round Robin (q=2),51.9,58.3,9.9,68.0,0.125,32,0,False,125.5,125.5,high_load,1
Priority,30.05,36.45,30.05,60.5,0.145985401459854,9,0,False,180.5,125.5,high_load,1
Adaptive,51.9,58.3,9.9,68.0,0.125,32,0,True,125.5,125.5,high_load,1
FCFS,29.75,36.65,29.75,59.5,0.1360544217687075,9,0,False,178.5,134.25,high_load,2
SJF,25.45,32.35,25.45,62.5,0.1360544217687075,9,1,False,158.5,134.25,high_load,2
Round Robin (q=2),57.4,64.3,10.15,72.5,0.11560693641618497,35,0,False,134.25,134.25,high_load,2
Priority,29.05,35.95,29.05,60.5,0.1360544217687075,9,0,False,175.5,134.25,high_load,2
Adaptive,57.4,64.3,10.15,72.5,0.11560693641618497,35,0,True,134.25,134.25,high_load,2
FCFS,33.15,40.35,33.15,67.5,0.13071895424836602,9,0,False,199.5,145.9,high_load,3
SJF,28.55,35.75,28.55,63.5,0.13071895424836602,9,0,False,174.5,145.9,high_load,3
Round Robin (q=2),65.9,73.1,10.25,78.0,0.10989010989010989,38,0,False,145.9,145.9,high_load,3
Priority,35.05,42.25,35.05,67.5,0.13071895424836602,9,0,False,209.0,145.9,high_load,3
Adaptive,65.9,73.1,10.25,78.0,0.10989010989010989,38,0,True,145.9,145.9,high_load,3
FCFS,27.65,33.95,27.65,56.5,0.14814814814814814,9,0,False,166.5,126.94999999999999,high_load,4
SJF,24.35,30.65,24.35,54.5,0.14814814814814814,9,0,False,149.0,126.94999999999999,high_load,4
Round Robin (q=2),52.8,59.1,10.35,65.5,0.12738853503184713,31,0,False,126.94999999999999,126.94999999999999,high_load,4
Priority,26.95,33.25,26.95,60.5,0.14814814814814814,9,1,False,165.0,126.94999999999999,high_load,4
Adaptive,52.8,59.1,10.35,65.5,0.12738853503184713,31,0,True,126.94999999999999,126.94999999999999,high_load,4
FCFS,36.55,43.85,36.55,65.5,0.12903225806451613,9,0,False,215.5,145.8,high_load,5
SJF,27.25,34.55,27.25,66.5,0.12903225806451613,9,2,False,169.5,145.8,high_load,5
Round Robin (q=2),63.95,71.25,10.4,80.5,0.1092896174863388,37,0,False,145.8,145.8,high_load,5
Priority,33.55,40.85,33.55,65.5,0.12903225806451613,9,0,False,200.5,145.8,high_load,5
Adaptive,63.95,71.25,10.4,80.5,0.1092896174863388,37,0,True,145.8,145.8,high_load,5
FCFS,32.75,40.15,32.75,68.5,0.12738853503184713,9,0,False,198.0,141.8,high_load,6
SJF,26.25,33.65,26.25,63.5,0.12738853503184713,9,1,False,163.0,141.8,high_load,6
Round Robin (q=2),60.8,68.2,10.5,78.0,0.10752688172043011,38,0,False,141.8,141.8,high_load,6
Priority,31.65,39.05,31.65,64.5,0.12738853503184713,9,0,False,190.5,141.8,high_load,6
Adaptive,60.8,68.2,10.5,78.0,0.10752688172043011,38,0,True,141.8,141.8,high_load,6
FCFS,26.95,33.15,26.95,57.5,0.15037593984962405,9,0,False,163.5,125.85,high_load,7
SJF,24.05,30.25,24.05,55.5,0.15037593984962405,9,0,False,148.0,125.85,high_load,7
Round Robin (q=2),49.6,55.8,10.75,66.5,0.12903225806451613,31,0,False,125.85,125.85,high_load,7
Priority,27.95,34.15,27.95,57.5,0.15037593984962405,9,0,False,168.5,125.85,high_load,7
Adaptive,49.6,55.8,10.75,66.5,0.12903225806451613,31,0,True,125.85,125.85,high_load,7
FCFS,29.75,36.75,29.75,64.5,0.1342281879194631,9,0,False,181.0,144.7,high_load,8
SJF,28.65,35.65,28.65,62.5,0.1342281879194631,9,0,False,174.5,144.7,high_load,8
Round Robin (q=2),64.5,71.5,10.3,78.0,0.11235955056179775,38,0,False,144.7,144.7,high_load,8
Priority,30.55,37.55,30.55,65.5,0.1342281879194631,9,0,False,185.5,144.7,high_load,8
Adaptive,64.5,71.5,10.3,78.0,0.11235955056179775,38,0,True,144.7,144.7,high_load,8
FCFS,31.65,38.65,31.65,62.5,0.1342281879194631,9,0,False,189.5,139.7,high_load,9
SJF,27.75,34.75,27.75,62.5,0.1342281879194631,9,1,False,170.0,139.7,high_load,9
Round Robin (q=2),60.7,67.7,10.25,76.0,0.11363636363636363,36,0,False,139.7,139.7,high_load,9
Priority,29.95,36.95,29.95,62.5,0.1342281879194631,9,0,False,181.0,139.7,high_load,9
Adaptive,60.7,67.7,10.25,76.0,0.11363636363636363,36,0,True,139.7,139.7,high_load,9
FCFS,31.05,38.05,31.05,64.5,0.1342281879194631,9,0,False,187.5,139.2,high_load,10
SJF,26.25,33.25,26.25,60.5,0.1342281879194631,9,1,False,161.5,139.2,high_load,10
Round Robin (q=2),60.7,67.7,10.25,75.0,0.11299435028248588,37,0,False,139.2,139.2,high_load,10
Priority,33.95,40.95,33.95,69.5,0.1342281879194631,9,1,False,204.5,139.2,high_load,10
Adaptive,60.7,67.7,10.25,75.0,0.11299435028248588,37,0,True,139.2,139.2,high_load,10
FCFS,32.35,39.25,32.35,65.5,0.1360544217687075,9,0,False,194.5,137.45,high_load,11
SJF,28.05,34.95,28.05,60.5,0.1360544217687075,9,0,False,170.5,137.45,high_load,11
Round Robin (q=2),59.8,66.7,10.1,74.5,0.11494252873563218,36,0,False,137.45,137.45,high_load,11
Priority,30.05,36.95,30.05,60.5,0.1360544217687075,9,0,False,180.5,137.45,high_load,11
Adaptive,59.8,66.7,10.1,74.5,0.11494252873563218,36,0,True,137.45,137.45,high_load,11
FCFS,30.55,37.85,30.55,64.5,0.12903225806451613,9,0,False,185.0,142.60000000000002,high_load,12
SJF,29.35,36.65,29.35,64.5,0.12903225806451613,9,0,False,179.0,142.60000000000002,high_load,12
Round Robin (q=2),64.15,71.45,9.8,78.5,0.1092896174863388,37,0,False,142.60000000000002,142.60000000000002,high_load,12
Priority,33.75,41.05,33.75,66.5,0.12903225806451613,9,0,False,202.0,142.60000000000002,high_load,12
Adaptive,64.15,71.45,9.8,78.5,0.1092896174863388,37,0,True,142.60000000000002,142.60000000000002,high_load,12
FCFS,35.35,43.25,35.35,72.5,0.11976047904191617,9,0,False,213.0,160.2,high_load,13
SJF,32.45,40.35,32.45,72.5,0.11976047904191617,9,0,False,198.5,160.2,high_load,13
Round Robin (q=2),71.75,79.65,11.05,88.5,0.10050251256281408,41,0,False,160.2,160.2,high_load,13
Priority,37.65,45.55,37.65,79.5,0.11976047904191617,9,0,False,228.0,160.2,high_load,13
Adaptive,71.75,79.65,11.05,88.5,0.10050251256281408,41,0,True,160.2,160.2,high_load,13
FCFS,31.75,38.85,31.75,63.5,0.13245033112582782,9,0,False,190.5,139.9,high_load,14
SJF,25.75,32.85,25.75,59.5,0.13245033112582782,9,0,False,158.5,139.9,high_load,14
Round Robin (q=2),61.25,68.35,10.35,74.5,0.11173184357541899,37,0,False,139.9,139.9,high_load,14
Priority,30.25,37.35,30.25,64.5,0.13245033112582782,9,0,False,183.5,139.9,high_load,14
Adaptive,61.25,68.35,10.35,74.5,0.11173184357541899,37,0,True,139.9,139.9,high_load,14
FCFS,23.45,29.25,23.45,51.5,0.16,9,0,False,143.0,117.4,high_load,15
SJF,21.35,27.15,21.35,47.5,0.16,9,0,False,130.5,117.4,high_load,15
Round Robin (q=2),45.55,51.35,10.65,58.5,0.136986301369863,30,0,False,117.4,117.4,high_load,15
Priority,24.65,30.45,24.65,51.5,0.16,9,0,False,149.0,117.4,high_load,15
Adaptive,45.55,51.35,10.65,58.5,0.136986301369863,30,0,True,117.4,117.4,high_load,15
FCFS,25.55,31.35,25.55,50.5,0.16,9,0,False,153.0,119.9,high_load,16
SJF,21.65,27.45,21.65,49.5,0.16,9,1,False,133.0,119.9,high_load,16
Round Robin (q=2),48.45,54.25,10.3,60.5,0.1360544217687075,31,0,False,119.9,119.9,high_load,16
Priority,26.15,31.95,26.15,49.5,0.16,9,0,False,155.5,119.9,high_load,16
Adaptive,48.45,54.25,10.3,60.5,0.1360544217687075,31,0,True,119.9,119.9,high_load,16
FCFS,34.15,42.05,34.15,73.5,0.11976047904191617,9,0,False,207.5,150.75,high_load,17
SJF,31.65,39.55,31.65,69.5,0.11976047904191617,9,0,False,193.0,150.75,high_load,17
Round Robin (q=2),67.95,75.85,9.95,86.0,0.10101010101010101,40,0,False,150.75,150.75,high_load,17
Priority,34.25,42.15,34.25,73.5,0.11976047904191617,9,0,False,208.0,150.75,high_load,17
Adaptive,67.95,75.85,9.95,86.0,0.10101010101010101,40,0,True,150.75,150.75,high_load,17
FCFS,28.05,35.25,28.05,61.5,0.13071895424836602,9,0,False,171.0,137.95,high_load,18
SJF,25.85,33.05,25.85,61.5,0.13071895424836602,9,0,False,160.0,137.95,high_load,18
Round Robin (q=2),57.75,64.95,10.55,76.0,0.10989010989010989,38,0,False,137.95,137.95,high_load,18
Priority,27.75,34.95,27.75,61.5,0.13071895424836602,9,0,False,169.5,137.95,high_load,18
Adaptive,57.75,64.95,10.55,76.0,0.10989010989010989,38,0,True,137.95,137.95,high_load,18
FCFS,32.35,39.15,32.35,59.5,0.13793103448275862,9,0,False,191.5,132.95,high_load,19
SJF,25.35,32.15,25.35,58.5,0.13793103448275862,9,2,False,156.0,132.95,high_load,19
Round Robin (q=2),55.3,62.1,10.6,70.5,0.11834319526627218,33,0,False,132.95,132.95,high_load,19
Priority,30.15,36.95,30.15,63.5,0.13793103448275862,9,1,False,182.5,132.95,high_load,19
Adaptive,55.3,62.1,10.6,70.5,0.11834319526627218,33,0,True,132.95,132.95,high_load,19
FCFS,29.05,35.75,29.05,58.5,0.13986013986013987,9,0,False,174.5,137.3,high_load,20
SJF,27.35,34.05,27.35,58.5,0.13986013986013987,9,0,False,166.0,137.3,high_load,20
Round Robin (q=2),59.55,66.25,10.5,71.5,0.11834319526627218,35,0,False,137.3,137.3,high_load,20
Priority,29.55,36.25,29.55,62.5,0.13986013986013987,9,1,False,179.0,137.3,high_load,20
Adaptive,59.55,66.25,10.5,71.5,0.11834319526627218,35,0,True,137.3,137.3,high_load,20
FCFS,34.05,41.05,34.05,65.5,0.1342281879194631,9,0,False,203.0,138.85,high_load,21
SJF,26.15,33.15,26.15,62.5,0.1342281879194631,9,1,False,162.0,138.85,high_load,21
Round Robin (q=2),60.95,67.95,10.1,75.0,0.11363636363636363,36,0,False,138.85,138.85,high_load,21
Priority,30.95,37.95,30.95,66.5,0.1342281879194631,9,1,False,188.0,138.85,high_load,21
Adaptive,60.95,67.95,10.1,75.0,0.11363636363636363,36,0,True,138.85,138.85,high_load,21
FCFS,30.65,38.35,30.65,67.5,0.12269938650306748,9,0,False,187.0,148.25,high_load,22
SJF,28.75,36.45,28.75,66.5,0.12269938650306748,9,1,False,177.0,148.25,high_load,22
Round Robin (q=2),65.15,72.85,10.4,83.0,0.10309278350515463,40,0,False,148.25,148.25,high_load,22
Priority,31.35,39.05,31.35,67.5,0.12269938650306748,9,0,False,190.5,148.25,high_load,22
Adaptive,65.15,72.85,10.4,83.0,0.10309278350515463,40,0,True,148.25,148.25,high_load,22
FCFS,32.85,40.05,32.85,61.5,0.13071895424836602,9,0,False,195.0,144.9,high_load,23
SJF,28.15,35.35,28.15,61.5,0.13071895424836602,9,0,False,171.5,144.9,high_load,23
Round Robin (q=2),64.8,72.0,10.65,75.0,0.1111111111111111,36,0,False,144.9,144.9,high_load,23
Priority,32.15,39.35,32.15,68.5,0.13071895424836602,9,1,False,195.0,144.9,high_load,23
Adaptive,64.8,72.0,10.65,75.0,0.1111111111111111,36,0,True,144.9,144.9,high_load,23
FCFS,33.85,41.25,33.85,67.5,0.12738853503184713,9,0,False,203.0,150.75,high_load,24
SJF,29.05,36.45,29.05,66.5,0.12738853503184713,9,0,False,178.5,150.75,high_load,24
Round Robin (q=2),66.5,73.9,10.75,82.5,0.10695187165775401,39,0,False,150.75,150.75,high_load,24
Priority,33.15,40.55,33.15,66.5,0.12738853503184713,9,0,False,199.0,150.75,high_load,24
Adaptive,66.5,73.9,10.75,82.5,0.10695187165775401,39,0,True,150.75,150.75,high_load,24
FCFS,34.25,41.95,34.25,69.5,0.12269938650306748,9,0,False,206.0,146.0,high_load,25
SJF,30.75,38.45,30.75,67.5,0.12269938650306748,9,0,False,187.5,146.0,high_load,25
Round Robin (q=2),63.8,71.5,10.3,82.0,0.10416666666666667,38,0,False,146.0,146.0,high_load,25
Priority,39.55,47.25,39.55,75.5,0.12269938650306748,9,0,False,235.5,146.0,high_load,25
Adaptive,63.8,71.5,10.3,82.0,0.10416666666666667,38,0,True,146.0,146.0,high_load,25
FCFS,37.55,45.35,37.55,74.5,0.12121212121212122,9,0,False,225.0,159.65,high_load,26
SJF,33.05,40.85,33.05,71.5,0.12121212121212122,9,0,False,201.0,159.65,high_load,26
Round Robin (q=2),74.9,82.7,10.25,87.5,0.10152284263959391,41,0,False,159.65,159.65,high_load,26
Priority,35.65,43.45,35.65,72.5,0.12121212121212122,9,0,False,214.5,159.65,high_load,26
Adaptive,74.9,82.7,10.25,87.5,0.10152284263959391,41,0,True,159.65,159.65,high_load,26
FCFS,29.45,36.15,29.45,59.5,0.13986013986013987,9,0,False,177.0,137.0,high_load,27
SJF,28.05,34.75,28.05,58.5,0.13986013986013987,9,0,False,169.5,137.0,high_load,27
Round Robin (q=2),59.7,66.4,10.45,71.0,0.11904761904761904,34,0,False,137.0,137.0,high_load,27
Priority,30.65,37.35,30.65,64.5,0.13986013986013987,9,1,False,185.5,137.0,high_load,27
Adaptive,59.7,66.4,10.45,71.0,0.11904761904761904,34,0,True,137.0,137.0,high_load,27
FCFS,30.35,36.75,30.35,56.5,0.145985401459854,9,0,False,180.0,135.9,high_load,28
SJF,24.45,30.85,24.45,57.5,0.145985401459854,9,2,False,151.0,135.9,high_load,28
Round Robin (q=2),59.25,65.65,10.35,70.5,0.12269938650306748,35,0,False,135.9,135.9,high_load,28
Priority,28.25,34.65,28.25,60.5,0.145985401459854,9,0,False,171.5,135.9,high_load,28
Adaptive,59.25,65.65,10.35,70.5,0.12269938650306748,35,0,True,135.9,135.9,high_load,28
FCFS,25.35,32.05,25.35,53.5,0.13986013986013987,9,0,False,153.5,121.65,high_load,29
SJF,22.75,29.45,22.75,53.5,0.13986013986013987,9,0,False,140.5,121.65,high_load,29
Round Robin (q=2),47.35,54.05,10.2,67.0,0.11904761904761904,34,0,False,121.65,121.65,high_load,29
Priority,28.25,34.95,28.25,58.5,0.13986013986013987,9,2,False,170.5,121.65,high_load,29
Adaptive,47.35,54.05,10.2,67.0,0.11904761904761904,34,0,True,121.65,121.65,high_load,29
FCFS,33.45,41.35,33.45,70.5,0.11976047904191617,9,0,False,202.5,152.8,high_load,30
SJF,31.35,39.25,31.35,70.5,0.11976047904191617,9,0,False,192.0,152.8,high_load,30
Round Robin (q=2),69.0,76.9,10.2,86.0,0.10101010101010101,40,0,False,152.8,152.8,high_load,30
Priority,32.55,40.45,32.55,71.5,0.11976047904191617,9,0,False,198.5,152.8,high_load,30
Adaptive,69.0,76.9,10.2,86.0,0.10101010101010101,40,0,True,152.8,152.8,high_load,30
FCFS,30.25,36.65,30.25,60.5,0.145985401459854,9,0,False,181.5,132.2,high_load,31
SJF,25.55,31.95,25.55,58.5,0.145985401459854,9,1,False,157.0,132.2,high_load,31
Round Robin (q=2),56.3,62.7,10.1,71.0,0.12345679012345678,34,0,False,132.2,132.2,high_load,31
Priority,32.25,38.65,32.25,63.5,0.145985401459854,9,0,False,193.0,132.2,high_load,31
Adaptive,56.3,62.7,10.1,71.0,0.12345679012345678,34,0,True,132.2,132.2,high_load,31
FCFS,29.05,35.65,29.05,59.5,0.14184397163120568,9,0,False,175.0,131.4,high_load,32
SJF,24.05,30.65,24.05,57.5,0.14184397163120568,9,2,False,149.0,131.4,high_load,32
Round Robin (q=2),55.15,61.75,10.25,70.5,0.12048192771084337,34,0,False,131.4,131.4,high_load,32
Priority,28.95,35.55,28.95,60.5,0.14184397163120568,9,0,False,175.0,131.4,high_load,32
Adaptive,55.15,61.75,10.25,70.5,0.12048192771084337,34,0,True,131.4,131.4,high_load,32
FCFS,35.85,44.05,35.85,72.5,0.11560693641618497,9,0,False,215.5,164.5,high_load,33
SJF,33.95,42.15,33.95,71.5,0.11560693641618497,9,0,False,205.5,164.5,high_load,33
Round Robin (q=2),78.85,87.05,10.35,88.5,0.0966183574879227,43,0,False,164.5,164.5,high_load,33
Priority,35.75,43.95,35.75,73.5,0.11560693641618497,9,0,False,215.5,164.5,high_load,33
Adaptive,78.85,87.05,10.35,88.5,0.0966183574879227,43,0,True,164.5,164.5,high_load,33
FCFS,27.65,34.65,27.65,60.5,0.1342281879194631,9,0,False,168.5,128.75,high_load,34
SJF,24.85,31.85,24.85,60.5,0.1342281879194631,9,0,False,154.5,128.75,high_load,34
Round Robin (q=2),51.05,58.05,10.3,73.0,0.11494252873563218,34,0,False,128.75,128.75,high_load,34
Priority,31.45,38.45,31.45,64.5,0.1342281879194631,9,0,False,189.5,128.75,high_load,34
Adaptive,51.05,58.05,10.3,73.0,0.11494252873563218,34,0,True,128.75,128.75,high_load,34
FCFS,37.55,45.25,37.55,72.5,0.12269938650306748,9,0,False,224.0,151.85,high_load,35
SJF,30.55,38.25,30.55,70.5,0.12269938650306748,9,1,False,188.0,151.85,high_load,35
Round Robin (q=2),68.55,76.25,10.45,83.0,0.10309278350515463,40,0,False,151.85,151.85,high_load,35
Priority,34.75,42.45,34.75,70.5,0.12269938650306748,9,1,False,209.0,151.85,high_load,35
Adaptive,68.55,76.25,10.45,83.0,0.10309278350515463,40,0,True,151.85,151.85,high_load,35
FCFS,25.05,31.65,25.05,57.5,0.14184397163120568,9,0,False,154.0,125.45,high_load,36
SJF,23.65,30.25,23.65,56.5,0.14184397163120568,9,1,False,146.5,125.45,high_load,36
Round Robin (q=2),48.6,55.2,10.65,68.5,0.12121212121212122,33,0,False,125.45,125.45,high_load,36
Priority,26.45,33.05,26.45,62.5,0.14184397163120568,9,1,False,163.5,125.45,high_load,36
Adaptive,48.6,55.2,10.65,68.5,0.12121212121212122,33,0,True,125.45,125.45,high_load,36
FCFS,34.65,42.55,34.65,67.5,0.11976047904191617,9,0,False,207.0,155.8,high_load,37
SJF,31.35,39.25,31.35,67.5,0.11976047904191617,9,0,False,190.5,155.8,high_load,37
Round Robin (q=2),72.45,80.35,10.4,83.5,0.10050251256281408,41,0,False,155.8,155.8,high_load,37
Priority,33.25,41.15,33.25,67.5,0.11976047904191617,9,0,False,200.0,155.8,high_load,37
Adaptive,72.45,80.35,10.4,83.5,0.10050251256281408,41,0,True,155.8,155.8,high_load,37
FCFS,28.25,34.45,28.25,58.5,0.15037593984962405,9,0,False,170.5,128.3,high_load,38
SJF,24.45,30.65,24.45,54.5,0.15037593984962405,9,1,False,149.5,128.3,high_load,38
Round Robin (q=2),54.0,60.2,10.2,67.0,0.1282051282051282,32,0,False,128.3,128.3,high_load,38
Priority,29.15,35.35,29.15,55.5,0.15037593984962405,9,0,False,173.5,128.3,high_load,38
Adaptive,54.0,60.2,10.2,67.0,0.1282051282051282,32,0,True,128.3,128.3,high_load,38
FCFS,31.45,38.45,31.45,63.5,0.1342281879194631,9,0,False,189.0,137.05,high_load,39
SJF,26.35,33.35,26.35,60.5,0.1342281879194631,9,1,False,162.0,137.05,high_load,39
Round Robin (q=2),58.6,65.6,10.3,74.5,0.11363636363636363,36,0,False,137.05,137.05,high_load,39
Priority,27.85,34.85,27.85,64.5,0.1342281879194631,9,1,False,171.5,137.05,high_load,39
Adaptive,58.6,65.6,10.3,74.5,0.11363636363636363,36,0,True,137.05,137.05,high_load,39
FCFS,33.95,41.25,33.95,68.5,0.12903225806451613,9,0,False,204.0,145.7,high_load,40
SJF,27.75,35.05,27.75,65.5,0.12903225806451613,9,0,False,171.5,145.7,high_load,40
Round Robin (q=2),64.3,71.6,10.35,80.0,0.10869565217391304,38,0,False,145.7,145.7,high_load,40
Priority,33.75,41.05,33.75,68.5,0.12903225806451613,9,0,False,203.0,145.7,high_load,40
Adaptive,64.3,71.6,10.35,80.0,0.10869565217391304,38,0,True,145.7,145.7,high_load,40
FCFS,35.45,42.85,35.45,69.5,0.12738853503184713,9,0,False,212.0,147.15,high_load,41
SJF,29.25,36.65,29.25,66.5,0.12738853503184713,9,0,False,179.5,147.15,high_load,41
Round Robin (q=2),67.15,74.55,9.75,82.0,0.10752688172043011,38,0,False,147.15,147.15,high_load,41
Priority,35.85,43.25,35.85,72.5,0.12738853503184713,9,0,False,215.5,147.15,high_load,41
Adaptive,67.15,74.55,9.75,82.0,0.10752688172043011,38,0,True,147.15,147.15,high_load,41
FCFS,28.85,35.55,28.85,60.5,0.13986013986013987,9,0,False,174.5,135.3,high_load,42
SJF,25.85,32.55,25.85,59.5,0.13986013986013987,9,0,False,159.0,135.3,high_load,42
Round Robin (q=2),55.55,62.25,10.75,73.5,0.11834319526627218,35,0,False,135.3,135.3,high_load,42
Priority,31.05,37.75,31.05,66.5,0.13986013986013987,9,1,False,188.5,135.3,high_load,42
Adaptive,55.55,62.25,10.75,73.5,0.11834319526627218,35,0,True,135.3,135.3,high_load,42
FCFS,31.65,38.65,31.65,64.5,0.1342281879194631,9,0,False,190.5,139.75,high_load,43
SJF,26.95,33.95,26.95,60.5,0.1342281879194631,9,0,False,165.0,139.75,high_load,43
Round Robin (q=2),62.1,69.1,10.1,74.5,0.11363636363636363,36,0,False,139.75,139.75,high_load,43
Priority,31.65,38.65,31.65,65.5,0.1342281879194631,9,0,False,191.0,139.75,high_load,43
Adaptive,62.1,69.1,10.1,74.5,0.11363636363636363,36,0,True,139.75,139.75,high_load,43
FCFS,28.85,35.45,28.85,58.5,0.14184397163120568,9,0,False,173.5,130.5,high_load,44
SJF,24.55,31.15,24.55,58.5,0.14184397163120568,9,2,False,152.0,130.5,high_load,44
Round Robin (q=2),52.85,59.45,10.6,70.5,0.12121212121212122,33,0,False,130.5,130.5,high_load,44
Priority,30.95,37.55,30.95,66.5,0.14184397163120568,9,1,False,188.0,130.5,high_load,44
Adaptive,52.85,59.45,10.6,70.5,0.12121212121212122,33,0,True,130.5,130.5,high_load,44
FCFS,25.75,32.35,25.75,56.5,0.14184397163120568,9,0,False,157.0,125.25,high_load,45
SJF,23.15,29.75,23.15,55.5,0.14184397163120568,9,0,False,143.5,125.25,high_load,45
Round Robin (q=2),47.75,54.35,10.75,69.0,0.12048192771084337,34,0,False,125.25,125.25,high_load,45
Priority,28.35,34.95,28.35,57.5,0.14184397163120568,9,0,False,170.5,125.25,high_load,45
Adaptive,47.75,54.35,10.75,69.0,0.12048192771084337,34,0,True,125.25,125.25,high_load,45
FCFS,33.25,40.45,33.25,62.5,0.13071895424836602,9,0,False,197.5,146.5,high_load,46
SJF,28.05,35.25,28.05,62.5,0.13071895424836602,9,0,False,171.5,146.5,high_load,46
Round Robin (q=2),65.45,72.65,10.45,78.5,0.10989010989010989,38,0,False,146.5,146.5,high_load,46
Priority,33.65,40.85,33.65,70.5,0.13071895424836602,9,1,False,203.5,146.5,high_load,46
Adaptive,65.45,72.65,10.45,78.5,0.10989010989010989,38,0,True,146.5,146.5,high_load,46
FCFS,30.25,37.45,30.25,62.5,0.13071895424836602,9,0,False,182.5,135.95,high_load,47
SJF,25.35,32.55,25.35,61.5,0.13071895424836602,9,0,False,157.5,135.95,high_load,47
Round Robin (q=2),57.0,64.2,10.3,75.5,0.11049723756906077,37,0,False,135.95,135.95,high_load,47
Priority,28.55,35.75,28.55,62.5,0.13071895424836602,9,0,False,174.0,135.95,high_load,47
Adaptive,57.0,64.2,10.3,75.5,0.11049723756906077,37,0,True,135.95,135.95,high_load,47
FCFS,34.45,41.35,34.45,66.5,0.1360544217687075,9,0,False,205.5,138.85,high_load,48
SJF,25.75,32.65,25.75,61.5,0.1360544217687075,9,1,False,159.5,138.85,high_load,48
Round Robin (q=2),62.1,69.0,9.75,75.5,0.11428571428571428,37,0,False,138.85,138.85,high_load,48
Priority,28.45,35.35,28.45,61.5,0.1360544217687075,9,0,False,173.0,138.85,high_load,48
Adaptive,62.1,69.0,9.75,75.5,0.11428571428571428,37,0,True,138.85,138.85,high_load,48
FCFS,32.35,39.05,32.35,61.5,0.13986013986013987,9,0,False,192.5,134.95,high_load,49
SJF,25.65,32.35,25.65,60.5,0.13986013986013987,9,1,False,158.5,134.95,high_load,49
Round Robin (q=2),56.45,63.15,10.5,73.0,0.11904761904761904,34,0,False,134.95,134.95,high_load,49
Priority,29.55,36.25,29.55,60.5,0.13986013986013987,9,1,False,178.0,134.95,high_load,49
Adaptive,56.45,63.15,10.5,73.0,0.11904761904761904,34,0,True,134.95,134.95,high_load,49
FCFS,38.35,46.25,38.35,70.5,0.11976047904191617,9,0,False,227.0,157.1,high_load,50
SJF,32.95,40.85,32.95,71.5,0.11976047904191617,9,0,False,200.5,157.1,high_load,50
Round Robin (q=2),74.6,82.5,9.75,87.0,0.10050251256281408,41,0,False,157.1,157.1,high_load,50
Priority,36.75,44.65,36.75,72.5,0.11976047904191617,9,0,False,220.0,157.1,high_load,50
Adaptive,74.6,82.5,9.75,87.0,0.10050251256281408,41,0,True,157.1,157.1,high_load,50
FCFS,36.65,44.75,36.65,72.5,0.11695906432748537,9,0,False,219.5,160.7,high_load,51
SJF,31.45,39.55,31.45,71.5,0.11695906432748537,9,1,False,193.0,160.7,high_load,51
Round Robin (q=2),75.5,83.6,10.3,88.0,0.09852216748768473,41,0,False,160.7,160.7,high_load,51
Priority,34.15,42.25,34.15,74.5,0.11695906432748537,9,1,False,208.0,160.7,high_load,51
Adaptive,75.5,83.6,10.3,88.0,0.09852216748768473,41,0,True,160.7,160.7,high_load,51
FCFS,28.65,34.95,28.65,56.5,0.14814814814814814,9,0,False,171.5,121.5,high_load,52
SJF,22.35,28.65,22.35,55.5,0.14814814814814814,9,2,False,139.5,121.5,high_load,52
Round Robin (q=2),47.8,54.1,10.05,67.0,0.12658227848101267,32,0,False,121.5,121.5,high_load,52
Priority,26.85,33.15,26.85,61.5,0.14814814814814814,9,1,False,165.0,121.5,high_load,52
Adaptive,47.8,54.1,10.05,67.0,0.12658227848101267,32,0,True,121.5,121.5,high_load,52
FCFS,35.45,42.85,35.45,66.5,0.12738853503184713,9,0,False,210.5,149.2,high_load,53
SJF,28.65,36.05,28.65,66.5,0.12738853503184713,9,1,False,176.5,149.2,high_load,53
Round Robin (q=2),67.65,75.05,10.2,81.5,0.10695187165775401,39,0,False,149.2,149.2,high_load,53
Priority,33.35,40.75,33.35,68.5,0.12738853503184713,9,1,False,201.0,149.2,high_load,53
Adaptive,67.65,75.05,10.2,81.5,0.10695187165775401,39,0,True,149.2,149.2,high_load,53
FCFS,31.05,37.95,31.05,63.5,0.1360544217687075,9,0,False,187.0,141.45,high_load,54
SJF,26.65,33.55,26.65,61.5,0.1360544217687075,9,1,False,164.0,141.45,high_load,54
Round Robin (q=2),62.15,69.05,10.45,75.0,0.11494252873563218,36,0,False,141.45,141.45,high_load,54
Priority,31.35,38.25,31.35,61.5,0.1360544217687075,9,0,False,187.5,141.45,high_load,54
Adaptive,62.15,69.05,10.45,75.0,0.11494252873563218,36,0,True,141.45,141.45,high_load,54
FCFS,32.05,38.95,32.05,65.5,0.1360544217687075,9,0,False,193.0,136.7,high_load,55
SJF,25.25,32.15,25.25,62.5,0.1360544217687075,9,1,False,157.5,136.7,high_load,55
Round Robin (q=2),59.25,66.15,10.05,74.5,0.11494252873563218,36,0,False,136.7,136.7,high_load,55
Priority,32.45,39.35,32.45,64.5,0.1360544217687075,9,0,False,194.5,136.7,high_load,55
Adaptive,59.25,66.15,10.05,74.5,0.11494252873563218,36,0,True,136.7,136.7,high_load,55
FCFS,32.65,39.05,32.65,62.5,0.145985401459854,9,0,False,194.5,128.05,high_load,56
SJF,25.05,31.45,25.05,57.5,0.145985401459854,9,1,False,154.0,128.05,high_load,56
Round Robin (q=2),55.1,61.5,9.55,69.5,0.12422360248447205,33,0,False,128.05,128.05,high_load,56
Priority,32.95,39.35,32.95,62.5,0.145985401459854,9,0,False,196.0,128.05,high_load,56
Adaptive,55.1,61.5,9.55,69.5,0.12422360248447205,33,0,True,128.05,128.05,high_load,56
FCFS,32.55,40.15,32.55,69.5,0.12422360248447205,9,0,False,197.5,152.7,high_load,57
SJF,30.15,37.75,30.15,68.5,0.12422360248447205,9,1,False,185.0,152.7,high_load,57
Round Robin (q=2),69.9,77.5,10.2,84.0,0.10416666666666667,40,0,False,152.7,152.7,high_load,57
Priority,34.75,42.35,34.75,69.5,0.12422360248447205,9,0,False,208.5,152.7,high_load,57
Adaptive,69.9,77.5,10.2,84.0,0.10416666666666667,40,0,True,152.7,152.7,high_load,57
FCFS,25.25,31.05,25.25,51.5,0.16,9,0,False,152.0,121.65,high_load,58
SJF,22.45,28.25,22.45,50.5,0.16,9,0,False,137.5,121.65,high_load,58
Round Robin (q=2),48.55,54.35,10.65,61.0,0.136986301369863,30,0,False,121.65,121.65,high_load,58
Priority,24.65,30.45,24.65,53.5,0.16,9,1,False,150.0,121.65,high_load,58
Adaptive,48.55,54.35,10.65,61.0,0.136986301369863,30,0,True,121.65,121.65,high_load,58
FCFS,32.55,39.75,32.55,68.5,0.13071895424836602,9,0,False,197.0,139.05,high_load,59
SJF,26.05,33.25,26.05,63.5,0.13071895424836602,9,1,False,162.0,139.05,high_load,59
Round Robin (q=2),57.7,64.9,10.65,77.5,0.11049723756906077,37,0,False,139.05,139.05,high_load,59
Priority,30.85,38.05,30.85,68.5,0.13071895424836602,9,1,False,188.5,139.05,high_load,59
Adaptive,57.7,64.9,10.65,77.5,0.11049723756906077,37,0,True,139.05,139.05,high_load,59
FCFS,31.65,38.75,31.65,65.5,0.13245033112582782,9,0,False,191.0,141.65,high_load,60
SJF,28.35,35.45,28.35,63.5,0.13245033112582782,9,0,False,173.5,141.65,high_load,60
Round Robin (q=2),62.95,70.05,10.05,77.0,0.11235955056179775,36,0,False,141.65,141.65,high_load,60
Priority,33.25,40.35,33.25,65.5,0.13245033112582782,9,0,False,199.0,141.65,high_load,60
Adaptive,62.95,70.05,10.05,77.0,0.11235955056179775,36,0,True,141.65,141.65,high_load,60
FCFS,30.45,37.65,30.45,63.5,0.13071895424836602,9,0,False,184.0,141.0,high_load,61
SJF,27.35,34.55,27.35,62.5,0.13071895424836602,9,1,False,168.0,141.0,high_load,61
Round Robin (q=2),61.05,68.25,10.3,77.5,0.11049723756906077,37,0,False,141.0,141.0,high_load,61
Priority,34.25,41.45,34.25,71.5,0.13071895424836602,9,1,False,207.0,141.0,high_load,61
Adaptive,61.05,68.25,10.3,77.5,0.11049723756906077,37,0,True,141.0,141.0,high_load,61
FCFS,30.85,38.05,30.85,66.5,0.13071895424836602,9,0,False,187.5,140.45,high_load,62
SJF,27.75,34.95,27.75,65.5,0.13071895424836602,9,0,False,171.5,140.45,high_load,62
Round Robin (q=2),59.45,66.65,10.25,80.0,0.1111111111111111,36,0,False,140.45,140.45,high_load,62
Priority,34.05,41.25,34.05,69.5,0.13071895424836602,9,0,False,205.0,140.45,high_load,62
Adaptive,59.45,66.65,10.25,80.0,0.1111111111111111,36,0,True,140.45,140.45,high_load,62
FCFS,29.85,36.05,29.85,54.5,0.15037593984962405,9,0,False,176.5,129.7,high_load,63
SJF,23.65,29.85,23.65,55.5,0.15037593984962405,9,1,False,146.0,129.7,high_load,63
Round Robin (q=2),54.9,61.1,10.2,68.0,0.12658227848101267,34,0,False,129.7,129.7,high_load,63
Priority,30.45,36.65,30.45,57.5,0.15037593984962405,9,0,False,181.0,129.7,high_load,63
Adaptive,54.9,61.1,10.2,68.0,0.12658227848101267,34,0,True,129.7,129.7,high_load,63
FCFS,26.55,33.05,26.55,57.5,0.14388489208633093,9,0,False,161.5,126.0,high_load,64
SJF,24.65,31.15,24.65,57.5,0.14388489208633093,9,0,False,152.0,126.0,high_load,64
Round Robin (q=2),52.5,59.0,9.75,69.0,0.12345679012345678,32,0,False,126.0,126.0,high_load,64
Priority,29.15,35.65,29.15,64.5,0.14388489208633093,9,1,False,178.0,126.0,high_load,64
Adaptive,52.5,59.0,9.75,69.0,0.12345679012345678,32,0,True,126.0,126.0,high_load,64
FCFS,29.05,36.15,29.05,61.5,0.13245033112582782,9,0,False,176.0,138.15,high_load,65
SJF,26.45,33.55,26.45,60.5,0.13245033112582782,9,0,False,162.5,138.15,high_load,65
Round Robin (q=2),58.05,65.15,10.65,75.0,0.11235955056179775,36,0,False,138.15,138.15,high_load,65
Priority,29.75,36.85,29.75,68.5,0.13245033112582782,9,1,False,183.0,138.15,high_load,65
Adaptive,58.05,65.15,10.65,75.0,0.11235955056179775,36,0,True,138.15,138.15,high_load,65
FCFS,36.45,44.35,36.45,74.5,0.11976047904191617,9,0,False,219.5,158.4,high_load,66
SJF,31.55,39.45,31.55,72.5,0.11976047904191617,9,1,False,194.0,158.4,high_load,66
Round Robin (q=2),73.05,80.95,10.4,87.5,0.10050251256281408,41,0,False,158.4,158.4,high_load,66
Priority,36.65,44.55,36.65,75.5,0.11976047904191617,9,1,False,221.0,158.4,high_load,66
Adaptive,73.05,80.95,10.4,87.5,0.10050251256281408,41,0,True,158.4,158.4,high_load,66
FCFS,27.05,33.75,27.05,59.5,0.13986013986013987,9,0,False,165.0,134.3,high_load,67
SJF,25.45,32.15,25.45,57.5,0.13986013986013987,9,0,False,156.0,134.3,high_load,67
Round Robin (q=2),56.15,62.85,10.6,71.5,0.11764705882352941,36,0,False,134.3,134.3,high_load,67
Priority,26.85,33.55,26.85,59.5,0.13986013986013987,9,0,False,164.0,134.3,high_load,67
Adaptive,56.15,62.85,10.6,71.5,0.11764705882352941,36,0,True,134.3,134.3,high_load,67
FCFS,37.75,45.35,37.75,73.5,0.12422360248447205,9,0,False,225.5,153.3,high_load,68
SJF,31.05,38.65,31.05,68.5,0.12422360248447205,9,0,False,189.5,153.3,high_load,68
Round Robin (q=2),71.75,79.35,9.95,83.5,0.10471204188481675,39,0,False,153.3,153.3,high_load,68
Priority,35.55,43.15,35.55,74.5,0.12422360248447205,9,0,False,215.0,153.3,high_load,68
Adaptive,71.75,79.35,9.95,83.5,0.10471204188481675,39,0,True,153.3,153.3,high_load,68
FCFS,30.95,37.65,30.95,58.5,0.13986013986013987,9,0,False,184.0,130.85,high_load,69
SJF,23.65,30.35,23.65,58.5,0.13986013986013987,9,2,False,147.5,130.85,high_load,69
Round Robin (q=2),54.35,61.05,10.25,71.0,0.11904761904761904,34,0,False,130.85,130.85,high_load,69
Priority,25.55,32.25,25.55,59.5,0.13986013986013987,9,1,False,157.5,130.85,high_load,69
Adaptive,54.35,61.05,10.25,71.0,0.11904761904761904,34,0,True,130.85,130.85,high_load,69
FCFS,27.65,33.55,27.65,55.5,0.15748031496062992,9,0,False,166.0,124.25,high_load,70
SJF,23.05,28.95,23.05,53.5,0.15748031496062992,9,1,False,142.0,124.25,high_load,70
Round Robin (q=2),51.4,57.3,10.15,64.5,0.1342281879194631,31,0,False,124.25,124.25,high_load,70
Priority,26.05,31.95,26.05,57.5,0.15748031496062992,9,1,False,159.0,124.25,high_load,70
Adaptive,51.4,57.3,10.15,64.5,0.1342281879194631,31,0,True,124.25,124.25,high_load,70
FCFS,34.45,41.45,34.45,68.5,0.1342281879194631,9,0,False,206.5,146.95,high_load,71
SJF,29.55,36.55,29.55,63.5,0.1342281879194631,9,0,False,179.5,146.95,high_load,71
Round Robin (q=2),65.45,72.45,10.75,77.0,0.11428571428571428,35,0,False,146.95,146.95,high_load,71
Priority,32.95,39.95,32.95,66.5,0.1342281879194631,9,0,False,198.0,146.95,high_load,71
Adaptive,65.45,72.45,10.75,77.0,0.11428571428571428,35,0,True,146.95,146.95,high_load,71
FCFS,35.85,43.75,35.85,70.5,0.11976047904191617,9,0,False,214.5,154.95,high_load,72
SJF,31.05,38.95,31.05,70.5,0.11976047904191617,9,0,False,190.5,154.95,high_load,72
Round Robin (q=2),69.95,77.85,10.5,86.0,0.10101010101010101,40,0,False,154.95,154.95,high_load,72
Priority,39.15,47.05,39.15,76.5,0.11976047904191617,9,0,False,234.0,154.95,high_load,72
Adaptive,69.95,77.85,10.5,86.0,0.10101010101010101,40,0,True,154.95,154.95,high_load,72
FCFS,28.25,34.75,28.25,56.5,0.14388489208633093,9,0,False,169.5,132.4,high_load,73
SJF,25.95,32.45,25.95,56.5,0.14388489208633093,9,1,False,158.0,132.4,high_load,73
Round Robin (q=2),57.85,64.35,9.95,69.5,0.12195121951219512,34,0,False,132.4,132.4,high_load,73
Priority,27.45,33.95,27.45,56.5,0.14388489208633093,9,0,False,165.5,132.4,high_load,73
Adaptive,57.85,64.35,9.95,69.5,0.12195121951219512,34,0,True,132.4,132.4,high_load,73
FCFS,25.35,31.35,25.35,52.5,0.15503875968992248,9,0,False,153.0,120.6,high_load,74
SJF,21.95,27.95,21.95,50.5,0.15503875968992248,9,0,False,135.0,120.6,high_load,74
Round Robin (q=2),48.05,54.05,10.45,61.5,0.13245033112582782,31,0,False,120.6,120.6,high_load,74
Priority,24.35,30.35,24.35,53.5,0.15503875968992248,9,0,False,148.5,120.6,high_load,74
Adaptive,48.05,54.05,10.45,61.5,0.13245033112582782,31,0,True,120.6,120.6,high_load,74
FCFS,33.45,40.85,33.45,68.5,0.12738853503184713,9,0,False,201.5,146.25,high_load,75
SJF,28.65,36.05,28.65,66.5,0.12738853503184713,9,1,False,176.5,146.25,high_load,75
Round Robin (q=2),65.45,72.85,10.2,80.0,0.10695187165775401,39,0,False,146.25,146.25,high_load,75
Priority,34.95,42.35,34.95,67.5,0.12738853503184713,9,0,False,208.5,146.25,high_load,75
Adaptive,65.45,72.85,10.2,80.0,0.10695187165775401,39,0,True,146.25,146.25,high_load,75
FCFS,31.05,38.15,31.05,61.5,0.13245033112582782,9,0,False,186.0,138.0,high_load,76
SJF,26.05,33.15,26.05,61.5,0.13245033112582782,9,1,False,161.0,138.0,high_load,76
Round Robin (q=2),59.1,66.2,10.35,75.0,0.11235955056179775,36,0,False,138.0,138.0,high_load,76
Priority,32.35,39.45,32.35,65.5,0.13245033112582782,9,0,False,194.5,138.0,high_load,76
Adaptive,59.1,66.2,10.35,75.0,0.11235955056179775,36,0,True,138.0,138.0,high_load,76
FCFS,31.55,38.55,31.55,62.5,0.1342281879194631,9,0,False,189.0,139.65,high_load,77
SJF,26.25,33.25,26.25,63.5,0.1342281879194631,9,2,False,163.0,139.65,high_load,77
Round Robin (q=2),59.75,66.75,10.35,77.0,0.11363636363636363,36,0,False,139.65,139.65,high_load,77
Priority,31.05,38.05,31.05,68.5,0.1342281879194631,9,1,False,189.5,139.65,high_load,77
Adaptive,59.75,66.75,10.35,77.0,0.11363636363636363,36,0,True,139.65,139.65,high_load,77
FCFS,34.35,41.65,34.35,68.5,0.12903225806451613,9,0,False,206.0,142.65,high_load,78
SJF,26.25,33.55,26.25,64.5,0.12903225806451613,9,2,False,163.5,142.65,high_load,78
Round Robin (q=2),61.55,68.85,10.4,79.0,0.10869565217391304,38,0,False,142.65,142.65,high_load,78
Priority,32.25,39.55,32.25,67.5,0.12903225806451613,9,1,False,195.0,142.65,high_load,78
Adaptive,61.55,68.85,10.4,79.0,0.10869565217391304,38,0,True,142.65,142.65,high_load,78
FCFS,27.75,34.85,27.75,61.5,0.13245033112582782,9,0,False,169.5,138.15,high_load,79
SJF,25.65,32.75,25.65,60.5,0.13245033112582782,9,0,False,158.5,138.15,high_load,79
Round Robin (q=2),58.55,65.65,10.4,76.0,0.1111111111111111,38,0,False,138.15,138.15,high_load,79
Priority,27.95,35.05,27.95,60.5,0.13245033112582782,9,1,False,170.0,138.15,high_load,79
Adaptive,58.55,65.65,10.4,76.0,0.1111111111111111,38,0,True,138.15,138.15,high_load,79
FCFS,27.75,34.15,27.75,55.5,0.145985401459854,9,0,False,166.5,133.05,high_load,80
SJF,25.85,32.25,25.85,55.5,0.145985401459854,9,0,False,157.0,133.05,high_load,80
Round Robin (q=2),57.7,64.1,10.4,67.5,0.12422360248447205,33,0,False,133.05,133.05,high_load,80
Priority,28.85,35.25,28.85,58.5,0.145985401459854,9,0,False,173.5,133.05,high_load,80
Adaptive,57.7,64.1,10.4,67.5,0.12422360248447205,33,0,True,133.05,133.05,high_load,80
FCFS,29.55,36.25,29.55,63.5,0.13986013986013987,9,0,False,179.5,136.65,high_load,81
SJF,26.85,33.55,26.85,59.5,0.13986013986013987,9,0,False,164.0,136.65,high_load,81
Round Robin (q=2),60.55,67.25,9.9,73.0,0.11834319526627218,35,0,False,136.65,136.65,high_load,81
Priority,31.35,38.05,31.35,63.5,0.13986013986013987,9,0,False,188.5,136.65,high_load,81
Adaptive,60.55,67.25,9.9,73.0,0.11834319526627218,35,0,True,136.65,136.65,high_load,81
FCFS,39.35,47.45,39.35,75.5,0.11695906432748537,9,0,False,234.5,160.5,high_load,82
SJF,33.25,41.35,33.25,72.5,0.11695906432748537,9,0,False,202.5,160.5,high_load,82
Round Robin (q=2),75.8,83.9,10.05,89.0,0.09803921568627451,42,0,False,160.5,160.5,high_load,82
Priority,39.75,47.85,39.75,76.5,0.11695906432748537,9,0,False,237.0,160.5,high_load,82
Adaptive,75.8,83.9,10.05,89.0,0.09803921568627451,42,0,True,160.5,160.5,high_load,82
FCFS,31.55,38.15,31.55,62.5,0.14184397163120568,9,0,False,189.0,132.8,high_load,83
SJF,24.05,30.65,24.05,57.5,0.14184397163120568,9,1,False,149.0,132.8,high_load,83
Round Robin (q=2),55.15,61.75,10.6,70.5,0.12048192771084337,34,0,False,132.8,132.8,high_load,83
Priority,32.45,39.05,32.45,62.5,0.14184397163120568,9,0,False,193.5,132.8,high_load,83
Adaptive,55.15,61.75,10.6,70.5,0.12048192771084337,34,0,True,132.8,132.8,high_load,83
FCFS,33.45,40.75,33.45,67.5,0.12903225806451613,9,0,False,201.0,141.45,high_load,84
SJF,27.95,35.25,27.95,65.5,0.12903225806451613,9,1,False,172.5,141.45,high_load,84
Round Robin (q=2),61.05,68.35,10.35,78.0,0.1092896174863388,37,0,False,141.45,141.45,high_load,84
Priority,35.95,43.25,35.95,67.5,0.12903225806451613,9,0,False,213.5,141.45,high_load,84
Adaptive,61.05,68.35,10.35,78.0,0.1092896174863388,37,0,True,141.45,141.45,high_load,84
FCFS,36.55,44.45,36.55,72.5,0.11976047904191617,9,0,False,219.0,159.7,high_load,85
SJF,32.35,40.25,32.35,71.5,0.11976047904191617,9,0,False,197.5,159.7,high_load,85
Round Robin (q=2),73.25,81.15,10.55,88.5,0.10050251256281408,41,0,False,159.7,159.7,high_load,85
Priority,37.05,44.95,37.05,78.5,0.11976047904191617,9,0,False,224.5,159.7,high_load,85
Adaptive,73.25,81.15,10.55,88.5,0.10050251256281408,41,0,True,159.7,159.7,high_load,85
FCFS,39.55,47.55,39.55,73.5,0.11834319526627218,9,0,False,234.5,155.5,high_load,86
SJF,31.65,39.65,31.65,72.5,0.11834319526627218,9,0,False,194.5,155.5,high_load,86
Round Robin (q=2),70.9,78.9,10.15,88.0,0.1,40,0,False,155.5,155.5,high_load,86
Priority,37.35,45.35,37.35,78.5,0.11834319526627218,9,0,False,226.0,155.5,high_load,86
Adaptive,70.9,78.9,10.15,88.0,0.1,40,0,True,155.5,155.5,high_load,86
FCFS,33.65,41.05,33.65,65.5,0.12738853503184713,9,0,False,201.0,145.0,high_load,87
SJF,27.15,34.55,27.15,64.5,0.12738853503184713,9,2,False,168.0,145.0,high_load,87
Round Robin (q=2),63.5,70.9,10.5,79.0,0.10752688172043011,38,0,False,145.0,145.0,high_load,87
Priority,35.85,43.25,35.85,65.5,0.12738853503184713,9,0,False,212.0,145.0,high_load,87
Adaptive,63.5,70.9,10.5,79.0,0.10752688172043011,38,0,True,145.0,145.0,high_load,87
FCFS,34.75,41.95,34.75,69.5,0.13071895424836602,9,0,False,208.5,149.4,high_load,88
SJF,28.45,35.65,28.45,66.5,0.13071895424836602,9,1,False,175.5,149.4,high_load,88
Round Robin (q=2),68.55,75.75,10.15,80.5,0.1092896174863388,39,0,False,149.4,149.4,high_load,88
Priority,32.75,39.95,32.75,65.5,0.13071895424836602,9,0,False,196.5,149.4,high_load,88
Adaptive,68.55,75.75,10.15,80.5,0.1092896174863388,39,0,True,149.4,149.4,high_load,88
FCFS,28.25,34.95,28.25,59.5,0.13986013986013987,9,0,False,171.0,134.25,high_load,89
SJF,27.15,33.85,27.15,57.5,0.13986013986013987,9,0,False,164.5,134.25,high_load,89
Round Robin (q=2),56.55,63.25,10.55,71.0,0.11764705882352941,36,0,False,134.25,134.25,high_load,89
Priority,33.65,40.35,33.65,61.5,0.13986013986013987,9,0,False,199.0,134.25,high_load,89
Adaptive,56.55,63.25,10.55,71.0,0.11764705882352941,36,0,True,134.25,134.25,high_load,89
FCFS,33.35,40.25,33.35,63.5,0.1360544217687075,9,0,False,198.5,140.85,high_load,90
SJF,26.15,33.05,26.15,62.5,0.1360544217687075,9,2,False,162.0,140.85,high_load,90
Round Robin (q=2),61.05,67.95,10.45,76.0,0.11494252873563218,36,0,False,140.85,140.85,high_load,90
Priority,30.55,37.45,30.55,59.5,0.1360544217687075,9,0,False,182.5,140.85,high_load,90
Adaptive,61.05,67.95,10.45,76.0,0.11494252873563218,36,0,True,140.85,140.85,high_load,90
FCFS,34.85,42.95,34.85,72.5,0.11695906432748537,9,0,False,210.5,159.55,high_load,91
SJF,31.55,39.65,31.55,71.5,0.11695906432748537,9,0,False,193.5,159.55,high_load,91
Round Robin (q=2),73.75,81.85,10.45,88.0,0.09803921568627451,42,0,False,159.55,159.55,high_load,91
Priority,36.15,44.25,36.15,72.5,0.11695906432748537,9,0,False,217.0,159.55,high_load,91
Adaptive,73.75,81.85,10.45,88.0,0.09803921568627451,42,0,True,159.55,159.55,high_load,91
FCFS,33.65,41.15,33.65,70.5,0.12578616352201258,9,0,False,203.5,146.45,high_load,92
SJF,28.65,36.15,28.65,68.5,0.12578616352201258,9,1,False,177.5,146.45,high_load,92
Round Robin (q=2),63.9,71.4,10.45,81.5,0.10582010582010581,39,0,False,146.45,146.45,high_load,92
Priority,33.55,41.05,33.55,68.5,0.12578616352201258,9,1,False,202.0,146.45,high_load,92
Adaptive,63.9,71.4,10.45,81.5,0.10582010582010581,39,0,True,146.45,146.45,high_load,92
FCFS,34.35,42.15,34.35,73.5,0.12121212121212122,9,0,False,208.5,158.05,high_load,93
SJF,31.85,39.65,31.85,71.5,0.12121212121212122,9,0,False,195.0,158.05,high_load,93
Round Robin (q=2),70.65,78.45,10.85,88.0,0.10204081632653061,40,0,False,158.05,158.05,high_load,93
Priority,37.55,45.35,37.55,73.5,0.12121212121212122,9,0,False,224.5,158.05,high_load,93
Adaptive,70.65,78.45,10.85,88.0,0.10204081632653061,40,0,True,158.05,158.05,high_load,93
FCFS,28.05,35.05,28.05,60.5,0.1342281879194631,9,0,False,170.5,136.5,high_load,94
SJF,26.05,33.05,26.05,59.5,0.1342281879194631,9,0,False,160.0,136.5,high_load,94
Round Robin (q=2),56.7,63.7,10.7,74.0,0.11363636363636363,36,0,False,136.5,136.5,high_load,94
Priority,29.25,36.25,29.25,62.5,0.1342281879194631,9,0,False,177.5,136.5,high_load,94
Adaptive,56.7,63.7,10.7,74.0,0.11363636363636363,36,0,True,136.5,136.5,high_load,94
FCFS,34.85,42.15,34.85,66.5,0.12903225806451613,9,0,False,207.5,150.55,high_load,95
SJF,29.05,36.35,29.05,67.5,0.12903225806451613,9,1,False,179.0,150.55,high_load,95
Round Robin (q=2),67.05,74.35,10.5,83.0,0.10869565217391304,38,0,False,150.55,150.55,high_load,95
Priority,36.55,43.85,36.55,73.5,0.12903225806451613,9,1,False,219.5,150.55,high_load,95
Adaptive,67.05,74.35,10.5,83.0,0.10869565217391304,38,0,True,150.55,150.55,high_load,95
FCFS,30.85,37.85,30.85,62.5,0.1342281879194631,9,0,False,185.5,140.8,high_load,96
SJF,28.05,35.05,28.05,63.5,0.1342281879194631,9,1,False,172.0,140.8,high_load,96
Round Robin (q=2),59.95,66.95,10.65,76.5,0.11428571428571428,35,0,False,140.8,140.8,high_load,96
Priority,30.95,37.95,30.95,62.5,0.1342281879194631,9,0,False,186.0,140.8,high_load,96
Adaptive,59.95,66.95,10.65,76.5,0.11428571428571428,35,0,True,140.8,140.8,high_load,96
FCFS,27.45,33.25,27.45,55.5,0.16,9,0,False,165.0,123.8,high_load,97
SJF,22.25,28.05,22.25,51.5,0.16,9,1,False,137.0,123.8,high_load,97
Round Robin (q=2),50.0,55.8,10.7,62.0,0.136986301369863,30,0,False,123.8,123.8,high_load,97
Priority,26.35,32.15,26.35,51.5,0.16,9,0,False,157.5,123.8,high_load,97
Adaptive,50.0,55.8,10.7,62.0,0.136986301369863,30,0,True,123.8,123.8,high_load,97
FCFS,32.25,39.55,32.25,65.5,0.12903225806451613,9,0,False,194.0,140.45,high_load,98
SJF,27.55,34.85,27.55,62.5,0.12903225806451613,9,0,False,169.0,140.45,high_load,98
Round Robin (q=2),60.8,68.1,10.35,76.5,0.1092896174863388,37,0,False,140.45,140.45,high_load,98
Priority,31.35,38.65,31.35,62.5,0.12903225806451613,9,0,False,188.0,140.45,high_load,98
Adaptive,60.8,68.1,10.35,76.5,0.1092896174863388,37,0,True,140.45,140.45,high_load,98
FCFS,36.35,44.05,36.35,74.5,0.12269938650306748,9,0,False,219.0,155.45,high_load,99
SJF,30.35,38.05,30.35,69.5,0.12269938650306748,9,0,False,186.5,155.45,high_load,99
Round Robin (q=2),71.35,79.05,10.4,85.0,0.10309278350515463,40,0,False,155.45,155.45,high_load,99
Priority,37.75,45.45,37.75,74.5,0.12269938650306748,9,0,False,226.0,155.45,high_load,99
Adaptive,71.35,79.05,10.4,85.0,0.10309278350515463,40,0,True,155.45,155.45,high_load,99
FCFS,32.85,39.85,32.85,60.5,0.1342281879194631,9,0,False,194.5,142.6,high_load,100
SJF,27.35,34.35,27.35,60.5,0.1342281879194631,9,0,False,167.0,142.6,high_load,100
Round Robin (q=2),62.8,69.8,10.45,76.0,0.11299435028248588,37,0,False,142.6,142.6,high_load,100
Priority,30.45,37.45,30.45,66.5,0.1342281879194631,9,1,False,185.5,142.6,high_load,100
Adaptive,62.8,69.8,10.45,76.0,0.11299435028248588,37,0,True,142.6,142.6,high_load,100
FCFS,28.25,34.35,28.25,53.5,0.15267175572519084,9,0,False,168.0,129.95,high_load,101
SJF,24.55,30.65,24.55,56.5,0.15267175572519084,9,1,False,151.0,129.95,high_load,101
Round Robin (q=2),55.9,62.0,10.2,66.5,0.12903225806451613,33,0,False,129.95,129.95,high_load,101
Priority,28.45,34.55,28.45,54.5,0.15267175572519084,9,0,False,169.5,129.95,high_load,101
Adaptive,55.9,62.0,10.2,66.5,0.12903225806451613,33,0,True,129.95,129.95,high_load,101
FCFS,33.15,40.35,33.15,64.5,0.13071895424836602,9,0,False,198.0,146.85,high_load,102
SJF,29.55,36.75,29.55,65.5,0.13071895424836602,9,1,False,180.5,146.85,high_load,102
Round Robin (q=2),66.25,73.45,10.15,80.0,0.10989010989010989,38,0,False,146.85,146.85,high_load,102
Priority,32.45,39.65,32.45,65.5,0.13071895424836602,9,0,False,195.0,146.85,high_load,102
Adaptive,66.25,73.45,10.15,80.0,0.10989010989010989,38,0,True,146.85,146.85,high_load,102
FCFS,32.85,39.15,32.85,60.5,0.14814814814814814,9,0,False,194.5,135.6,high_load,103
SJF,26.05,32.35,26.05,57.5,0.14814814814814814,9,1,False,159.0,135.6,high_load,103
Round Robin (q=2),58.8,65.1,10.45,70.0,0.125,34,0,False,135.6,135.6,high_load,103
Priority,32.45,38.75,32.45,59.5,0.14814814814814814,9,0,False,192.0,135.6,high_load,103
Adaptive,58.8,65.1,10.45,70.0,0.125,34,0,True,135.6,135.6,high_load,103
FCFS,34.15,40.95,34.15,65.5,0.13793103448275862,9,0,False,203.5,139.85,high_load,104
SJF,26.15,32.95,26.15,62.5,0.13793103448275862,9,1,False,162.0,139.85,high_load,104
Round Robin (q=2),59.95,66.75,10.6,75.0,0.11695906432748537,35,0,False,139.85,139.85,high_load,104
Priority,31.15,37.95,31.15,64.5,0.13793103448275862,9,0,False,188.0,139.85,high_load,104
Adaptive,59.95,66.75,10.6,75.0,0.11695906432748537,35,0,True,139.85,139.85,high_load,104
FCFS,30.95,38.05,30.95,65.5,0.13245033112582782,9,0,False,187.5,137.65,high_load,105
SJF,25.95,33.05,25.95,60.5,0.13245033112582782,9,0,False,160.0,137.65,high_load,105
Round Robin (q=2),58.85,65.95,10.45,74.0,0.11235955056179775,36,0,False,137.65,137.65,high_load,105
Priority,31.25,38.35,31.25,69.5,0.13245033112582782,9,1,False,191.0,137.65,high_load,105
Adaptive,58.85,65.95,10.45,74.0,0.11235955056179775,36,0,True,137.65,137.65,high_load,105
FCFS,24.05,30.35,24.05,51.5,0.14814814814814814,9,0,False,146.0,121.4,high_load,106
SJF,22.25,28.55,22.25,51.5,0.14814814814814814,9,1,False,137.0,121.4,high_load,106
Round Robin (q=2),47.3,53.6,10.4,65.0,0.12578616352201258,33,0,False,121.4,121.4,high_load,106
Priority,28.15,34.45,28.15,57.5,0.14814814814814814,9,1,False,169.5,121.4,high_load,106
Adaptive,47.3,53.6,10.4,65.0,0.12578616352201258,33,0,True,121.4,121.4,high_load,106
FCFS,31.55,37.85,31.55,58.5,0.14814814814814814,9,0,False,187.0,134.6,high_load,107
SJF,26.85,33.15,26.85,57.5,0.14814814814814814,9,1,False,163.0,134.6,high_load,107
Round Robin (q=2),60.2,66.5,9.85,70.0,0.125,34,0,False,134.6,134.6,high_load,107
Priority,29.35,35.65,29.35,60.5,0.14814814814814814,9,0,False,177.0,134.6,high_load,107
Adaptive,60.2,66.5,9.85,70.0,0.125,34,0,True,134.6,134.6,high_load,107
FCFS,32.05,39.15,32.05,62.5,0.13245033112582782,9,0,False,191.5,143.55,high_load,108
SJF,28.25,35.35,28.25,62.5,0.13245033112582782,9,0,False,172.5,143.55,high_load,108
Round Robin (q=2),63.45,70.55,10.4,77.0,0.1111111111111111,38,0,False,143.55,143.55,high_load,108
Priority,30.25,37.35,30.25,62.5,0.13245033112582782,9,0,False,182.5,143.55,high_load,108
Adaptive,63.45,70.55,10.4,77.0,0.1111111111111111,38,0,True,143.55,143.55,high_load,108
FCFS,30.65,38.05,30.65,63.5,0.12738853503184713,9,0,False,185.0,140.5,high_load,109
SJF,26.85,34.25,26.85,64.5,0.12738853503184713,9,2,False,166.5,140.5,high_load,109
Round Robin (q=2),60.5,67.9,10.25,78.0,0.10752688172043011,38,0,False,140.5,140.5,high_load,109
Priority,34.25,41.65,34.25,68.5,0.12738853503184713,9,0,False,205.5,140.5,high_load,109
Adaptive,60.5,67.9,10.25,78.0,0.10752688172043011,38,0,True,140.5,140.5,high_load,109
FCFS,38.65,46.45,38.65,73.5,0.12121212121212122,9,0,False,230.0,158.0,high_load,110
SJF,31.55,39.35,31.55,70.5,0.12121212121212122,9,0,False,193.0,158.0,high_load,110
Round Robin (q=2),75.0,82.8,10.0,86.0,0.10204081632653061,40,0,False,158.0,158.0,high_load,110
Priority,34.75,42.55,34.75,73.5,0.12121212121212122,9,0,False,210.5,158.0,high_load,110
Adaptive,75.0,82.8,10.0,86.0,0.10204081632653061,40,0,True,158.0,158.0,high_load,110
FCFS,35.05,42.95,35.05,70.5,0.11976047904191617,9,0,False,210.5,160.60000000000002,high_load,111
SJF,32.25,40.15,32.25,71.5,0.11976047904191617,9,1,False,197.0,160.60000000000002,high_load,111
Round Robin (q=2),75.15,83.05,10.55,86.5,0.1,42,0,False,160.60000000000002,160.60000000000002,high_load,111
Priority,34.65,42.55,34.65,71.5,0.11976047904191617,9,1,False,209.0,160.60000000000002,high_load,111
Adaptive,75.15,83.05,10.55,86.5,0.1,42,0,True,160.60000000000002,160.60000000000002,high_load,111
FCFS,34.25,41.65,34.25,65.5,0.12738853503184713,9,0,False,204.0,147.55,high_load,112
SJF,28.65,36.05,28.65,66.5,0.12738853503184713,9,1,False,176.5,147.55,high_load,112
Round Robin (q=2),65.8,73.2,10.5,79.5,0.10695187165775401,39,0,False,147.55,147.55,high_load,112
Priority,35.15,42.55,35.15,65.5,0.12738853503184713,9,0,False,208.5,147.55,high_load,112
Adaptive,65.8,73.2,10.5,79.5,0.10695187165775401,39,0,True,147.55,147.55,high_load,112
FCFS,31.55,38.15,31.55,58.5,0.14184397163120568,9,0,False,187.0,141.1,high_load,113
SJF,25.45,32.05,25.45,59.5,0.14184397163120568,9,2,False,157.0,141.1,high_load,113
Round Robin (q=2),63.2,69.8,10.35,73.0,0.11904761904761904,36,0,False,141.1,141.1,high_load,113
Priority,32.75,39.35,32.75,58.5,0.14184397163120568,9,0,False,193.0,141.1,high_load,113
Adaptive,63.2,69.8,10.35,73.0,0.11904761904761904,36,0,True,141.1,141.1,high_load,113
FCFS,32.05,39.15,32.05,62.5,0.13245033112582782,9,0,False,191.5,141.15,high_load,114
SJF,27.35,34.45,27.35,62.5,0.13245033112582782,9,2,False,168.0,141.15,high_load,114
Round Robin (q=2),61.55,68.65,10.4,76.0,0.11235955056179775,36,0,False,141.15,141.15,high_load,114
Priority,33.65,40.75,33.65,64.5,0.13245033112582782,9,0,False,200.5,141.15,high_load,114
Adaptive,61.55,68.65,10.4,76.0,0.11235955056179775,36,0,True,141.15,141.15,high_load,114
FCFS,30.65,38.05,30.65,64.5,0.12738853503184713,9,0,False,185.5,144.15,high_load,115
SJF,27.65,35.05,27.65,64.5,0.12738853503184713,9,0,False,170.5,144.15,high_load,115
Round Robin (q=2),64.0,71.4,10.1,79.5,0.10695187165775401,39,0,False,144.15,144.15,high_load,115
Priority,30.45,37.85,30.45,65.5,0.12738853503184713,9,1,False,185.0,144.15,high_load,115
Adaptive,64.0,71.4,10.1,79.5,0.10695187165775401,39,0,True,144.15,144.15,high_load,115
FCFS,31.85,38.95,31.85,65.5,0.13245033112582782,9,0,False,192.0,141.4,high_load,116
SJF,26.45,33.55,26.45,62.5,0.13245033112582782,9,1,False,163.5,141.4,high_load,116
Round Robin (q=2),60.75,67.85,10.6,76.5,0.11173184357541899,37,0,False,141.4,141.4,high_load,116
Priority,30.15,37.25,30.15,66.5,0.13245033112582782,9,0,False,184.0,141.4,high_load,116
Adaptive,60.75,67.85,10.6,76.5,0.11173184357541899,37,0,True,141.4,141.4,high_load,116
FCFS,27.25,33.55,27.25,54.5,0.14814814814814814,9,0,False,163.5,128.35,high_load,117
SJF,23.05,29.35,23.05,52.5,0.14814814814814814,9,1,False,141.5,128.35,high_load,117
Round Robin (q=2),52.7,59.0,10.35,68.5,0.125,34,0,False,128.35,128.35,high_load,117
Priority,27.35,33.65,27.35,54.5,0.14814814814814814,9,0,False,164.0,128.35,high_load,117
Adaptive,52.7,59.0,10.35,68.5,0.125,34,0,True,128.35,128.35,high_load,117
FCFS,30.75,38.45,30.75,68.5,0.12269938650306748,9,0,False,188.0,143.85,high_load,118
SJF,28.85,36.55,28.85,66.5,0.12269938650306748,9,0,False,177.5,143.85,high_load,118
Round Robin (q=2),62.15,69.85,10.3,81.0,0.10416666666666667,38,0,False,143.85,143.85,high_load,118
Priority,32.45,40.15,32.45,72.5,0.12269938650306748,9,0,False,198.5,143.85,high_load,118
Adaptive,62.15,69.85,10.3,81.0,0.10416666666666667,38,0,True,143.85,143.85,high_load,118
FCFS,27.55,33.85,27.55,54.5,0.14814814814814814,9,0,False,165.0,126.7,high_load,119
SJF,23.25,29.55,23.25,55.5,0.14814814814814814,9,2,False,144.0,126.7,high_load,119
Round Robin (q=2),52.5,58.8,10.05,68.0,0.125,34,0,False,126.7,126.7,high_load,119
Priority,28.15,34.45,28.15,58.5,0.14814814814814814,9,0,False,170.0,126.7,high_load,119
Adaptive,52.5,58.8,10.05,68.0,0.125,34,0,True,126.7,126.7,high_load,119
FCFS,25.15,31.55,25.15,55.5,0.145985401459854,9,0,False,153.5,125.95,high_load,120
SJF,23.95,30.35,23.95,55.5,0.145985401459854,9,1,False,147.5,125.95,high_load,120
Round Robin (q=2),51.7,58.1,10.0,68.5,0.12345679012345678,34,0,False,125.95,125.95,high_load,120
Priority,28.15,34.55,28.15,56.5,0.145985401459854,9,0,False,169.0,125.95,high_load,120
Adaptive,51.7,58.1,10.0,68.5,0.12345679012345678,34,0,True,125.95,125.95,high_load,120
FCFS,34.95,42.45,34.95,69.5,0.12578616352201258,9,0,False,209.5,152.8,high_load,121
SJF,29.25,36.75,29.25,67.5,0.12578616352201258,9,1,False,180.0,152.8,high_load,121
Round Robin (q=2),70.1,77.6,10.3,83.0,0.10526315789473684,40,0,False,152.8,152.8,high_load,121
Priority,33.25,40.75,33.25,69.5,0.12578616352201258,9,0,False,201.0,152.8,high_load,121
Adaptive,70.1,77.6,10.3,83.0,0.10526315789473684,40,0,True,152.8,152.8,high_load,121
FCFS,33.45,40.55,33.45,64.5,0.13245033112582782,9,0,False,199.5,148.85,high_load,122
SJF,28.45,35.55,28.45,65.5,0.13245033112582782,9,2,False,175.0,148.85,high_load,122
Round Robin (q=2),66.3,73.4,10.7,79.5,0.11173184357541899,37,0,False,148.85,148.85,high_load,122
Priority,34.35,41.45,34.35,68.5,0.13245033112582782,9,0,False,206.0,148.85,high_load,122
Adaptive,66.3,73.4,10.7,79.5,0.11173184357541899,37,0,True,148.85,148.85,high_load,122
FCFS,28.05,33.95,28.05,55.5,0.15748031496062992,9,0,False,168.0,121.55000000000001,high_load,123
SJF,22.75,28.65,22.75,51.5,0.15748031496062992,9,0,False,139.5,121.55000000000001,high_load,123
Round Robin (q=2),49.35,55.25,10.3,62.0,0.13513513513513514,30,0,False,121.55000000000001,121.55000000000001,high_load,123
Priority,26.15,32.05,26.15,55.5,0.15748031496062992,9,1,False,158.5,121.55000000000001,high_load,123
Adaptive,49.35,55.25,10.3,62.0,0.13513513513513514,30,0,True,121.55000000000001,121.55000000000001,high_load,123
FCFS,29.85,35.85,29.85,54.5,0.15503875968992248,9,0,False,176.5,123.55000000000001,high_load,124
SJF,21.85,27.85,21.85,53.5,0.15503875968992248,9,2,False,136.0,123.55000000000001,high_load,124
Round Robin (q=2),49.95,55.95,10.4,64.0,0.13333333333333333,30,0,False,123.55000000000001,123.55000000000001,high_load,124
Priority,28.15,34.15,28.15,57.5,0.15503875968992248,9,0,False,169.5,123.55000000000001,high_load,124
Adaptive,49.95,55.95,10.4,64.0,0.13333333333333333,30,0,True,123.55000000000001,123.55000000000001,high_load,124
FCFS,30.95,38.15,30.95,67.5,0.13071895424836602,9,0,False,188.5,139.1,high_load,125
SJF,25.65,32.85,25.65,61.5,0.13071895424836602,9,0,False,159.0,139.1,high_load,125
Round Robin (q=2),59.15,66.35,10.55,75.5,0.11049723756906077,37,0,False,139.1,139.1,high_load,125
Priority,31.95,39.15,31.95,69.5,0.13071895424836602,9,1,False,194.5,139.1,high_load,125
Adaptive,59.15,66.35,10.55,75.5,0.11049723756906077,37,0,True,139.1,139.1,high_load,125
FCFS,29.15,36.15,29.15,58.5,0.1342281879194631,9,0,False,175.0,138.6,high_load,126
SJF,27.25,34.25,27.25,58.5,0.1342281879194631,9,0,False,165.5,138.6,high_load,126
Round Robin (q=2),59.9,66.9,10.3,75.0,0.11299435028248588,37,0,False,138.6,138.6,high_load,126
Priority,32.25,39.25,32.25,61.5,0.1342281879194631,9,0,False,192.0,138.6,high_load,126
Adaptive,59.9,66.9,10.3,75.0,0.11299435028248588,37,0,True,138.6,138.6,high_load,126
FCFS,24.95,30.95,24.95,47.5,0.15503875968992248,9,0,False,148.5,116.44999999999999,high_load,127
SJF,21.05,27.05,21.05,47.5,0.15503875968992248,9,1,False,129.0,116.44999999999999,high_load,127
Round Robin (q=2),45.55,51.55,10.35,59.0,0.1342281879194631,29,0,False,116.44999999999999,116.44999999999999,high_load,127
Priority,24.65,30.65,24.65,53.5,0.15503875968992248,9,1,False,150.0,116.44999999999999,high_load,127
Adaptive,45.55,51.55,10.35,59.0,0.1342281879194631,29,0,True,116.44999999999999,116.44999999999999,high_load,127
FCFS,28.75,35.75,28.75,62.5,0.1342281879194631,9,0,False,175.0,138.15,high_load,128
SJF,26.45,33.45,26.45,60.5,0.1342281879194631,9,0,False,162.5,138.15,high_load,128
Round Robin (q=2),58.9,65.9,10.5,74.5,0.11299435028248588,37,0,False,138.15,138.15,high_load,128
Priority,27.75,34.75,27.75,64.5,0.1342281879194631,9,1,False,171.0,138.15,high_load,128
Adaptive,58.9,65.9,10.5,74.5,0.11299435028248588,37,0,True,138.15,138.15,high_load,128
FCFS,30.35,37.05,30.35,60.5,0.13986013986013987,9,0,False,182.0,136.35,high_load,129
SJF,25.25,31.95,25.25,61.5,0.13986013986013987,9,2,False,157.0,136.35,high_load,129
Round Robin (q=2),55.9,62.6,10.8,74.5,0.11834319526627218,35,0,False,136.35,136.35,high_load,129
Priority,30.25,36.95,30.25,61.5,0.13986013986013987,9,1,False,182.0,136.35,high_load,129
Adaptive,55.9,62.6,10.8,74.5,0.11834319526627218,35,0,True,136.35,136.35,high_load,129
FCFS,28.35,34.95,28.35,56.5,0.14184397163120568,9,0,False,170.0,124.4,high_load,130
SJF,24.75,31.35,24.75,56.5,0.14184397163120568,9,0,False,152.0,124.4,high_load,130
Round Robin (q=2),50.2,56.8,10.05,68.0,0.12195121951219512,32,0,False,124.4,124.4,high_load,130
Priority,29.95,36.55,29.95,63.5,0.14184397163120568,9,1,False,181.5,124.4,high_load,130
Adaptive,50.2,56.8,10.05,68.0,0.12195121951219512,32,0,True,124.4,124.4,high_load,130
FCFS,34.35,42.05,34.35,70.5,0.12269938650306748,9,0,False,207.0,159.0,high_load,131
SJF,33.05,40.75,33.05,70.5,0.12269938650306748,9,0,False,200.5,159.0,high_load,131
Round Robin (q=2),75.15,82.85,10.15,86.5,0.10256410256410256,41,0,False,159.0,159.0,high_load,131
Priority,35.75,43.45,35.75,72.5,0.12269938650306748,9,0,False,215.0,159.0,high_load,131
Adaptive,75.15,82.85,10.15,86.5,0.10256410256410256,41,0,True,159.0,159.0,high_load,131
FCFS,23.75,29.55,23.75,49.5,0.16,9,0,False,143.5,122.15,high_load,132
SJF,22.35,28.15,22.35,51.5,0.16,9,1,False,137.5,122.15,high_load,132
Round Robin (q=2),48.85,54.65,10.45,63.0,0.13513513513513514,32,0,False,122.15,122.15,high_load,132
Priority,24.75,30.55,24.75,51.5,0.16,9,0,False,149.5,122.15,high_load,132
Adaptive,48.85,54.65,10.45,63.0,0.13513513513513514,32,0,True,122.15,122.15,high_load,132
FCFS,33.45,40.65,33.45,61.5,0.13071895424836602,9,0,False,198.0,140.5,high_load,133
SJF,25.95,33.15,25.95,65.5,0.13071895424836602,9,1,False,162.5,140.5,high_load,133
Round Robin (q=2),60.2,67.4,10.45,77.0,0.11049723756906077,37,0,False,140.5,140.5,high_load,133
Priority,29.65,36.85,29.65,61.5,0.13071895424836602,9,0,False,179.0,140.5,high_load,133
Adaptive,60.2,67.4,10.45,77.0,0.11049723756906077,37,0,True,140.5,140.5,high_load,133
FCFS,27.95,34.65,27.95,59.5,0.13986013986013987,9,0,False,169.5,129.1,high_load,134
SJF,23.65,30.35,23.65,55.5,0.13986013986013987,9,0,False,146.0,129.1,high_load,134
Round Robin (q=2),53.05,59.75,10.45,68.5,0.11834319526627218,35,0,False,129.1,129.1,high_load,134
Priority,29.45,36.15,29.45,59.5,0.13986013986013987,9,0,False,177.0,129.1,high_load,134
Adaptive,53.05,59.75,10.45,68.5,0.11834319526627218,35,0,True,129.1,129.1,high_load,134
FCFS,33.95,41.35,33.95,64.5,0.12738853503184713,9,0,False,202.0,153.6,high_load,135
SJF,31.25,38.65,31.25,67.5,0.12738853503184713,9,1,False,190.0,153.6,high_load,135
Round Robin (q=2),70.8,78.2,10.45,82.0,0.10752688172043011,38,0,False,153.6,153.6,high_load,135
Priority,32.65,40.05,32.65,66.5,0.12738853503184713,9,1,False,196.5,153.6,high_load,135
Adaptive,70.8,78.2,10.45,82.0,0.10752688172043011,38,0,True,153.6,153.6,high_load,135
FCFS,33.65,41.35,33.65,68.5,0.12269938650306748,9,0,False,202.5,152.9,high_load,136
SJF,30.85,38.55,30.85,67.5,0.12269938650306748,9,0,False,188.0,152.9,high_load,136
Round Robin (q=2),71.25,78.95,9.85,84.5,0.10256410256410256,41,0,False,152.9,152.9,high_load,136
Priority,32.55,40.25,32.55,70.5,0.12269938650306748,9,1,False,198.0,152.9,high_load,136
Adaptive,71.25,78.95,9.85,84.5,0.10256410256410256,41,0,True,152.9,152.9,high_load,136
FCFS,25.85,32.55,25.85,53.5,0.13986013986013987,9,0,False,156.0,125.95,high_load,137
SJF,22.65,29.35,22.65,53.5,0.13986013986013987,9,1,False,140.0,125.95,high_load,137
Round Robin (q=2),51.0,57.7,10.3,67.5,0.11834319526627218,35,0,False,125.95,125.95,high_load,137
Priority,27.45,34.15,27.45,61.5,0.13986013986013987,9,1,False,168.0,125.95,high_load,137
Adaptive,51.0,57.7,10.3,67.5,0.11834319526627218,35,0,True,125.95,125.95,high_load,137
FCFS,29.95,36.35,29.95,59.5,0.145985401459854,9,0,False,179.5,133.0,high_load,138
SJF,25.95,32.35,25.95,56.5,0.145985401459854,9,0,False,158.0,133.0,high_load,138
Round Robin (q=2),58.6,65.0,9.85,70.0,0.12345679012345678,34,0,False,133.0,133.0,high_load,138
Priority,28.25,34.65,28.25,59.5,0.145985401459854,9,0,False,171.0,133.0,high_load,138
Adaptive,58.6,65.0,9.85,70.0,0.12345679012345678,34,0,True,133.0,133.0,high_load,138
FCFS,35.65,43.55,35.65,69.5,0.11976047904191617,9,0,False,213.0,157.75,high_load,139
SJF,33.25,41.15,33.25,69.5,0.11976047904191617,9,0,False,201.0,157.75,high_load,139
Round Robin (q=2),74.3,82.2,10.05,86.5,0.10101010101010101,40,0,False,157.75,157.75,high_load,139
Priority,37.75,45.65,37.75,75.5,0.11976047904191617,9,1,False,226.5,157.75,high_load,139
Adaptive,74.3,82.2,10.05,86.5,0.10101010101010101,40,0,True,157.75,157.75,high_load,139
FCFS,28.85,35.05,28.85,58.5,0.15037593984962405,9,0,False,173.5,126.85,high_load,140
SJF,23.65,29.85,23.65,56.5,0.15037593984962405,9,2,False,146.5,126.85,high_load,140
Round Robin (q=2),50.65,56.85,10.55,68.0,0.1282051282051282,32,0,False,126.85,126.85,high_load,140
Priority,30.95,37.15,30.95,60.5,0.15037593984962405,9,0,False,185.0,126.85,high_load,140
Adaptive,50.65,56.85,10.55,68.0,0.1282051282051282,32,0,True,126.85,126.85,high_load,140
FCFS,33.25,40.25,33.25,63.5,0.1342281879194631,9,0,False,198.0,147.5,high_load,141
SJF,28.55,35.55,28.55,65.5,0.1342281879194631,9,1,False,175.5,147.5,high_load,141
Round Robin (q=2),65.8,72.8,10.55,79.0,0.11363636363636363,36,0,False,147.5,147.5,high_load,141
Priority,32.95,39.95,32.95,63.5,0.1342281879194631,9,0,False,196.5,147.5,high_load,141
Adaptive,65.8,72.8,10.55,79.0,0.11363636363636363,36,0,True,147.5,147.5,high_load,141
FCFS,26.65,33.15,26.65,58.5,0.14388489208633093,9,0,False,162.5,125.4,high_load,142
SJF,22.55,29.05,22.55,54.5,0.14388489208633093,9,0,False,140.0,125.4,high_load,142
Round Robin (q=2),49.65,56.15,10.5,67.5,0.12195121951219512,34,0,False,125.4,125.4,high_load,142
Priority,25.15,31.65,25.15,56.5,0.14388489208633093,9,2,False,154.0,125.4,high_load,142
Adaptive,49.65,56.15,10.5,67.5,0.12195121951219512,34,0,True,125.4,125.4,high_load,142
FCFS,32.55,39.75,32.55,66.5,0.13071895424836602,9,0,False,196.0,142.35,high_load,143
SJF,26.85,34.05,26.85,64.5,0.13071895424836602,9,2,False,166.5,142.35,high_load,143
Round Robin (q=2),61.5,68.7,10.4,78.5,0.11049723756906077,37,0,False,142.35,142.35,high_load,143
Priority,35.95,43.15,35.95,66.5,0.13071895424836602,9,0,False,213.0,142.35,high_load,143
Adaptive,61.5,68.7,10.4,78.5,0.11049723756906077,37,0,True,142.35,142.35,high_load,143
FCFS,28.75,35.05,28.75,56.5,0.14814814814814814,9,0,False,172.0,126.44999999999999,high_load,144
SJF,21.85,28.15,21.85,57.5,0.14814814814814814,9,2,False,138.0,126.44999999999999,high_load,144
Round Robin (q=2),50.3,56.6,10.6,67.5,0.12578616352201258,33,0,False,126.44999999999999,126.44999999999999,high_load,144
Priority,32.45,38.75,32.45,57.0,0.14814814814814814,9,0,False,190.75,126.44999999999999,high_load,144
Adaptive,50.3,56.6,10.6,67.5,0.12578616352201258,33,0,True,126.44999999999999,126.44999999999999,high_load,144
FCFS,27.55,34.35,27.55,59.5,0.13793103448275862,9,0,False,167.5,129.65,high_load,145
SJF,25.75,32.55,25.75,58.5,0.13793103448275862,9,0,False,158.0,129.65,high_load,145
Round Robin (q=2),51.95,58.75,10.55,71.0,0.11764705882352941,34,0,False,129.65,129.65,high_load,145
Priority,29.35,36.15,29.35,65.5,0.13793103448275862,9,1,False,179.5,129.65,high_load,145
Adaptive,51.95,58.75,10.55,71.0,0.11764705882352941,34,0,True,129.65,129.65,high_load,145
FCFS,33.25,40.15,33.25,63.5,0.1360544217687075,9,0,False,198.0,138.7,high_load,146
SJF,25.25,32.15,25.25,61.5,0.1360544217687075,9,2,False,157.0,138.7,high_load,146
Round Robin (q=2),60.0,66.9,10.3,75.0,0.11494252873563218,36,0,False,138.7,138.7,high_load,146
Priority,29.65,36.55,29.65,61.5,0.1360544217687075,9,1,False,179.0,138.7,high_load,146
Adaptive,60.0,66.9,10.3,75.0,0.11494252873563218,36,0,True,138.7,138.7,high_load,146
FCFS,32.95,40.55,32.95,67.5,0.12422360248447205,9,0,False,198.5,150.89999999999998,high_load,147
SJF,29.55,37.15,29.55,68.5,0.12422360248447205,9,1,False,182.0,150.89999999999998,high_load,147
Round Robin (q=2),68.6,76.2,10.2,83.0,0.10416666666666667,40,0,False,150.89999999999998,150.89999999999998,high_load,147
Priority,31.65,39.25,31.65,68.5,0.12422360248447205,9,0,False,192.5,150.89999999999998,high_load,147
Adaptive,68.6,76.2,10.2,83.0,0.10416666666666667,40,0,True,150.89999999999998,150.89999999999998,high_load,147
FCFS,31.55,38.85,31.55,62.5,0.12903225806451613,9,0,False,189.0,141.4,high_load,148
SJF,28.25,35.55,28.25,63.5,0.12903225806451613,9,1,False,173.0,141.4,high_load,148
Round Robin (q=2),61.85,69.15,10.2,77.5,0.1092896174863388,37,0,False,141.4,141.4,high_load,148
Priority,31.65,38.95,31.65,62.5,0.12903225806451613,9,0,False,189.5,141.4,high_load,148
Adaptive,61.85,69.15,10.2,77.5,0.1092896174863388,37,0,True,141.4,141.4,high_load,148
FCFS,25.05,30.85,25.05,52.5,0.16,9,0,False,151.5,122.0,high_load,149
SJF,23.65,29.45,23.65,52.5,0.16,9,0,False,144.5,122.0,high_load,149
Round Robin (q=2),49.05,54.85,10.3,63.5,0.1360544217687075,31,0,False,122.0,122.0,high_load,149
Priority,26.65,32.45,26.65,53.5,0.16,9,0,False,160.0,122.0,high_load,149
Adaptive,49.05,54.85,10.3,63.5,0.1360544217687075,31,0,True,122.0,122.0,high_load,149
FCFS,30.65,37.05,30.65,61.5,0.145985401459854,9,0,False,184.0,132.25,high_load,150
SJF,24.85,31.25,24.85,58.5,0.145985401459854,9,1,False,153.5,132.25,high_load,150
Round Robin (q=2),55.7,62.1,10.45,69.5,0.12422360248447205,33,0,False,132.25,132.25,high_load,150
Priority,29.05,35.45,29.05,61.5,0.145985401459854,9,1,False,176.0,132.25,high_load,150
Adaptive,55.7,62.1,10.45,69.5,0.12422360248447205,33,0,True,132.25,132.25,high_load,150
FCFS,34.95,42.05,34.95,67.5,0.13245033112582782,9,0,False,208.5,143.1,high_load,151
SJF,29.45,36.55,29.45,62.5,0.13245033112582782,9,0,False,178.5,143.1,high_load,151
Round Robin (q=2),64.45,71.55,10.1,76.5,0.11173184357541899,37,0,False,143.1,143.1,high_load,151
Priority,34.85,41.95,34.85,67.5,0.13245033112582782,9,0,False,208.0,143.1,high_load,151
Adaptive,64.45,71.55,10.1,76.5,0.11173184357541899,37,0,True,143.1,143.1,high_load,151
FCFS,31.15,37.95,31.15,63.5,0.13793103448275862,9,0,False,187.5,138.2,high_load,152
SJF,27.95,34.75,27.95,61.5,0.13793103448275862,9,1,False,170.5,138.2,high_load,152
Round Robin (q=2),60.1,66.9,10.15,75.0,0.11627906976744186,36,0,False,138.2,138.2,high_load,152
Priority,30.05,36.85,30.05,63.5,0.13793103448275862,9,0,False,182.0,138.2,high_load,152
Adaptive,60.1,66.9,10.15,75.0,0.11627906976744186,36,0,True,138.2,138.2,high_load,152
FCFS,33.55,41.35,33.55,68.5,0.12121212121212122,9,0,False,202.0,150.95,high_load,153
SJF,29.05,36.85,29.05,69.5,0.12121212121212122,9,0,False,180.0,150.95,high_load,153
Round Robin (q=2),66.5,74.3,10.55,84.5,0.10152284263959391,41,0,False,150.95,150.95,high_load,153
Priority,33.15,40.95,33.15,72.5,0.12121212121212122,9,0,False,202.0,150.95,high_load,153
Adaptive,66.5,74.3,10.55,84.5,0.10152284263959391,41,0,True,150.95,150.95,high_load,153
FCFS,38.55,47.45,38.55,76.5,0.10695187165775401,9,0,False,231.0,171.5,high_load,154
SJF,36.65,45.55,36.65,76.5,0.10695187165775401,9,0,False,221.5,171.5,high_load,154
Round Robin (q=2),83.4,92.3,10.15,95.0,0.08968609865470852,45,0,False,171.5,171.5,high_load,154
Priority,38.65,47.55,38.65,80.5,0.10695187165775401,9,1,False,233.5,171.5,high_load,154
Adaptive,75.3,84.2,14.6,89.5,0.09523809523809523,32,0,True,178.45,171.5,high_load,154
FCFS,38.45,45.85,38.45,71.5,0.12738853503184713,9,0,False,228.0,149.0,high_load,155
SJF,29.55,36.95,29.55,66.5,0.12738853503184713,9,0,False,181.0,149.0,high_load,155
Round Robin (q=2),68.6,76.0,9.85,82.0,0.10752688172043011,38,0,False,149.0,149.0,high_load,155
Priority,34.65,42.05,34.65,67.5,0.12738853503184713,9,0,False,207.0,149.0,high_load,155
Adaptive,68.6,76.0,9.85,82.0,0.10752688172043011,38,0,True,149.0,149.0,high_load,155
FCFS,29.95,36.25,29.95,58.5,0.14814814814814814,9,0,False,179.0,123.6,high_load,156
SJF,23.45,29.75,23.45,54.5,0.14814814814814814,9,0,False,144.5,123.6,high_load,156
Round Robin (q=2),50.4,56.7,10.05,66.0,0.12658227848101267,32,0,False,123.6,123.6,high_load,156
Priority,31.45,37.75,31.45,58.5,0.14814814814814814,9,0,False,186.5,123.6,high_load,156
Adaptive,50.4,56.7,10.05,66.0,0.12658227848101267,32,0,True,123.6,123.6,high_load,156
FCFS,25.25,31.35,25.25,57.5,0.15267175572519084,9,0,False,155.0,121.7,high_load,157
SJF,22.95,29.05,22.95,53.5,0.15267175572519084,9,0,False,141.5,121.7,high_load,157
Round Robin (q=2),49.0,55.1,10.05,65.0,0.12987012987012986,32,0,False,121.7,121.7,high_load,157
Priority,29.85,35.95,29.85,56.5,0.15267175572519084,9,0,False,177.5,121.7,high_load,157
Adaptive,49.0,55.1,10.05,65.0,0.12987012987012986,32,0,True,121.7,121.7,high_load,157
FCFS,33.95,40.55,33.95,63.5,0.14184397163120568,9,0,False,201.5,132.9,high_load,158
SJF,25.75,32.35,25.75,59.5,0.14184397163120568,9,1,False,158.5,132.9,high_load,158
Round Robin (q=2),56.7,63.3,10.05,72.0,0.12048192771084337,34,0,False,132.9,132.9,high_load,158
Priority,28.65,35.25,28.65,63.5,0.14184397163120568,9,1,False,175.0,132.9,high_load,158
Adaptive,56.7,63.3,10.05,72.0,0.12048192771084337,34,0,True,132.9,132.9,high_load,158
FCFS,26.25,32.75,26.25,54.5,0.14388489208633093,9,0,False,158.5,128.0,high_load,159
SJF,23.35,29.85,23.35,54.5,0.14388489208633093,9,0,False,144.0,128.0,high_load,159
Round Robin (q=2),51.4,57.9,10.65,68.0,0.12121212121212122,35,0,False,128.0,128.0,high_load,159
Priority,30.45,36.95,30.45,57.5,0.14388489208633093,9,0,False,181.0,128.0,high_load,159
Adaptive,51.4,57.9,10.65,68.0,0.12121212121212122,35,0,True,128.0,128.0,high_load,159
FCFS,31.15,38.65,31.15,61.5,0.12578616352201258,9,0,False,186.5,142.7,high_load,160
SJF,27.65,35.15,27.65,61.5,0.12578616352201258,9,0,False,169.0,142.7,high_load,160
Round Robin (q=2),63.0,70.5,10.3,77.0,0.10582010582010581,39,0,False,142.7,142.7,high_load,160
Priority,32.35,39.85,32.35,68.5,0.12578616352201258,9,1,False,196.0,142.7,high_load,160
Adaptive,63.0,70.5,10.3,77.0,0.10582010582010581,39,0,True,142.7,142.7,high_load,160
FCFS,34.55,42.05,34.55,68.5,0.12578616352201258,9,0,False,207.0,146.0,high_load,161
SJF,28.55,36.05,28.55,65.5,0.12578616352201258,9,0,False,175.5,146.0,high_load,161
Round Robin (q=2),64.35,71.85,10.35,80.5,0.10582010582010581,39,0,False,146.0,146.0,high_load,161
Priority,31.65,39.15,31.65,65.5,0.12578616352201258,9,0,False,191.0,146.0,high_load,161
Adaptive,64.35,71.85,10.35,80.5,0.10582010582010581,39,0,True,146.0,146.0,high_load,161
FCFS,34.75,42.15,34.75,70.5,0.12738853503184713,9,0,False,209.0,151.5,high_load,162
SJF,29.25,36.65,29.25,65.5,0.12738853503184713,9,0,False,179.0,151.5,high_load,162
Round Robin (q=2),70.4,77.8,10.15,81.0,0.10638297872340426,40,0,False,151.5,151.5,high_load,162
Priority,35.35,42.75,35.35,69.5,0.12738853503184713,9,0,False,211.5,151.5,high_load,162
Adaptive,70.4,77.8,10.15,81.0,0.10638297872340426,40,0,True,151.5,151.5,high_load,162
FCFS,35.35,42.85,35.35,68.5,0.12578616352201258,9,0,False,211.0,151.55,high_load,163
SJF,29.95,37.45,29.95,67.5,0.12578616352201258,9,1,False,183.5,151.55,high_load,163
Round Robin (q=2),69.2,76.7,10.15,83.5,0.10582010582010581,39,0,False,151.55,151.55,high_load,163
Priority,34.15,41.65,34.15,68.5,0.12578616352201258,9,0,False,205.0,151.55,high_load,163
Adaptive,69.2,76.7,10.15,83.5,0.10582010582010581,39,0,True,151.55,151.55,high_load,163
FCFS,30.65,38.35,30.65,65.5,0.12269938650306748,9,0,False,186.0,148.5,high_load,164
SJF,29.75,37.45,29.75,65.5,0.12269938650306748,9,0,False,181.5,148.5,high_load,164
Round Robin (q=2),66.15,73.85,10.4,81.5,0.10256410256410256,41,0,False,148.5,148.5,high_load,164
Priority,33.15,40.85,33.15,73.5,0.12269938650306748,9,1,False,202.5,148.5,high_load,164
Adaptive,66.15,73.85,10.4,81.5,0.10256410256410256,41,0,True,148.5,148.5,high_load,164
FCFS,31.65,38.75,31.65,66.5,0.13245033112582782,9,0,False,191.5,142.65,high_load,165
SJF,27.75,34.85,27.75,64.5,0.13245033112582782,9,1,False,171.0,142.65,high_load,165
Round Robin (q=2),61.8,68.9,10.4,78.5,0.11173184357541899,37,0,False,142.65,142.65,high_load,165
Priority,34.45,41.55,34.45,66.5,0.13245033112582782,9,0,False,205.5,142.65,high_load,165
Adaptive,61.8,68.9,10.4,78.5,0.11173184357541899,37,0,True,142.65,142.65,high_load,165
FCFS,36.85,45.05,36.85,72.5,0.11560693641618497,9,0,False,220.5,159.35,high_load,166
SJF,31.75,39.95,31.75,71.5,0.11560693641618497,9,0,False,194.5,159.35,high_load,166
Round Robin (q=2),73.35,81.55,10.5,88.0,0.0970873786407767,42,0,False,159.35,159.35,high_load,166
Priority,36.05,44.25,36.05,74.5,0.11560693641618497,9,1,False,217.5,159.35,high_load,166
Adaptive,73.35,81.55,10.5,88.0,0.0970873786407767,42,0,True,159.35,159.35,high_load,166
FCFS,37.45,44.55,37.45,67.5,0.13245033112582782,9,0,False,221.0,142.95,high_load,167
SJF,28.45,35.55,28.45,63.5,0.13245033112582782,9,1,False,174.0,142.95,high_load,167
Round Robin (q=2),63.7,70.8,10.0,78.5,0.11173184357541899,37,0,False,142.95,142.95,high_load,167
Priority,34.35,41.45,34.35,68.5,0.13245033112582782,9,0,False,206.0,142.95,high_load,167
Adaptive,63.7,70.8,10.0,78.5,0.11173184357541899,37,0,True,142.95,142.95,high_load,167
FCFS,27.55,33.85,27.55,56.5,0.14814814814814814,9,0,False,166.0,129.7,high_load,168
SJF,25.05,31.35,25.05,55.5,0.14814814814814814,9,1,False,153.0,129.7,high_load,168
Round Robin (q=2),54.65,60.95,10.45,66.5,0.12578616352201258,33,0,False,129.7,129.7,high_load,168
Priority,27.55,33.85,27.55,55.5,0.14814814814814814,9,0,False,165.5,129.7,high_load,168
Adaptive,54.65,60.95,10.45,66.5,0.12578616352201258,33,0,True,129.7,129.7,high_load,168
FCFS,34.85,41.65,34.85,64.5,0.13793103448275862,9,0,False,206.5,143.5,high_load,169
SJF,28.75,35.55,28.75,61.5,0.13793103448275862,9,0,False,174.5,143.5,high_load,169
Round Robin (q=2),63.8,70.6,10.55,75.0,0.11695906432748537,35,0,False,143.5,143.5,high_load,169
Priority,34.45,41.25,34.45,67.5,0.13793103448275862,9,0,False,206.0,143.5,high_load,169
Adaptive,63.8,70.6,10.55,75.0,0.11695906432748537,35,0,True,143.5,143.5,high_load,169
FCFS,30.15,36.75,30.15,56.5,0.14184397163120568,9,0,False,179.0,132.2,high_load,170
SJF,27.45,34.05,27.45,56.5,0.14184397163120568,9,0,False,165.5,132.2,high_load,170
Round Robin (q=2),56.35,62.95,10.4,68.5,0.12121212121212122,33,0,False,132.2,132.2,high_load,170
Priority,32.55,39.15,32.55,63.5,0.14184397163120568,9,0,False,194.5,132.2,high_load,170
Adaptive,56.35,62.95,10.4,68.5,0.12121212121212122,33,0,True,132.2,132.2,high_load,170
FCFS,32.65,39.65,32.65,60.5,0.1342281879194631,9,0,False,193.5,134.8,high_load,171
SJF,26.15,33.15,26.15,60.5,0.1342281879194631,9,0,False,161.0,134.8,high_load,171
Round Robin (q=2),58.8,65.8,9.75,74.0,0.11363636363636363,36,0,False,134.8,134.8,high_load,171
Priority,32.65,39.65,32.65,67.5,0.1342281879194631,9,0,False,197.0,134.8,high_load,171
Adaptive,58.8,65.8,9.75,74.0,0.11363636363636363,36,0,True,134.8,134.8,high_load,171
FCFS,35.95,43.55,35.95,72.5,0.12422360248447205,9,0,False,216.0,152.05,high_load,172
SJF,29.45,37.05,29.45,68.5,0.12422360248447205,9,0,False,181.5,152.05,high_load,172
Round Robin (q=2),70.5,78.1,9.95,83.5,0.10471204188481675,39,0,False,152.05,152.05,high_load,172
Priority,35.35,42.95,35.35,72.5,0.12422360248447205,9,0,False,213.0,152.05,high_load,172
Adaptive,70.5,78.1,9.95,83.5,0.10471204188481675,39,0,True,152.05,152.05,high_load,172
FCFS,36.15,43.55,36.15,68.5,0.12738853503184713,9,0,False,215.0,153.25,high_load,173
SJF,28.45,35.85,28.45,67.5,0.12738853503184713,9,1,False,176.0,153.25,high_load,173
Round Robin (q=2),70.05,77.45,10.55,82.0,0.10638297872340426,40,0,False,153.25,153.25,high_load,173
Priority,35.35,42.75,35.35,71.5,0.12738853503184713,9,0,False,212.5,153.25,high_load,173
Adaptive,70.05,77.45,10.55,82.0,0.10638297872340426,40,0,True,153.25,153.25,high_load,173
FCFS,35.75,43.45,35.75,71.5,0.12269938650306748,9,0,False,214.5,152.25,high_load,174
SJF,30.35,38.05,30.35,70.5,0.12269938650306748,9,1,False,187.0,152.25,high_load,174
Round Robin (q=2),69.8,77.5,10.05,84.5,0.10309278350515463,40,0,False,152.25,152.25,high_load,174
Priority,35.65,43.35,35.65,68.5,0.12269938650306748,9,0,False,212.5,152.25,high_load,174
Adaptive,69.8,77.5,10.05,84.5,0.10309278350515463,40,0,True,152.25,152.25,high_load,174
FCFS,31.15,38.25,31.15,63.5,0.13245033112582782,9,0,False,187.5,144.85,high_load,175
SJF,27.85,34.95,27.85,63.5,0.13245033112582782,9,1,False,171.0,144.85,high_load,175
Round Robin (q=2),64.25,71.35,10.4,78.0,0.1111111111111111,38,0,False,144.85,144.85,high_load,175
Priority,29.05,36.15,29.05,63.5,0.13245033112582782,9,1,False,177.0,144.85,high_load,175
Adaptive,64.25,71.35,10.4,78.0,0.1111111111111111,38,0,True,144.85,144.85,high_load,175
FCFS,29.05,35.35,29.05,57.5,0.14814814814814814,9,0,False,174.0,125.85,high_load,176
SJF,22.45,28.75,22.45,57.5,0.14814814814814814,9,2,False,141.0,125.85,high_load,176
Round Robin (q=2),49.55,55.85,10.45,69.0,0.12658227848101267,32,0,False,125.85,125.85,high_load,176
Priority,24.55,30.85,24.55,59.5,0.14814814814814814,9,2,False,152.5,125.85,high_load,176
Adaptive,49.55,55.85,10.45,69.0,0.12658227848101267,32,0,True,125.85,125.85,high_load,176
FCFS,38.95,47.65,38.95,79.5,0.1092896174863388,9,0,False,234.5,175.95,high_load,177
SJF,36.75,45.45,36.75,79.5,0.1092896174863388,9,1,False,223.5,175.95,high_load,177
Round Robin (q=2),86.1,94.8,10.4,96.5,0.091324200913242,45,0,False,175.95,175.95,high_load,177
Priority,39.45,48.15,39.45,80.5,0.1092896174863388,9,1,False,237.5,175.95,high_load,177
Adaptive,78.25,86.95,14.85,91.0,0.0970873786407767,32,0,True,183.15,175.95,high_load,177
FCFS,36.05,43.85,36.05,70.5,0.12121212121212122,9,0,False,215.5,156.05,high_load,178
SJF,32.55,40.35,32.55,71.5,0.12121212121212122,9,1,False,198.5,156.05,high_load,178
Round Robin (q=2),72.25,80.05,10.2,86.0,0.10204081632653061,40,0,False,156.05,156.05,high_load,178
Priority,37.65,45.45,37.65,75.5,0.12121212121212122,9,1,False,226.0,156.05,high_load,178
Adaptive,72.25,80.05,10.2,86.0,0.10204081632653061,40,0,True,156.05,156.05,high_load,178
FCFS,24.85,30.85,24.85,49.5,0.15503875968992248,9,0,False,149.0,118.05000000000001,high_load,179
SJF,20.95,26.95,20.95,49.5,0.15503875968992248,9,1,False,129.5,118.05000000000001,high_load,179
Round Robin (q=2),45.35,51.35,10.55,61.0,0.13245033112582782,31,0,False,118.05000000000001,118.05000000000001,high_load,179
Priority,29.25,35.25,29.25,55.5,0.15503875968992248,9,0,False,174.0,118.05000000000001,high_load,179
Adaptive,45.35,51.35,10.55,61.0,0.13245033112582782,31,0,True,118.05000000000001,118.05000000000001,high_load,179
FCFS,25.25,31.35,25.25,57.5,0.15267175572519084,9,0,False,155.0,118.2,high_load,180
SJF,21.65,27.75,21.65,53.5,0.15267175572519084,9,1,False,135.0,118.2,high_load,180
Round Robin (q=2),46.5,52.6,9.8,65.0,0.12987012987012986,32,0,False,118.2,118.2,high_load,180
Priority,27.45,33.55,27.45,58.5,0.15267175572519084,9,2,False,166.5,118.2,high_load,180
Adaptive,46.5,52.6,9.8,65.0,0.12987012987012986,32,0,True,118.2,118.2,high_load,180
FCFS,30.15,37.15,30.15,59.5,0.1342281879194631,9,0,False,180.5,130.85,high_load,181
SJF,24.55,31.55,24.55,59.5,0.1342281879194631,9,1,False,152.5,130.85,high_load,181
Round Robin (q=2),53.75,60.75,10.15,73.0,0.11428571428571428,35,0,False,130.85,130.85,high_load,181
Priority,31.15,38.15,31.15,62.5,0.1342281879194631,9,0,False,187.0,130.85,high_load,181
Adaptive,53.75,60.75,10.15,73.0,0.11428571428571428,35,0,True,130.85,130.85,high_load,181
FCFS,29.75,36.85,29.75,62.5,0.13245033112582782,9,0,False,180.0,136.1,high_load,182
SJF,26.55,33.65,26.55,62.5,0.13245033112582782,9,0,False,164.0,136.1,high_load,182
Round Robin (q=2),56.3,63.4,10.45,76.0,0.11235955056179775,36,0,False,136.1,136.1,high_load,182
Priority,32.75,39.85,32.75,67.5,0.13245033112582782,9,0,False,197.5,136.1,high_load,182
Adaptive,56.3,63.4,10.45,76.0,0.11235955056179775,36,0,True,136.1,136.1,high_load,182
FCFS,30.25,36.95,30.25,60.5,0.13986013986013987,9,0,False,181.5,132.25,high_load,183
SJF,25.55,32.25,25.55,60.5,0.13986013986013987,9,1,False,158.0,132.25,high_load,183
Round Robin (q=2),54.75,61.45,10.25,73.0,0.11904761904761904,34,0,False,132.25,132.25,high_load,183
Priority,31.35,38.05,31.35,65.5,0.13986013986013987,9,0,False,189.5,132.25,high_load,183
Adaptive,54.75,61.45,10.25,73.0,0.11904761904761904,34,0,True,132.25,132.25,high_load,183
FCFS,26.95,33.35,26.95,55.5,0.145985401459854,9,0,False,162.5,125.85,high_load,184
SJF,23.65,30.05,23.65,57.5,0.145985401459854,9,1,False,147.0,125.85,high_load,184
Round Robin (q=2),51.45,57.85,10.1,68.0,0.12422360248447205,33,0,False,125.85,125.85,high_load,184
Priority,26.05,32.45,26.05,62.5,0.145985401459854,9,1,False,161.5,125.85,high_load,184
Adaptive,51.45,57.85,10.1,68.0,0.12422360248447205,33,0,True,125.85,125.85,high_load,184
FCFS,32.75,40.25,32.75,67.5,0.12578616352201258,9,0,False,197.5,145.85,high_load,185
SJF,27.65,35.15,27.65,66.5,0.12578616352201258,9,2,False,171.5,145.85,high_load,185
Round Robin (q=2),64.55,72.05,10.2,81.0,0.10638297872340426,38,0,False,145.85,145.85,high_load,185
Priority,33.35,40.85,33.35,67.5,0.12578616352201258,9,0,False,200.5,145.85,high_load,185
Adaptive,64.55,72.05,10.2,81.0,0.10638297872340426,38,0,True,145.85,145.85,high_load,185
FCFS,27.55,33.65,27.55,56.5,0.15267175572519084,9,0,False,166.0,124.05000000000001,high_load,186
SJF,24.55,30.65,24.55,52.5,0.15267175572519084,9,0,False,149.0,124.05000000000001,high_load,186
Round Robin (q=2),49.7,55.8,10.65,63.5,0.13071895424836602,31,0,False,124.05000000000001,124.05000000000001,high_load,186
Priority,29.75,35.85,29.75,56.5,0.15267175572519084,9,0,False,177.0,124.05000000000001,high_load,186
Adaptive,49.7,55.8,10.65,63.5,0.13071895424836602,31,0,True,124.05000000000001,124.05000000000001,high_load,186
FCFS,35.35,42.55,35.35,67.5,0.13071895424836602,9,0,False,210.5,151.45,high_load,187
SJF,29.35,36.55,29.35,66.5,0.13071895424836602,9,1,False,180.0,151.45,high_load,187
Round Robin (q=2),69.95,77.15,10.5,79.0,0.10989010989010989,38,0,False,151.45,151.45,high_load,187
Priority,33.35,40.55,33.35,65.5,0.13071895424836602,9,0,False,199.5,151.45,high_load,187
Adaptive,69.95,77.15,10.5,79.0,0.10989010989010989,38,0,True,151.45,151.45,high_load,187
FCFS,24.95,30.65,24.95,53.5,0.16260162601626016,9,0,False,151.5,119.55,high_load,188
SJF,22.65,28.35,22.65,50.5,0.16260162601626016,9,0,False,138.5,119.55,high_load,188
Round Robin (q=2),47.3,53.0,10.5,60.5,0.13986013986013987,29,0,False,119.55,119.55,high_load,188
Priority,25.65,31.35,25.65,55.5,0.16260162601626016,9,1,False,156.0,119.55,high_load,188
Adaptive,47.3,53.0,10.5,60.5,0.13986013986013987,29,0,True,119.55,119.55,high_load,188
FCFS,35.95,43.05,35.95,68.5,0.13245033112582782,9,0,False,214.0,149.2,high_load,189
SJF,28.45,35.55,28.45,65.5,0.13245033112582782,9,1,False,175.0,149.2,high_load,189
Round Robin (q=2),67.15,74.25,10.45,80.5,0.11173184357541899,37,0,False,149.2,149.2,high_load,189
Priority,35.25,42.35,35.25,67.5,0.13245033112582782,9,0,False,210.0,149.2,high_load,189
Adaptive,67.15,74.25,10.45,80.5,0.11173184357541899,37,0,True,149.2,149.2,high_load,189
FCFS,26.85,33.55,26.85,58.5,0.13986013986013987,9,0,False,163.5,131.25,high_load,190
SJF,25.05,31.75,25.05,57.5,0.13986013986013987,9,0,False,154.0,131.25,high_load,190
Round Robin (q=2),56.0,62.7,10.0,70.5,0.11834319526627218,35,0,False,131.25,131.25,high_load,190
Priority,28.85,35.55,28.85,61.5,0.13986013986013987,9,1,False,175.0,131.25,high_load,190
Adaptive,56.0,62.7,10.0,70.5,0.11834319526627218,35,0,True,131.25,131.25,high_load,190
FCFS,29.75,36.55,29.75,63.5,0.13793103448275862,9,0,False,180.5,126.45,high_load,191
SJF,26.15,32.95,26.15,58.5,0.13793103448275862,9,0,False,160.0,126.45,high_load,191
Round Robin (q=2),49.0,55.8,10.55,70.5,0.11834319526627218,33,0,False,126.45,126.45,high_load,191
Priority,32.15,38.95,32.15,59.5,0.13793103448275862,9,0,False,190.5,126.45,high_load,191
Adaptive,49.0,55.8,10.55,70.5,0.11834319526627218,33,0,True,126.45,126.45,high_load,191
FCFS,31.65,39.05,31.65,61.5,0.12738853503184713,9,0,False,189.0,145.55,high_load,192
SJF,27.45,34.85,27.45,61.5,0.12738853503184713,9,1,False,168.0,145.55,high_load,192
Round Robin (q=2),65.3,72.7,10.25,78.5,0.10695187165775401,39,0,False,145.55,145.55,high_load,192
Priority,32.85,40.25,32.85,62.5,0.12738853503184713,9,0,False,195.5,145.55,high_load,192
Adaptive,65.3,72.7,10.25,78.5,0.10695187165775401,39,0,True,145.55,145.55,high_load,192
FCFS,34.35,42.45,34.35,70.5,0.11695906432748537,9,0,False,207.0,156.3,high_load,193
SJF,33.15,41.25,33.15,70.5,0.11695906432748537,9,0,False,201.0,156.3,high_load,193
Round Robin (q=2),71.2,79.3,10.4,87.0,0.09803921568627451,42,0,False,156.3,156.3,high_load,193
Priority,37.25,45.35,37.25,72.5,0.11695906432748537,9,0,False,222.5,156.3,high_load,193
Adaptive,71.2,79.3,10.4,87.0,0.09803921568627451,42,0,True,156.3,156.3,high_load,193
FCFS,36.75,45.05,36.75,77.5,0.11428571428571428,9,0,False,222.5,166.0,high_load,194
SJF,33.95,42.25,33.95,74.5,0.11428571428571428,9,0,False,207.0,166.0,high_load,194
Round Robin (q=2),78.25,86.55,10.5,91.5,0.09569377990430622,43,0,False,166.0,166.0,high_load,194
Priority,35.35,43.65,35.35,74.5,0.11428571428571428,9,0,False,214.0,166.0,high_load,194
Adaptive,78.25,86.55,10.5,91.5,0.09569377990430622,43,0,True,166.0,166.0,high_load,194
FCFS,31.35,38.05,31.35,63.5,0.13986013986013987,9,0,False,188.5,136.8,high_load,195
SJF,24.85,31.55,24.85,58.5,0.13986013986013987,9,1,False,153.5,136.8,high_load,195
Round Robin (q=2),58.15,64.85,10.6,72.5,0.11764705882352941,36,0,False,136.8,136.8,high_load,195
Priority,29.55,36.25,29.55,63.5,0.13986013986013987,9,0,False,179.5,136.8,high_load,195
Adaptive,58.15,64.85,10.6,72.5,0.11764705882352941,36,0,True,136.8,136.8,high_load,195
FCFS,38.85,46.85,38.85,74.5,0.11834319526627218,9,0,False,231.5,163.2,high_load,196
SJF,33.75,41.75,33.75,73.5,0.11834319526627218,9,1,False,205.5,163.2,high_load,196
Round Robin (q=2),77.35,85.35,10.4,88.5,0.09950248756218906,41,0,False,163.2,163.2,high_load,196
Priority,36.95,44.95,36.95,72.5,0.11834319526627218,9,0,False,221.0,163.2,high_load,196
Adaptive,77.35,85.35,10.4,88.5,0.09950248756218906,41,0,True,163.2,163.2,high_load,196
FCFS,30.95,38.05,30.95,62.5,0.13245033112582782,9,0,False,186.0,144.65,high_load,197
SJF,28.05,35.15,28.05,62.5,0.13245033112582782,9,0,False,171.5,144.65,high_load,197
Round Robin (q=2),63.6,70.7,10.45,78.5,0.1111111111111111,38,0,False,144.65,144.65,high_load,197
Priority,33.65,40.75,33.65,69.5,0.13245033112582782,9,1,False,203.0,144.65,high_load,197
Adaptive,63.6,70.7,10.45,78.5,0.1111111111111111,38,0,True,144.65,144.65,high_load,197
FCFS,31.05,38.15,31.05,64.5,0.13245033112582782,9,0,False,187.5,142.3,high_load,198
SJF,28.55,35.65,28.55,62.5,0.13245033112582782,9,0,False,174.0,142.3,high_load,198
Round Robin (q=2),62.4,69.5,10.1,79.0,0.11173184357541899,37,0,False,142.3,142.3,high_load,198
Priority,32.65,39.75,32.65,64.5,0.13245033112582782,9,0,False,195.5,142.3,high_load,198
Adaptive,62.4,69.5,10.1,79.0,0.11173184357541899,37,0,True,142.3,142.3,high_load,198
FCFS,33.45,40.65,33.45,63.5,0.13071895424836602,9,0,False,199.0,147.1,high_load,199
SJF,28.65,35.85,28.65,63.5,0.13071895424836602,9,1,False,175.0,147.1,high_load,199
Round Robin (q=2),66.7,73.9,10.35,78.0,0.10989010989010989,38,0,False,147.1,147.1,high_load,199
Priority,31.95,39.15,31.95,64.5,0.13071895424836602,9,0,False,192.0,147.1,high_load,199
Adaptive,66.7,73.9,10.35,78.0,0.10989010989010989,38,0,True,147.1,147.1,high_load,199
FCFS,20.15,26.65,20.15,57.5,0.14388489208633093,9,0,False,129.5,70.75,variable_burst,0
SJF,11.55,18.05,11.55,26.0,0.14388489208633093,9,1,False,70.75,70.75,variable_burst,0
Round Robin (q=2),22.05,28.55,9.75,30.0,0.13513513513513514,18,0,False,76.05,70.75,variable_burst,0
Priority,30.05,36.55,30.05,62.0,0.14388489208633093,9,1,False,181.25,70.75,variable_burst,0
Adaptive,22.05,28.55,9.75,30.0,0.13513513513513514,18,0,True,76.05,70.75,variable_burst,0
FCFS,27.55,33.25,27.55,47.5,0.16260162601626016,9,0,False,161.5,41.5,variable_burst,1
SJF,6.15,11.85,6.15,21.5,0.16260162601626016,9,1,False,41.5,41.5,variable_burst,1
Round Robin (q=2),10.25,15.95,6.5,24.5,0.15503875968992248,15,1,False,48.5,41.5,variable_burst,1
Priority,21.45,27.15,21.45,53.5,0.16260162601626016,9,0,False,134.0,41.5,variable_burst,1
Adaptive,10.25,15.95,6.5,24.5,0.15503875968992248,15,1,True,48.5,41.5,variable_burst,1
FCFS,56.55,68.95,56.55,80.5,0.07782101167315175,9,0,False,323.0,126.3,variable_burst,2
SJF,36.75,49.15,36.75,84.5,0.07782101167315175,9,1,False,226.0,126.3,variable_burst,2
Round Robin (q=2),41.1,53.5,7.3,112.0,0.0641025641025641,64,2,False,126.3,126.3,variable_burst,2
Priority,51.95,64.35,51.95,81.0,0.07782101167315175,9,0,False,300.25,126.3,variable_burst,2
Adaptive,35.0,47.4,10.5,97.0,0.07092198581560284,34,2,True,125.5,126.3,variable_burst,2
FCFS,20.55,26.65,20.55,49.5,0.15267175572519084,9,0,False,127.5,40.5,variable_burst,3
SJF,6.05,12.15,6.05,20.5,0.15267175572519084,9,1,False,40.5,40.5,variable_burst,3
Round Robin (q=2),10.2,16.3,6.0,23.5,0.145985401459854,15,1,False,45.95,40.5,variable_burst,3
Priority,28.55,34.65,28.55,55.5,0.15267175572519084,9,0,False,170.5,40.5,variable_burst,3
Adaptive,10.2,16.3,6.0,23.5,0.145985401459854,15,1,True,45.95,40.5,variable_burst,3
FCFS,43.25,55.05,43.25,110.5,0.08163265306122448,9,0,False,271.5,119.5,variable_burst,4
SJF,16.55,28.35,16.55,73.5,0.08163265306122448,9,1,False,119.5,119.5,variable_burst,4
Round Robin (q=2),40.1,51.9,8.15,99.5,0.06802721088435375,58,2,False,122.45,119.5,variable_burst,4
Priority,28.25,40.05,28.25,109.5,0.08163265306122448,9,1,False,196.0,119.5,variable_burst,4
Adaptive,32.9,44.7,12.2,86.0,0.0749063670411985,31,2,True,124.69999999999999,119.5,variable_burst,4
FCFS,45.75,54.15,45.75,79.5,0.11299435028248588,9,0,False,268.5,78.0,variable_burst,5
SJF,10.75,19.15,10.75,48.5,0.11299435028248588,9,1,False,78.0,78.0,variable_burst,5
Round Robin (q=2),21.65,30.05,8.65,63.0,0.0970873786407767,38,2,False,87.75,78.0,variable_burst,5
Priority,47.45,55.85,47.45,83.0,0.11299435028248588,9,0,False,278.75,78.0,variable_burst,5
Adaptive,19.45,27.85,10.25,57.0,0.10309278350515463,26,2,True,88.95,78.0,variable_burst,5
FCFS,52.95,63.15,52.95,96.5,0.09389671361502347,9,0,False,313.0,107.0,variable_burst,6
SJF,14.75,24.95,14.75,66.5,0.09389671361502347,9,1,False,107.0,107.0,variable_burst,6
Round Robin (q=2),33.6,43.8,10.3,85.0,0.0784313725490196,51,1,False,117.30000000000001,107.0,variable_burst,6
Priority,66.55,76.75,66.55,98.5,0.09389671361502347,9,0,False,382.0,107.0,variable_burst,6
Adaptive,31.6,41.8,13.3,78.0,0.08298755186721991,37,1,True,123.80000000000001,107.0,variable_burst,6
FCFS,28.15,35.95,28.15,43.5,0.12121212121212122,9,0,False,162.5,73.5,variable_burst,7
SJF,10.35,18.15,10.35,43.5,0.12121212121212122,9,0,False,73.5,73.5,variable_burst,7
Round Robin (q=2),19.8,27.6,7.0,62.0,0.10152284263959391,41,1,False,78.8,73.5,variable_burst,7
Priority,43.55,51.35,43.55,76.0,0.12121212121212122,9,0,False,255.75,73.5,variable_burst,7
Adaptive,19.8,27.6,7.0,62.0,0.10152284263959391,41,1,True,78.8,73.5,variable_burst,7
FCFS,31.05,36.75,31.05,50.5,0.16260162601626016,9,0,False,180.5,35.5,variable_burst,8
SJF,5.15,10.85,5.15,19.5,0.16260162601626016,9,3,False,35.5,35.5,variable_burst,8
Round Robin (q=2),11.0,16.7,7.85,21.5,0.15748031496062992,13,0,False,53.15,35.5,variable_burst,8
Priority,19.95,25.65,19.95,53.5,0.16260162601626016,9,0,False,126.5,35.5,variable_burst,8
Adaptive,11.0,16.7,7.85,21.5,0.15748031496062992,13,0,True,53.15,35.5,variable_burst,8
FCFS,16.65,21.45,16.65,39.5,0.19047619047619047,9,0,False,103.0,45.5,variable_burst,9
SJF,6.85,11.65,6.85,22.5,0.19047619047619047,9,1,False,45.5,45.5,variable_burst,9
Round Robin (q=2),12.2,17.0,5.8,26.0,0.17857142857142858,16,1,False,48.4,45.5,variable_burst,9
Priority,25.95,30.75,25.95,47.5,0.19047619047619047,9,0,False,153.5,45.5,variable_burst,9
Adaptive,12.2,17.0,5.8,26.0,0.17857142857142858,16,1,True,48.4,45.5,variable_burst,9
FCFS,52.65,64.95,52.65,86.5,0.0784313725490196,9,0,False,306.5,133.5,variable_burst,10
SJF,17.95,30.25,17.95,87.5,0.0784313725490196,9,1,False,133.5,133.5,variable_burst,10
Round Robin (q=2),41.9,54.2,9.6,113.5,0.06514657980456026,61,1,False,137.05,133.5,variable_burst,10
Priority,36.75,49.05,36.75,88.0,0.0784313725490196,9,2,False,227.75,133.5,variable_burst,10
Adaptive,37.95,50.25,13.05,99.0,0.07142857142857142,34,1,True,139.65,133.5,variable_burst,10
FCFS,12.75,18.05,12.75,44.5,0.17391304347826086,9,0,False,86.0,37.0,variable_burst,11
SJF,5.75,11.05,5.75,16.5,0.17391304347826086,9,1,False,37.0,37.0,variable_burst,11
Round Robin (q=2),9.15,14.45,5.85,19.5,0.16666666666666666,14,0,False,42.3,37.0,variable_burst,11
Priority,7.05,12.35,7.05,16.5,0.17391304347826086,9,1,False,43.5,37.0,variable_burst,11
Adaptive,9.15,14.45,5.85,19.5,0.16666666666666666,14,0,True,42.3,37.0,variable_burst,11
FCFS,51.05,59.65,51.05,80.5,0.11049723756906077,9,0,False,295.5,79.5,variable_burst,12
SJF,10.55,19.15,10.55,53.5,0.11049723756906077,9,1,False,79.5,79.5,variable_burst,12
Round Robin (q=2),25.9,34.5,9.1,70.5,0.09302325581395349,43,2,False,97.55,79.5,variable_burst,12
Priority,46.05,54.65,46.05,84.5,0.11049723756906077,9,0,False,272.5,79.5,variable_burst,12
Adaptive,26.45,35.05,11.05,65.0,0.09803921568627451,32,2,True,103.15,79.5,variable_burst,12
FCFS,66.75,77.95,66.75,103.0,0.08583690987124463,9,0,False,385.25,125.15,variable_burst,13
SJF,29.85,41.05,29.85,81.5,0.08583690987124463,9,1,False,190.0,125.15,variable_burst,13
Round Robin (q=2),41.8,53.0,7.65,105.5,0.0711743772241993,57,3,False,125.15,125.15,variable_burst,13
Priority,59.75,70.95,59.75,107.5,0.08583690987124463,9,0,False,352.5,125.15,variable_burst,13
Adaptive,39.2,50.4,10.05,97.0,0.07575757575757576,40,3,True,127.9,125.15,variable_burst,13
FCFS,14.25,19.65,14.25,49.5,0.17094017094017094,9,0,False,96.0,40.5,variable_burst,14
SJF,6.25,11.65,6.25,18.5,0.17094017094017094,9,1,False,40.5,40.5,variable_burst,14
Round Robin (q=2),11.8,17.2,6.2,21.5,0.16260162601626016,15,0,False,47.35,40.5,variable_burst,14
Priority,19.95,25.35,19.95,49.5,0.17094017094017094,9,1,False,124.5,40.5,variable_burst,14
Adaptive,11.8,17.2,6.2,21.5,0.16260162601626016,15,0,True,47.35,40.5,variable_burst,14
FCFS,80.85,92.45,80.85,113.5,0.08298755186721991,9,0,False,461.0,145.65,variable_burst,15
SJF,35.95,47.55,35.95,81.5,0.08298755186721991,9,1,False,220.5,145.65,variable_burst,15
Round Robin (q=2),52.0,63.6,10.35,104.5,0.06968641114982578,55,1,False,145.65,145.65,variable_burst,15
Priority,55.05,66.65,55.05,110.5,0.08298755186721991,9,0,False,330.5,145.65,variable_burst,15
Adaptive,47.3,58.9,14.75,96.0,0.07407407407407407,38,1,True,154.3,145.65,variable_burst,15
FCFS,36.35,44.75,36.35,77.5,0.11299435028248588,9,0,False,220.5,90.5,variable_burst,16
SJF,12.65,21.05,12.65,54.5,0.11299435028248588,9,1,False,90.5,90.5,variable_burst,16
Round Robin (q=2),27.2,35.6,8.8,71.5,0.0947867298578199,43,2,False,98.15,90.5,variable_burst,16
Priority,20.65,29.05,20.65,77.5,0.11299435028248588,9,1,False,142.0,90.5,variable_burst,16
Adaptive,26.2,34.6,10.7,65.5,0.10050251256281408,31,2,True,101.75,90.5,variable_burst,16
FCFS,63.65,82.05,63.65,141.5,0.05305039787798409,9,0,False,389.0,221.8,variable_burst,17
SJF,38.55,56.95,38.55,138.5,0.05305039787798409,9,1,False,262.0,221.8,variable_burst,17
Round Robin (q=2),95.4,113.8,9.1,180.0,0.043478260869565216,92,0,False,221.8,221.8,variable_burst,17
Priority,66.35,84.75,66.35,141.5,0.05305039787798409,9,0,False,402.5,221.8,variable_burst,17
Adaptive,78.9,97.3,18.4,151.0,0.04975124378109453,34,0,True,228.0,221.8,variable_burst,17
FCFS,73.85,83.95,73.85,94.5,0.0947867298578199,9,0,False,416.5,103.0,variable_burst,18
SJF,14.05,24.15,14.05,65.5,0.0947867298578199,9,1,False,103.0,103.0,variable_burst,18
Round Robin (q=2),34.35,44.45,9.55,87.0,0.07874015748031496,52,2,False,116.05000000000001,103.0,variable_burst,18
Priority,51.35,61.45,51.35,96.0,0.0947867298578199,9,0,False,304.75,103.0,variable_burst,18
Adaptive,33.8,43.9,12.85,79.0,0.08403361344537816,36,2,True,124.69999999999999,103.0,variable_burst,18
FCFS,32.15,36.95,32.15,42.5,0.19047619047619047,9,0,False,182.0,49.0,variable_burst,19
SJF,7.35,12.15,7.35,24.5,0.19047619047619047,9,1,False,49.0,49.0,variable_burst,19
Round Robin (q=2),16.15,20.95,8.1,28.0,0.17857142857142858,16,0,False,62.55,49.0,variable_burst,19
Priority,17.95,22.75,17.95,48.0,0.19047619047619047,9,2,False,113.75,49.0,variable_burst,19
Adaptive,16.15,20.95,8.1,28.0,0.17857142857142858,16,0,True,62.55,49.0,variable_burst,19
FCFS,32.75,44.75,32.75,113.0,0.08,9,0,False,220.25,103.95,variable_burst,20
SJF,14.35,26.35,14.35,78.0,0.08,9,1,False,110.75,103.95,variable_burst,20
Round Robin (q=2),35.2,47.2,4.25,103.5,0.0664451827242525,60,1,False,103.95,103.95,variable_burst,20
Priority,26.55,38.55,26.55,78.0,0.08,9,1,False,171.75,103.95,variable_burst,20
Adaptive,29.95,41.95,6.85,89.5,0.07326007326007326,32,1,True,102.1,103.95,variable_burst,20
FCFS,37.65,47.25,37.65,92.5,0.09950248756218906,9,0,False,234.5,104.5,variable_burst,21
SJF,14.95,24.55,14.95,59.5,0.09950248756218906,9,1,False,104.5,104.5,variable_burst,21
Round Robin (q=2),30.55,40.15,10.55,79.5,0.08298755186721991,49,2,False,112.5,104.5,variable_burst,21
Priority,16.25,25.85,16.25,61.5,0.09950248756218906,9,1,False,112.0,104.5,variable_burst,21
Adaptive,30.25,39.85,12.35,72.5,0.0881057268722467,35,2,True,115.9,104.5,variable_burst,21
FCFS,65.15,76.85,65.15,106.5,0.0823045267489712,9,0,False,379.0,119.55000000000001,variable_burst,22
SJF,31.65,43.35,31.65,79.5,0.0823045267489712,9,1,False,198.0,119.55000000000001,variable_burst,22
Round Robin (q=2),37.95,49.65,7.4,104.0,0.0684931506849315,58,3,False,119.55000000000001,119.55000000000001,variable_burst,22
Priority,58.35,70.05,58.35,86.5,0.0823045267489712,9,0,False,335.0,119.55000000000001,variable_burst,22
Adaptive,34.9,46.6,11.35,90.5,0.07547169811320754,31,3,True,125.55,119.55000000000001,variable_burst,22
FCFS,70.85,83.65,70.85,122.5,0.0749063670411985,9,0,False,415.5,136.6,variable_burst,23
SJF,19.05,31.85,19.05,89.5,0.0749063670411985,9,2,False,140.0,136.6,variable_burst,23
Round Robin (q=2),46.2,59.0,7.85,118.0,0.06172839506172839,66,3,False,136.6,136.6,variable_burst,23
Priority,64.35,77.15,64.35,122.5,0.0749063670411985,9,0,False,383.0,136.6,variable_burst,23
Adaptive,39.25,52.05,12.95,102.0,0.0684931506849315,34,3,True,142.05,136.6,variable_burst,23
FCFS,53.25,64.55,53.25,106.5,0.0851063829787234,9,0,False,319.5,103.80000000000001,variable_burst,24
SJF,22.05,33.35,22.05,72.5,0.0851063829787234,9,1,False,146.5,103.80000000000001,variable_burst,24
Round Robin (q=2),32.7,44.0,5.65,97.0,0.07042253521126761,58,2,False,103.80000000000001,103.80000000000001,variable_burst,24
Priority,41.85,53.15,41.85,106.5,0.0851063829787234,9,0,False,262.5,103.80000000000001,variable_burst,24
Adaptive,30.55,41.85,7.7,88.0,0.07518796992481203,40,2,True,105.35,103.80000000000001,variable_burst,24
FCFS,6.45,11.05,6.45,15.0,0.19801980198019803,9,0,False,39.75,34.5,variable_burst,25
SJF,5.45,10.05,5.45,14.5,0.19801980198019803,9,0,False,34.5,34.5,variable_burst,25
Round Robin (q=2),7.8,12.4,5.3,16.5,0.19047619047619047,13,0,False,37.25,34.5,variable_burst,25
Priority,7.35,11.95,7.35,15.5,0.19801980198019803,9,2,False,44.5,34.5,variable_burst,25
Adaptive,7.8,12.4,5.3,16.5,0.19047619047619047,13,0,True,37.25,34.5,variable_burst,25
FCFS,22.65,28.65,22.65,52.5,0.15503875968992248,9,0,False,139.5,41.0,variable_burst,26
SJF,6.15,12.15,6.15,20.5,0.15503875968992248,9,2,False,41.0,41.0,variable_burst,26
Round Robin (q=2),10.45,16.45,6.05,23.0,0.14925373134328357,14,1,False,46.15,41.0,variable_burst,26
Priority,18.85,24.85,18.85,53.5,0.15503875968992248,9,0,False,121.0,41.0,variable_burst,26
Adaptive,10.45,16.45,6.05,23.0,0.14925373134328357,14,1,True,46.15,41.0,variable_burst,26
FCFS,46.85,56.05,46.85,87.5,0.10362694300518134,9,0,False,278.0,83.0,variable_burst,27
SJF,11.45,20.65,11.45,51.5,0.10362694300518134,9,1,False,83.0,83.0,variable_burst,27
Round Robin (q=2),27.5,36.7,9.1,70.5,0.08771929824561403,44,1,False,99.15,83.0,variable_burst,27
Priority,39.35,48.55,39.35,87.5,0.10362694300518134,9,1,False,240.5,83.0,variable_burst,27
Adaptive,26.35,35.55,11.15,64.0,0.09302325581395349,31,1,True,102.95,83.0,variable_burst,27
FCFS,64.95,79.45,64.95,140.5,0.06688963210702341,9,0,False,395.0,170.6,variable_burst,28
SJF,27.25,41.75,27.25,109.5,0.06688963210702341,9,1,False,191.0,170.6,variable_burst,28
Round Robin (q=2),63.9,78.4,9.05,141.0,0.055248618784530384,72,2,False,170.6,170.6,variable_burst,28
Priority,47.45,61.95,47.45,140.5,0.06688963210702341,9,1,False,307.5,170.6,variable_burst,28
Adaptive,55.6,70.1,14.15,124.5,0.060790273556231005,39,2,True,174.45,170.6,variable_burst,28
FCFS,37.65,43.65,37.65,52.5,0.15503875968992248,9,0,False,214.5,75.4,variable_burst,29
SJF,35.75,41.75,35.75,51.5,0.15503875968992248,9,0,False,204.5,75.4,variable_burst,29
Round Robin (q=2),20.65,26.65,9.25,35.5,0.14388489208633093,19,0,False,75.4,75.4,variable_burst,29
Priority,38.05,44.05,38.05,52.5,0.15503875968992248,9,0,False,216.5,75.4,variable_burst,29
Adaptive,20.65,26.65,9.25,35.5,0.14388489208633093,19,0,True,75.4,75.4,variable_burst,29
FCFS,33.45,42.25,33.45,81.5,0.10695187165775401,9,0,False,208.0,89.0,variable_burst,30
SJF,12.55,21.35,12.55,52.5,0.10695187165775401,9,0,False,89.0,89.0,variable_burst,30
Round Robin (q=2),28.2,37.0,7.0,72.0,0.08968609865470852,45,1,False,92.2,89.0,variable_burst,30
Priority,30.35,39.15,30.35,81.5,0.10695187165775401,9,0,False,192.5,89.0,variable_burst,30
Adaptive,24.2,33.0,9.15,65.0,0.09569377990430622,31,1,True,93.3,89.0,variable_burst,30
FCFS,45.65,53.25,45.65,71.5,0.12422360248447205,9,0,False,264.0,84.0,variable_burst,31
SJF,11.75,19.35,11.75,50.5,0.12422360248447205,9,1,False,84.0,84.0,variable_burst,31
Round Robin (q=2),26.8,34.4,9.65,65.0,0.10526315789473684,38,2,False,97.9,84.0,variable_burst,31
Priority,23.15,30.75,23.15,72.5,0.12422360248447205,9,1,False,152.0,84.0,variable_burst,31
Adaptive,26.8,34.4,9.65,65.0,0.10526315789473684,38,2,True,97.9,84.0,variable_burst,31
FCFS,47.45,58.25,47.45,100.5,0.08888888888888889,9,0,False,287.5,114.65,variable_burst,32
SJF,15.75,26.55,15.75,73.5,0.08888888888888889,9,1,False,115.5,114.65,variable_burst,32
Round Robin (q=2),36.5,47.3,7.6,95.5,0.07434944237918216,53,1,False,114.65,114.65,variable_burst,32
Priority,24.05,34.85,24.05,76.5,0.08888888888888889,9,0,False,158.5,114.65,variable_burst,32
Adaptive,35.4,46.2,9.6,88.0,0.07874015748031496,38,1,True,117.8,114.65,variable_burst,32
FCFS,35.75,41.35,35.75,49.5,0.1652892561983471,9,0,False,203.5,69.45,variable_burst,33
SJF,32.85,38.45,32.85,49.5,0.1652892561983471,9,0,False,189.0,69.45,variable_burst,33
Round Robin (q=2),19.55,25.15,8.35,33.0,0.15384615384615385,18,0,False,69.45,69.45,variable_burst,33
Priority,35.95,41.55,35.95,57.5,0.1652892561983471,9,0,False,208.5,69.45,variable_burst,33
Adaptive,19.55,25.15,8.35,33.0,0.15384615384615385,18,0,True,69.45,69.45,variable_burst,33
FCFS,16.25,23.35,16.25,36.5,0.13245033112582782,9,0,False,99.5,59.5,variable_burst,34
SJF,8.25,15.35,8.25,36.5,0.13245033112582782,9,0,False,59.5,59.5,variable_burst,34
Round Robin (q=2),16.95,24.05,6.45,51.5,0.11235955056179775,36,1,False,68.5,59.5,variable_burst,34
Priority,16.95,24.05,16.95,36.5,0.13245033112582782,9,0,False,103.0,59.5,variable_burst,34
Adaptive,16.95,24.05,6.45,51.5,0.11235955056179775,36,1,True,68.5,59.5,variable_burst,34
FCFS,16.95,27.95,16.95,77.5,0.08733624454148471,9,0,False,123.5,103.0,variable_burst,35
SJF,13.65,24.65,13.65,69.5,0.08733624454148471,9,0,False,103.0,103.0,variable_burst,35
Round Robin (q=2),32.35,43.35,6.35,94.5,0.07194244604316546,58,0,False,105.0,103.0,variable_burst,35
Priority,43.85,54.85,43.85,111.5,0.08733624454148471,9,3,False,275.0,103.0,variable_burst,35
Adaptive,28.25,39.25,7.25,84.5,0.07722007722007722,39,0,True,99.5,103.0,variable_burst,35
FCFS,63.45,77.85,63.45,140.5,0.06734006734006734,9,0,False,387.5,172.45,variable_burst,36
SJF,38.85,53.25,38.85,105.5,0.06734006734006734,9,0,False,247.0,172.45,variable_burst,36
Round Robin (q=2),63.75,78.15,10.05,137.0,0.05555555555555555,72,0,False,172.45,172.45,variable_burst,36
Priority,66.55,80.95,66.55,107.5,0.06734006734006734,9,0,False,386.5,172.45,variable_burst,36
Adaptive,55.25,69.65,16.5,120.0,0.06134969325153374,38,1,True,181.25,172.45,variable_burst,36
FCFS,44.35,57.35,44.35,123.0,0.07407407407407407,9,0,False,283.25,139.0,variable_burst,37
SJF,21.05,34.05,21.05,96.0,0.07407407407407407,9,1,False,153.25,139.0,variable_burst,37
Round Robin (q=2),51.55,64.55,6.3,124.5,0.06116207951070336,66,2,False,139.0,139.0,variable_burst,37
Priority,45.15,58.15,45.15,102.0,0.07407407407407407,9,0,False,276.75,139.0,variable_burst,37
Adaptive,45.7,58.7,9.15,109.5,0.06734006734006734,36,2,True,137.05,139.0,variable_burst,37
FCFS,26.35,41.15,26.35,101.5,0.06557377049180328,9,0,False,182.5,144.85,variable_burst,38
SJF,22.45,37.25,22.45,101.5,0.06557377049180328,9,0,False,163.0,144.85,variable_burst,38
Round Robin (q=2),55.1,69.9,5.5,135.5,0.053763440860215055,76,0,False,144.85,144.85,variable_burst,38
Priority,48.15,62.95,48.15,145.5,0.06557377049180328,9,2,False,313.5,144.85,variable_burst,38
Adaptive,45.8,60.6,7.05,117.5,0.05952380952380952,40,0,True,132.75,144.85,variable_burst,38
FCFS,36.45,49.05,36.45,116.5,0.07662835249042145,9,0,False,240.5,111.75,variable_burst,39
SJF,15.45,28.05,15.45,81.5,0.07662835249042145,9,0,False,118.0,111.75,variable_burst,39
Round Robin (q=2),37.7,50.3,4.7,110.5,0.06329113924050633,64,0,False,111.75,111.75,variable_burst,39
Priority,19.15,31.75,19.15,81.5,0.07662835249042145,9,1,False,136.5,111.75,variable_burst,39
Adaptive,31.95,44.55,6.65,96.0,0.06968641114982578,35,0,True,106.55,111.75,variable_burst,39
FCFS,7.75,10.25,7.75,17.5,0.3389830508474576,9,0,False,47.5,42.5,variable_burst,40
SJF,6.55,9.05,6.55,19.5,0.3389830508474576,9,1,False,42.5,42.5,variable_burst,40
Round Robin (q=2),10.85,13.35,5.85,20.0,0.3125,14,0,False,44.25,42.5,variable_burst,40
Priority,8.25,10.75,8.25,20.5,0.3389830508474576,9,1,False,51.5,42.5,variable_burst,40
Adaptive,6.55,9.05,6.55,19.5,0.3389830508474576,9,1,True,42.5,42.5,variable_burst,40
FCFS,15.05,20.25,15.05,44.5,0.17699115044247787,9,0,False,97.5,30.0,variable_burst,41
SJF,4.55,9.75,4.55,14.5,0.17699115044247787,9,1,False,30.0,30.0,variable_burst,41
Round Robin (q=2),8.1,13.3,4.8,17.0,0.1694915254237288,14,0,False,35.8,30.0,variable_burst,41
Priority,11.75,16.95,11.75,50.5,0.17699115044247787,9,1,False,84.0,30.0,variable_burst,41
Adaptive,8.1,13.3,4.8,17.0,0.1694915254237288,14,0,True,35.8,30.0,variable_burst,41
FCFS,58.35,66.15,58.35,76.5,0.12121212121212122,9,0,False,330.0,80.5,variable_burst,42
SJF,11.15,18.95,11.15,49.5,0.12121212121212122,9,1,False,80.5,80.5,variable_burst,42
Round Robin (q=2),27.65,35.45,9.3,65.0,0.10204081632653061,40,2,False,97.35,80.5,variable_burst,42
Priority,38.15,45.95,38.15,81.5,0.12121212121212122,9,1,False,231.5,80.5,variable_burst,42
Adaptive,27.65,35.45,9.3,65.0,0.10204081632653061,40,2,True,97.35,80.5,variable_burst,42
FCFS,43.35,56.75,43.35,127.5,0.07220216606498195,9,0,False,280.5,136.85,variable_burst,43
SJF,21.85,35.25,21.85,95.5,0.07220216606498195,9,2,False,157.0,136.85,variable_burst,43
Round Robin (q=2),52.15,65.55,5.8,123.0,0.060240963855421686,64,3,False,136.85,136.85,variable_burst,43
Priority,36.45,49.85,36.45,95.5,0.07220216606498195,9,1,False,230.0,136.85,variable_burst,43
Adaptive,45.9,59.3,8.85,108.5,0.066006600660066,35,2,True,135.55,136.85,variable_burst,43
FCFS,14.15,19.05,14.15,41.5,0.18691588785046728,9,0,False,91.5,46.0,variable_burst,44
SJF,7.05,11.95,7.05,21.5,0.18691588785046728,9,0,False,46.0,46.0,variable_burst,44
Round Robin (q=2),14.0,18.9,5.15,25.5,0.17391304347826086,17,0,False,47.35,46.0,variable_burst,44
Priority,7.15,12.05,7.15,21.5,0.18691588785046728,9,0,False,46.5,46.0,variable_burst,44
Adaptive,14.0,18.9,5.15,25.5,0.17391304347826086,17,0,True,47.35,46.0,variable_burst,44
FCFS,35.15,45.75,35.15,96.5,0.09049773755656108,9,0,False,224.0,104.8,variable_burst,45
SJF,14.45,25.05,14.45,65.5,0.09049773755656108,9,1,False,105.0,104.8,variable_burst,45
Round Robin (q=2),34.4,45.0,6.6,88.0,0.07633587786259542,50,1,False,104.8,104.8,variable_burst,45
Priority,31.65,42.25,31.65,105.0,0.09049773755656108,9,1,False,210.75,104.8,variable_burst,45
Adaptive,30.95,41.55,8.2,83.0,0.08097165991902834,35,1,True,105.25,104.8,variable_burst,45
FCFS,13.55,18.55,13.55,45.5,0.1834862385321101,9,0,False,90.5,39.0,variable_burst,46
SJF,6.15,11.15,6.15,16.5,0.1834862385321101,9,0,False,39.0,39.0,variable_burst,46
Round Robin (q=2),10.1,15.1,6.55,19.0,0.17543859649122806,14,0,False,45.8,39.0,variable_burst,46
Priority,21.65,26.65,21.65,45.5,0.1834862385321101,9,1,False,131.0,39.0,variable_burst,46
Adaptive,10.1,15.1,6.55,19.0,0.17543859649122806,14,0,True,45.8,39.0,variable_burst,46
FCFS,101.05,121.35,101.05,161.5,0.04819277108433735,9,0,False,586.0,261.6,variable_burst,47
SJF,62.35,82.65,62.35,164.5,0.04819277108433735,9,2,False,394.0,261.6,variable_burst,47
Round Robin (q=2),114.65,134.95,10.3,211.5,0.03929273084479371,103,0,False,261.6,261.6,variable_burst,47
Priority,94.45,114.75,94.45,164.0,0.04819277108433735,9,0,False,554.25,261.6,variable_burst,47
Adaptive,98.0,118.3,20.85,177.5,0.04504504504504504,38,0,True,270.15,261.6,variable_burst,47
FCFS,29.15,35.15,29.15,56.5,0.15503875968992248,9,0,False,174.0,60.0,variable_burst,48
SJF,9.55,15.55,9.55,24.5,0.15503875968992248,9,2,False,60.0,60.0,variable_burst,48
Round Robin (q=2),16.45,22.45,9.2,27.5,0.14814814814814814,15,0,False,67.0,60.0,variable_burst,48
Priority,40.35,46.35,40.35,61.5,0.15503875968992248,9,0,False,232.5,60.0,variable_burst,48
Adaptive,16.45,22.45,9.2,27.5,0.14814814814814814,15,0,True,67.0,60.0,variable_burst,48
FCFS,5.55,7.75,5.55,10.0,0.35714285714285715,9,0,False,32.75,29.25,variable_burst,49
SJF,4.15,6.35,4.15,17.0,0.35714285714285715,9,1,False,29.25,29.25,variable_burst,49
Round Robin (q=2),6.9,9.1,4.6,16.5,0.3333333333333333,13,0,False,33.55,29.25,variable_burst,49
Priority,6.45,8.65,6.45,20.0,0.35714285714285715,9,2,False,42.25,29.25,variable_burst,49
Adaptive,4.35,6.55,4.35,13.5,0.35714285714285715,9,1,True,28.5,29.25,variable_burst,49
FCFS,23.05,28.85,23.05,46.5,0.16,9,0,False,138.5,43.5,variable_burst,50
SJF,6.45,12.25,6.45,22.5,0.16,9,1,False,43.5,43.5,variable_burst,50
Round Robin (q=2),12.85,18.65,6.15,26.5,0.15037593984962405,17,1,False,50.7,43.5,variable_burst,50
Priority,7.05,12.85,7.05,22.5,0.16,9,1,False,46.5,43.5,variable_burst,50
Adaptive,12.85,18.65,6.15,26.5,0.15037593984962405,17,1,True,50.7,43.5,variable_burst,50
FCFS,12.05,16.65,12.05,37.0,0.19801980198019803,9,0,False,78.75,37.0,variable_burst,51
SJF,5.95,10.55,5.95,14.5,0.19801980198019803,9,1,False,37.0,37.0,variable_burst,51
Round Robin (q=2),11.25,15.85,6.35,18.0,0.18691588785046728,15,0,False,45.65,37.0,variable_burst,51
Priority,8.55,13.15,8.55,45.5,0.19801980198019803,9,1,False,65.5,37.0,variable_burst,51
Adaptive,11.25,15.85,6.35,18.0,0.18691588785046728,15,0,True,45.65,37.0,variable_burst,51
FCFS,87.85,103.65,87.85,149.5,0.06153846153846154,9,0,False,514.0,188.2,variable_burst,52
SJF,50.15,65.95,50.15,116.5,0.06153846153846154,9,0,False,309.0,188.2,variable_burst,52
Round Robin (q=2),71.8,87.6,9.6,156.0,0.05037783375314862,81,2,False,188.2,188.2,variable_burst,52
Priority,74.35,90.15,74.35,118.0,0.06153846153846154,9,0,False,430.75,188.2,variable_burst,52
Adaptive,62.55,78.35,17.5,132.0,0.05698005698005698,35,1,True,198.55,188.2,variable_burst,52
FCFS,42.35,53.55,42.35,103.5,0.08583690987124463,9,0,False,263.5,106.5,variable_burst,53
SJF,14.45,25.65,14.45,68.5,0.08583690987124463,9,1,False,106.5,106.5,variable_burst,53
Round Robin (q=2),34.85,46.05,7.05,93.5,0.07194244604316546,54,2,False,109.8,106.5,variable_burst,53
Priority,30.65,41.85,30.65,106.5,0.08583690987124463,9,1,False,206.5,106.5,variable_burst,53
Adaptive,30.15,41.35,8.95,85.0,0.07662835249042145,37,2,True,108.44999999999999,106.5,variable_burst,53
FCFS,16.85,22.25,16.85,49.5,0.17094017094017094,9,0,False,109.0,45.0,variable_burst,54
SJF,7.15,12.55,7.15,18.5,0.17094017094017094,9,2,False,45.0,45.0,variable_burst,54
Round Robin (q=2),13.9,19.3,8.65,23.5,0.16393442622950818,14,0,False,60.25,45.0,variable_burst,54
Priority,27.45,32.85,27.45,51.5,0.17094017094017094,9,0,False,163.0,45.0,variable_burst,54
Adaptive,13.9,19.3,8.65,23.5,0.16393442622950818,14,0,True,60.25,45.0,variable_burst,54
FCFS,39.45,48.75,39.45,88.5,0.10256410256410256,9,0,False,241.5,77.95,variable_burst,55
SJF,30.85,40.15,30.85,52.5,0.10256410256410256,9,0,False,180.5,77.95,variable_burst,55
Round Robin (q=2),20.95,30.25,5.25,72.0,0.08547008547008547,48,1,False,77.95,77.95,variable_burst,55
Priority,50.55,59.85,50.55,90.5,0.10256410256410256,9,0,False,298.0,77.95,variable_burst,55
Adaptive,21.25,30.55,6.2,68.0,0.09009009009009009,36,1,True,80.05,77.95,variable_burst,55
FCFS,75.65,90.75,75.65,110.5,0.06430868167202572,9,0,False,433.5,170.8,variable_burst,56
SJF,45.05,60.15,45.05,110.5,0.06430868167202572,9,0,False,280.5,170.8,variable_burst,56
Round Robin (q=2),64.3,79.4,8.75,143.0,0.05333333333333334,73,3,False,170.8,170.8,variable_burst,56
Priority,68.25,83.35,68.25,119.5,0.06430868167202572,9,0,False,401.0,170.8,variable_burst,56
Adaptive,58.55,73.65,14.35,123.0,0.05970149253731343,33,3,True,177.45,170.8,variable_burst,56
FCFS,38.05,46.65,38.05,79.5,0.1092896174863388,9,0,False,230.0,83.5,variable_burst,57
SJF,11.65,20.25,11.65,50.5,0.1092896174863388,9,1,False,83.5,83.5,variable_burst,57
Round Robin (q=2),23.05,31.65,8.05,66.5,0.09302325581395349,41,2,False,88.5,83.5,variable_burst,57
Priority,28.85,37.45,28.85,81.5,0.1092896174863388,9,0,False,185.0,83.5,variable_burst,57
Adaptive,24.5,33.1,9.5,61.5,0.0975609756097561,31,2,True,93.25,83.5,variable_burst,57
FCFS,66.35,78.85,66.35,121.5,0.07722007722007722,9,0,False,392.5,143.0,variable_burst,58
SJF,19.95,32.45,19.95,86.5,0.07722007722007722,9,1,False,143.0,143.0,variable_burst,58
Round Robin (q=2),47.65,60.15,9.95,112.5,0.06430868167202572,61,2,False,143.7,143.0,variable_burst,58
Priority,61.35,73.85,61.35,121.5,0.07722007722007722,9,0,False,367.5,143.0,variable_burst,58
Adaptive,41.25,53.75,16.7,98.5,0.0706713780918728,33,2,True,157.3,143.0,variable_burst,58
FCFS,63.15,80.35,63.15,130.5,0.056657223796033995,9,0,False,381.0,211.15,variable_burst,59
SJF,34.95,52.15,34.95,137.5,0.056657223796033995,9,1,False,243.5,211.15,variable_burst,59
Round Robin (q=2),87.0,104.2,9.1,175.5,0.046296296296296294,88,1,False,211.15,211.15,variable_burst,59
Priority,109.25,126.45,109.25,173.0,0.056657223796033995,9,0,False,632.75,211.15,variable_burst,59
Adaptive,76.2,93.4,15.7,145.0,0.05235602094240838,38,0,True,211.5,211.15,variable_burst,59
FCFS,15.75,20.85,15.75,48.5,0.18018018018018017,9,0,False,103.0,43.25,variable_burst,60
SJF,6.95,12.05,6.95,17.0,0.18018018018018017,9,1,False,43.25,43.25,variable_burst,60
Round Robin (q=2),10.05,15.15,8.5,17.0,0.17699115044247787,11,0,False,52.55,43.25,variable_burst,60
Priority,27.25,32.35,27.25,50.5,0.18018018018018017,9,0,False,161.5,43.25,variable_burst,60
Adaptive,10.05,15.15,8.5,17.0,0.17699115044247787,11,0,True,52.55,43.25,variable_burst,60
FCFS,34.15,42.05,34.15,47.5,0.11976047904191617,9,0,False,194.5,94.8,variable_burst,61
SJF,33.25,41.15,33.25,47.5,0.11976047904191617,9,0,False,190.0,94.8,variable_burst,61
Round Robin (q=2),26.15,34.05,8.6,68.5,0.10050251256281408,41,1,False,94.8,94.8,variable_burst,61
Priority,34.35,42.25,34.35,47.5,0.11976047904191617,9,0,False,195.5,94.8,variable_burst,61
Adaptive,26.15,34.05,8.6,68.5,0.10050251256281408,41,1,True,94.8,94.8,variable_burst,61
FCFS,63.55,73.35,63.55,88.5,0.0975609756097561,9,0,False,362.0,117.4,variable_burst,62
SJF,32.45,42.25,32.45,69.5,0.0975609756097561,9,1,False,197.0,117.4,variable_burst,62
Round Robin (q=2),36.05,45.85,8.9,91.5,0.08097165991902834,51,3,False,117.4,117.4,variable_burst,62
Priority,64.25,74.05,64.25,90.0,0.0975609756097561,9,0,False,366.25,117.4,variable_burst,62
Adaptive,33.15,42.95,10.2,83.0,0.08620689655172414,36,3,True,115.44999999999999,117.4,variable_burst,62
FCFS,22.75,27.05,22.75,30.0,0.21052631578947367,9,0,False,128.75,41.5,variable_burst,63
SJF,21.75,26.05,21.75,33.5,0.21052631578947367,9,0,False,125.5,41.5,variable_burst,63
Round Robin (q=2),8.75,13.05,5.5,21.5,0.19801980198019803,15,1,False,41.5,41.5,variable_burst,63
Priority,22.05,26.35,22.05,34.0,0.21052631578947367,9,0,False,127.25,41.5,variable_burst,63
Adaptive,8.75,13.05,5.5,21.5,0.19801980198019803,15,1,True,41.5,41.5,variable_burst,63
FCFS,71.15,82.45,71.15,104.5,0.0851063829787234,9,0,False,408.0,129.6,variable_burst,64
SJF,39.55,50.85,39.55,82.5,0.0851063829787234,9,1,False,239.0,129.6,variable_burst,64
Round Robin (q=2),41.75,53.05,8.9,104.5,0.0706713780918728,57,3,False,129.6,129.6,variable_burst,64
Priority,49.45,60.75,49.45,85.5,0.0851063829787234,9,0,False,290.0,129.6,variable_burst,64
Adaptive,41.05,52.35,11.25,96.0,0.07518796992481203,40,3,True,134.05,129.6,variable_burst,64
FCFS,49.05,57.65,49.05,82.5,0.11049723756906077,9,0,False,286.5,84.5,variable_burst,65
SJF,11.85,20.45,11.85,50.5,0.11049723756906077,9,1,False,84.5,84.5,variable_burst,65
Round Robin (q=2),25.9,34.5,8.5,67.5,0.09345794392523364,42,2,False,93.65,84.5,variable_burst,65
Priority,45.75,54.35,45.75,86.5,0.11049723756906077,9,0,False,272.0,84.5,variable_burst,65
Adaptive,21.4,30.0,10.85,60.5,0.1,28,2,True,95.05,84.5,variable_burst,65
FCFS,5.85,11.05,5.85,13.5,0.17699115044247787,9,0,False,36.0,35.0,variable_burst,66
SJF,5.65,10.85,5.65,13.5,0.17699115044247787,9,0,False,35.0,35.0,variable_burst,66
Round Robin (q=2),6.4,11.6,5.65,14.5,0.17391304347826086,11,0,False,36.25,35.0,variable_burst,66
Priority,19.35,24.55,19.35,47.0,0.17699115044247787,9,1,False,120.25,35.0,variable_burst,66
Adaptive,6.4,11.6,5.65,14.5,0.17391304347826086,11,0,True,36.25,35.0,variable_burst,66
FCFS,66.25,79.65,66.25,100.5,0.07220216606498195,9,0,False,381.5,157.5,variable_burst,67
SJF,45.65,59.05,45.65,104.5,0.07220216606498195,9,1,False,280.5,157.5,variable_burst,67
Round Robin (q=2),57.5,70.9,9.0,128.0,0.060240963855421686,64,3,False,157.5,157.5,variable_burst,67
Priority,59.35,72.75,59.35,105.0,0.07220216606498195,9,0,False,349.25,157.5,variable_burst,67
Adaptive,52.35,65.75,13.6,113.5,0.066006600660066,35,3,True,163.5,157.5,variable_burst,67
FCFS,27.65,35.95,27.65,75.5,0.11299435028248588,9,0,False,176.0,59.5,variable_burst,68
SJF,7.65,15.95,7.65,42.5,0.11299435028248588,9,1,False,59.5,59.5,variable_burst,68
Round Robin (q=2),16.45,24.75,6.0,57.5,0.0966183574879227,39,2,False,69.2,59.5,variable_burst,68
Priority,28.75,37.05,28.75,76.5,0.11299435028248588,9,0,False,182.0,59.5,variable_burst,68
Adaptive,16.45,24.75,6.0,57.5,0.0966183574879227,39,2,True,69.2,59.5,variable_burst,68
FCFS,61.45,72.75,61.45,105.5,0.0851063829787234,9,0,False,360.0,131.15,variable_burst,69
SJF,33.05,44.35,33.05,77.5,0.0851063829787234,9,1,False,204.0,131.15,variable_burst,69
Round Robin (q=2),39.6,50.9,10.2,101.5,0.0706713780918728,57,3,False,131.15,131.15,variable_burst,69
Priority,65.25,76.55,65.25,111.5,0.0851063829787234,9,0,False,382.0,131.15,variable_burst,69
Adaptive,37.25,48.55,11.5,93.5,0.0749063670411985,41,3,True,130.0,131.15,variable_burst,69
FCFS,23.15,28.85,23.15,50.5,0.16260162601626016,9,0,False,141.0,37.5,variable_burst,70
SJF,5.75,11.45,5.75,17.5,0.16260162601626016,9,2,False,37.5,37.5,variable_burst,70
Round Robin (q=2),9.35,15.05,6.9,19.0,0.15873015873015872,12,1,False,46.45,37.5,variable_burst,70
Priority,33.55,39.25,33.55,57.5,0.16260162601626016,9,0,False,196.5,37.5,variable_burst,70
Adaptive,9.35,15.05,6.9,19.0,0.15873015873015872,12,1,True,46.45,37.5,variable_burst,70
FCFS,30.35,37.85,30.35,73.5,0.12578616352201258,9,0,False,188.5,78.0,variable_burst,71
SJF,11.25,18.75,11.25,43.5,0.12578616352201258,9,0,False,78.0,78.0,variable_burst,71
Round Robin (q=2),22.7,30.2,8.85,58.5,0.10752688172043011,36,1,False,87.35,78.0,variable_burst,71
Priority,13.65,21.15,13.65,43.5,0.12578616352201258,9,0,False,90.0,78.0,variable_burst,71
Adaptive,22.7,30.2,8.85,58.5,0.10752688172043011,36,1,True,87.35,78.0,variable_burst,71
FCFS,20.85,26.75,20.85,50.5,0.15748031496062992,9,0,False,129.5,47.0,variable_burst,72
SJF,7.15,13.05,7.15,22.5,0.15748031496062992,9,2,False,47.0,47.0,variable_burst,72
Round Robin (q=2),13.15,19.05,6.05,26.0,0.14925373134328357,16,0,False,50.35,47.0,variable_burst,72
Priority,28.45,34.35,28.45,52.5,0.15748031496062992,9,0,False,168.5,47.0,variable_burst,72
Adaptive,13.15,19.05,6.05,26.0,0.14925373134328357,16,0,True,50.35,47.0,variable_burst,72
FCFS,64.25,73.85,64.25,91.5,0.09950248756218906,9,0,False,367.0,92.0,variable_burst,73
SJF,12.35,21.95,12.35,60.5,0.09950248756218906,9,1,False,92.0,92.0,variable_burst,73
Round Robin (q=2),26.9,36.5,8.5,80.0,0.08333333333333333,48,2,False,100.9,92.0,variable_burst,73
Priority,40.65,50.25,40.65,91.5,0.09950248756218906,9,0,False,249.0,92.0,variable_burst,73
Adaptive,27.3,36.9,11.2,73.5,0.0881057268722467,35,2,True,108.85,92.0,variable_burst,73
FCFS,34.15,42.85,34.15,56.5,0.1092896174863388,9,0,False,199.0,79.5,variable_burst,74
SJF,10.75,19.45,10.75,51.5,0.1092896174863388,9,1,False,79.5,79.5,variable_burst,74
Round Robin (q=2),23.85,32.55,6.9,67.5,0.09302325581395349,41,1,False,85.2,79.5,variable_burst,74
Priority,18.25,26.95,18.25,82.5,0.1092896174863388,9,1,False,132.5,79.5,variable_burst,74
Adaptive,21.25,29.95,8.25,62.0,0.09803921568627451,30,1,True,85.25,79.5,variable_burst,74
FCFS,21.25,26.85,21.25,51.5,0.1652892561983471,9,0,False,132.0,64.0,variable_burst,75
SJF,10.25,15.85,10.25,25.5,0.1652892561983471,9,2,False,64.0,64.0,variable_burst,75
Round Robin (q=2),19.8,25.4,9.9,29.0,0.15625,16,0,False,73.9,64.0,variable_burst,75
Priority,16.95,22.55,16.95,54.5,0.1652892561983471,9,1,False,112.0,64.0,variable_burst,75
Adaptive,19.8,25.4,9.9,29.0,0.15625,16,0,True,73.9,64.0,variable_burst,75
FCFS,53.45,62.05,53.45,80.0,0.11049723756906077,9,0,False,307.25,85.5,variable_burst,76
SJF,11.65,20.25,11.65,54.5,0.11049723756906077,9,1,False,85.5,85.5,variable_burst,76
Round Robin (q=2),27.8,36.4,9.6,71.5,0.09302325581395349,43,2,False,101.95,85.5,variable_burst,76
Priority,36.35,44.95,36.35,84.5,0.11049723756906077,9,1,False,224.0,85.5,variable_burst,76
Adaptive,29.8,38.4,11.25,66.5,0.0975609756097561,33,2,True,108.05,85.5,variable_burst,76
FCFS,15.15,20.25,15.15,46.0,0.18018018018018017,9,0,False,98.75,46.0,variable_burst,77
SJF,7.15,12.25,7.15,20.5,0.18018018018018017,9,1,False,46.0,46.0,variable_burst,77
Round Robin (q=2),11.8,16.9,7.15,23.0,0.1724137931034483,14,0,False,51.900000000000006,46.0,variable_burst,77
Priority,10.15,15.25,10.15,20.5,0.18018018018018017,9,0,False,61.0,46.0,variable_burst,77
Adaptive,11.8,16.9,7.15,23.0,0.1724137931034483,14,0,True,51.900000000000006,46.0,variable_burst,77
FCFS,65.75,77.95,65.75,112.5,0.07905138339920949,9,0,False,385.0,133.3,variable_burst,78
SJF,31.35,43.55,31.35,84.5,0.07905138339920949,9,1,False,199.0,133.3,variable_burst,78
Round Robin (q=2),42.45,54.65,8.9,110.5,0.06557377049180328,61,3,False,133.3,133.3,variable_burst,78
Priority,38.65,50.85,38.65,93.5,0.07905138339920949,9,1,False,240.0,133.3,variable_burst,78
Adaptive,39.0,51.2,12.95,97.0,0.07194244604316546,34,3,True,139.3,133.3,variable_burst,78
FCFS,16.75,21.75,16.75,46.5,0.1834862385321101,9,0,False,107.0,63.75,variable_burst,79
SJF,10.35,15.35,10.35,24.0,0.1834862385321101,9,1,False,63.75,63.75,variable_burst,79
Round Robin (q=2),18.35,23.35,9.3,27.0,0.17391304347826086,15,0,False,69.05000000000001,63.75,variable_burst,79
Priority,13.45,18.45,13.45,48.5,0.1834862385321101,9,1,False,91.5,63.75,variable_burst,79
Adaptive,18.35,23.35,9.3,27.0,0.17391304347826086,15,0,True,69.05000000000001,63.75,variable_burst,79
FCFS,37.15,45.35,37.15,71.0,0.11560693641618497,9,0,False,221.25,72.0,variable_burst,80
SJF,9.45,17.65,9.45,49.5,0.11560693641618497,9,1,False,72.0,72.0,variable_burst,80
Round Robin (q=2),21.7,29.9,8.0,66.0,0.0970873786407767,42,2,False,86.7,72.0,variable_burst,80
Priority,39.75,47.95,39.75,74.0,0.11560693641618497,9,0,False,235.75,72.0,variable_burst,80
Adaptive,21.7,29.9,8.0,66.0,0.0970873786407767,42,2,True,86.7,72.0,variable_burst,80
FCFS,17.95,22.55,17.95,37.5,0.19801980198019803,9,0,False,108.5,36.0,variable_burst,81
SJF,5.35,9.95,5.35,18.5,0.19801980198019803,9,1,False,36.0,36.0,variable_burst,81
Round Robin (q=2),8.5,13.1,5.4,21.0,0.18867924528301888,14,1,False,40.6,36.0,variable_burst,81
Priority,20.95,25.55,20.95,39.0,0.19801980198019803,9,0,False,124.25,36.0,variable_burst,81
Adaptive,8.5,13.1,5.4,21.0,0.18867924528301888,14,1,True,40.6,36.0,variable_burst,81
FCFS,36.65,45.15,36.65,81.5,0.11173184357541899,9,0,False,224.0,82.5,variable_burst,82
SJF,11.35,19.85,11.35,51.5,0.11173184357541899,9,1,False,82.5,82.5,variable_burst,82
Round Robin (q=2),23.95,32.45,8.05,68.0,0.09433962264150944,42,2,False,90.15,82.5,variable_burst,82
Priority,34.65,43.15,34.65,79.5,0.11173184357541899,9,0,False,213.0,82.5,variable_burst,82
Adaptive,22.45,30.95,9.55,62.0,0.1,30,2,True,91.65,82.5,variable_burst,82
FCFS,60.35,76.85,60.35,135.5,0.058997050147492625,9,0,False,369.5,205.9,variable_burst,83
SJF,35.65,52.15,35.65,128.5,0.058997050147492625,9,1,False,242.5,205.9,variable_burst,83
Round Robin (q=2),85.0,101.5,9.6,165.0,0.04854368932038835,82,0,False,205.9,205.9,variable_burst,83
Priority,69.95,86.45,69.95,128.5,0.058997050147492625,9,0,False,414.0,205.9,variable_burst,83
Adaptive,72.55,89.05,16.25,141.5,0.0547945205479452,35,0,True,208.3,205.9,variable_burst,83
FCFS,28.75,37.75,28.75,88.5,0.10582010582010581,9,0,False,188.0,88.0,variable_burst,84
SJF,12.35,21.35,12.35,52.5,0.10582010582010581,9,1,False,88.0,88.0,variable_burst,84
Round Robin (q=2),27.25,36.25,8.45,70.5,0.08888888888888889,45,1,False,96.3,88.0,variable_burst,84
Priority,51.15,60.15,51.15,86.5,0.10582010582010581,9,0,False,299.0,88.0,variable_burst,84
Adaptive,20.25,29.25,11.15,63.0,0.09523809523809523,30,1,True,96.35,88.0,variable_burst,84
FCFS,11.95,16.75,11.95,43.5,0.19047619047619047,9,0,False,81.5,41.0,variable_burst,85
SJF,6.45,11.25,6.45,17.5,0.19047619047619047,9,1,False,41.0,41.0,variable_burst,85
Round Robin (q=2),11.35,16.15,7.05,20.0,0.1834862385321101,13,0,False,49.55,41.0,variable_burst,85
Priority,8.85,13.65,8.85,21.0,0.19047619047619047,9,1,False,54.75,41.0,variable_burst,85
Adaptive,11.35,16.15,7.05,20.0,0.1834862385321101,13,0,True,49.55,41.0,variable_burst,85
FCFS,42.75,51.15,42.75,78.5,0.11299435028248588,9,0,False,253.0,97.0,variable_burst,86
SJF,13.75,22.15,13.75,56.5,0.11299435028248588,9,1,False,97.0,97.0,variable_burst,86
Round Robin (q=2),30.95,39.35,8.9,74.0,0.09433962264150944,44,2,False,103.55,97.0,variable_burst,86
Priority,43.85,52.25,43.85,81.5,0.11299435028248588,9,0,False,260.0,97.0,variable_burst,86
Adaptive,28.4,36.8,11.55,67.5,0.10050251256281408,31,2,True,108.35,97.0,variable_burst,86
FCFS,31.35,37.35,31.35,49.5,0.15503875968992248,9,0,False,181.5,46.5,variable_burst,87
SJF,6.75,12.75,6.75,25.5,0.15503875968992248,9,1,False,46.5,46.5,variable_burst,87
Round Robin (q=2),14.05,20.05,5.9,29.5,0.145985401459854,17,1,False,52.400000000000006,46.5,variable_burst,87
Priority,31.85,37.85,31.85,54.0,0.15503875968992248,9,0,False,186.25,46.5,variable_burst,87
Adaptive,14.05,20.05,5.9,29.5,0.145985401459854,17,1,True,52.400000000000006,46.5,variable_burst,87
FCFS,65.85,80.25,65.85,134.5,0.06734006734006734,9,0,False,396.5,156.9,variable_burst,88
SJF,34.55,48.95,34.55,101.5,0.06734006734006734,9,0,False,223.5,156.9,variable_burst,88
Round Robin (q=2),60.1,74.5,7.7,132.0,0.055865921787709494,70,1,False,156.9,156.9,variable_burst,88
Priority,54.35,68.75,54.35,134.5,0.06734006734006734,9,0,False,339.0,156.9,variable_burst,88
Adaptive,52.5,66.9,13.3,115.5,0.06153846153846154,37,1,True,163.45,156.9,variable_burst,88
FCFS,21.55,26.45,21.55,42.5,0.18691588785046728,9,0,False,129.0,44.0,variable_burst,89
SJF,6.75,11.65,6.75,20.5,0.18691588785046728,9,2,False,44.0,44.0,variable_burst,89
Round Robin (q=2),11.8,16.7,7.25,23.0,0.17857142857142858,14,0,False,52.3,44.0,variable_burst,89
Priority,14.25,19.15,14.25,45.0,0.18691588785046728,9,1,False,93.75,44.0,variable_burst,89
Adaptive,11.8,16.7,7.25,23.0,0.17857142857142858,14,0,True,52.3,44.0,variable_burst,89
FCFS,32.25,43.25,32.25,74.5,0.08733624454148471,9,0,False,198.5,106.0,variable_burst,90
SJF,14.15,25.15,14.15,70.5,0.08733624454148471,9,1,False,106.0,106.0,variable_burst,90
Round Robin (q=2),32.9,43.9,7.6,93.0,0.072992700729927,54,1,False,109.8,106.0,variable_burst,90
Priority,54.85,65.85,54.85,106.0,0.08733624454148471,9,0,False,327.25,106.0,variable_burst,90
Adaptive,29.35,40.35,8.35,84.5,0.07782101167315175,37,1,True,105.0,106.0,variable_burst,90
FCFS,12.35,18.35,12.35,52.5,0.15503875968992248,9,0,False,88.0,42.5,variable_burst,91
SJF,6.75,12.75,6.75,17.5,0.15503875968992248,9,2,False,42.5,42.5,variable_burst,91
Round Robin (q=2),12.5,18.5,7.05,20.5,0.14814814814814814,15,0,False,50.95,42.5,variable_burst,91
Priority,11.75,17.75,11.75,52.5,0.15503875968992248,9,0,False,85.0,42.5,variable_burst,91
Adaptive,12.5,18.5,7.05,20.5,0.14814814814814814,15,0,True,50.95,42.5,variable_burst,91
FCFS,8.15,13.55,8.15,16.5,0.17094017094017094,9,0,False,49.0,45.5,variable_burst,92
SJF,7.45,12.85,7.45,16.5,0.17094017094017094,9,0,False,45.5,45.5,variable_burst,92
Round Robin (q=2),10.35,15.75,7.5,19.0,0.1652892561983471,13,0,False,49.85,45.5,variable_burst,92
Priority,8.75,14.15,8.75,20.0,0.17094017094017094,9,1,False,53.75,45.5,variable_burst,92
Adaptive,10.35,15.75,7.5,19.0,0.1652892561983471,13,0,True,49.85,45.5,variable_burst,92
FCFS,8.95,11.05,8.95,16.5,0.39215686274509803,9,0,False,53.0,42.0,variable_burst,93
SJF,6.75,8.85,6.75,16.5,0.39215686274509803,9,1,False,42.0,42.0,variable_burst,93
Round Robin (q=2),11.45,13.55,7.9,19.5,0.36363636363636365,13,0,False,52.8,42.0,variable_burst,93
Priority,9.15,11.25,9.15,22.0,0.39215686274509803,9,2,False,56.75,42.0,variable_burst,93
Adaptive,6.85,8.95,6.85,16.5,0.39215686274509803,9,0,True,42.5,42.0,variable_burst,93
FCFS,48.35,57.05,48.35,81.5,0.1092896174863388,9,0,False,282.5,103.5,variable_burst,94
SJF,35.15,43.85,35.15,53.5,0.1092896174863388,9,0,False,202.5,103.5,variable_burst,94
Round Robin (q=2),29.15,37.85,9.65,71.5,0.09174311926605505,44,2,False,103.5,103.5,variable_burst,94
Priority,40.95,49.65,40.95,86.5,0.1092896174863388,9,1,False,248.0,103.5,variable_burst,94
Adaptive,27.55,36.25,12.7,64.0,0.09803921568627451,30,2,True,110.35,103.5,variable_burst,94
FCFS,54.95,73.25,54.95,142.5,0.05333333333333334,9,0,False,346.0,219.9,variable_burst,95
SJF,38.35,56.65,38.35,145.5,0.05333333333333334,9,2,False,264.5,219.9,variable_burst,95
Round Robin (q=2),91.55,109.85,8.65,187.5,0.043668122270742356,92,2,False,219.9,219.9,variable_burst,95
Priority,44.85,63.15,44.85,142.5,0.05333333333333334,9,0,False,295.5,219.9,variable_burst,95
Adaptive,77.55,95.85,14.55,158.5,0.04914004914004914,41,0,True,215.0,219.9,variable_burst,95
FCFS,11.95,14.35,11.95,22.5,0.3508771929824561,9,0,False,71.0,52.0,variable_burst,96
SJF,8.15,10.55,8.15,22.5,0.3508771929824561,9,2,False,52.0,52.0,variable_burst,96
Round Robin (q=2),16.2,18.6,8.75,25.0,0.3225806451612903,14,0,False,63.7,52.0,variable_burst,96
Priority,11.35,13.75,11.35,22.5,0.3508771929824561,9,0,False,68.0,52.0,variable_burst,96
Adaptive,8.35,10.75,8.35,22.5,0.3508771929824561,9,2,True,53.0,52.0,variable_burst,96
FCFS,33.05,43.35,33.05,64.5,0.09302325581395349,9,0,False,197.5,114.30000000000001,variable_burst,97
SJF,28.65,38.95,28.65,64.5,0.09302325581395349,9,0,False,175.5,114.30000000000001,variable_burst,97
Round Robin (q=2),36.6,46.9,8.55,87.0,0.07782101167315175,51,1,False,114.30000000000001,114.30000000000001,variable_burst,97
Priority,30.55,40.85,30.55,72.5,0.09302325581395349,9,0,False,189.0,114.30000000000001,variable_burst,97
Adaptive,31.1,41.4,10.3,77.0,0.08333333333333333,34,1,True,110.80000000000001,114.30000000000001,variable_burst,97
FCFS,46.25,55.35,46.25,82.5,0.10471204188481675,9,0,False,272.5,89.6,variable_burst,98
SJF,37.55,46.65,37.55,60.5,0.10471204188481675,9,0,False,218.0,89.6,variable_burst,98
Round Robin (q=2),27.0,36.1,6.65,72.0,0.08849557522123894,44,2,False,89.6,89.6,variable_burst,98
Priority,47.05,56.15,47.05,82.5,0.10471204188481675,9,0,False,276.5,89.6,variable_burst,98
Adaptive,23.5,32.6,9.55,65.5,0.09389671361502347,31,2,True,94.45,89.6,variable_burst,98
FCFS,43.85,51.35,43.85,69.5,0.12578616352201258,9,0,False,254.0,81.05,variable_burst,99
SJF,23.45,30.95,23.45,45.5,0.12578616352201258,9,0,False,140.0,81.05,variable_burst,99
Round Robin (q=2),22.3,29.8,7.0,61.5,0.10638297872340426,38,2,False,81.05,81.05,variable_burst,99
Priority,41.55,49.05,41.55,69.5,0.12578616352201258,9,0,False,242.5,81.05,variable_burst,99
Adaptive,22.3,29.8,7.0,61.5,0.10638297872340426,38,2,True,81.05,81.05,variable_burst,99
FCFS,46.85,56.05,46.85,85.5,0.10362694300518134,9,0,False,277.0,81.5,variable_burst,100
SJF,10.75,19.95,10.75,55.5,0.10362694300518134,9,1,False,81.5,81.5,variable_burst,100
Round Robin (q=2),22.0,31.2,7.45,73.5,0.08733624454148471,45,2,False,88.55,81.5,variable_burst,100
Priority,41.45,50.65,41.45,93.5,0.10362694300518134,9,2,False,254.0,81.5,variable_burst,100
Adaptive,22.05,31.25,8.6,67.5,0.09216589861751152,33,2,True,90.2,81.5,variable_burst,100
FCFS,43.45,53.05,43.45,93.5,0.09950248756218906,9,0,False,264.0,101.5,variable_burst,101
SJF,14.25,23.85,14.25,60.5,0.09950248756218906,9,1,False,101.5,101.5,variable_burst,101
Round Robin (q=2),31.05,40.65,9.15,80.5,0.08298755186721991,49,2,False,107.9,101.5,variable_burst,101
Priority,39.55,49.15,39.55,60.5,0.09950248756218906,9,0,False,228.0,101.5,variable_burst,101
Adaptive,28.0,37.6,11.65,73.0,0.08849557522123894,34,2,True,111.1,101.5,variable_burst,101
FCFS,7.35,13.45,7.35,17.5,0.15267175572519084,9,0,False,45.5,43.0,variable_burst,102
SJF,6.85,12.95,6.85,17.5,0.15267175572519084,9,0,False,43.0,43.0,variable_burst,102
Round Robin (q=2),10.0,16.1,6.35,20.5,0.14705882352941177,14,0,False,45.65,43.0,variable_burst,102
Priority,8.05,14.15,8.05,18.5,0.15267175572519084,9,1,False,49.5,43.0,variable_burst,102
Adaptive,10.0,16.1,6.35,20.5,0.14705882352941177,14,0,True,45.65,43.0,variable_burst,102
FCFS,21.55,26.45,21.55,38.5,0.18691588785046728,9,0,False,127.0,50.0,variable_burst,103
SJF,7.45,12.35,7.45,25.5,0.18691588785046728,9,1,False,50.0,50.0,variable_burst,103
Round Robin (q=2),13.5,18.4,6.95,29.0,0.17543859649122806,16,1,False,55.8,50.0,variable_burst,103
Priority,24.95,29.85,24.95,42.0,0.18691588785046728,9,0,False,145.75,50.0,variable_burst,103
Adaptive,13.5,18.4,6.95,29.0,0.17543859649122806,16,1,True,55.8,50.0,variable_burst,103
FCFS,64.85,75.35,64.85,103.5,0.091324200913242,9,0,False,376.0,122.5,variable_burst,104
SJF,16.95,27.45,16.95,75.5,0.091324200913242,9,2,False,122.5,122.5,variable_burst,104
Round Robin (q=2),42.35,52.85,9.0,98.5,0.07575757575757576,54,3,False,127.6,122.5,variable_burst,104
Priority,52.35,62.85,52.35,102.5,0.091324200913242,9,0,False,313.0,122.5,variable_burst,104
Adaptive,38.05,48.55,11.55,89.5,0.08097165991902834,37,3,True,129.0,122.5,variable_burst,104
FCFS,9.05,11.55,9.05,15.5,0.3389830508474576,9,0,False,53.0,46.25,variable_burst,105
SJF,7.35,9.85,7.35,19.0,0.3389830508474576,9,1,False,46.25,46.25,variable_burst,105
Round Robin (q=2),12.45,14.95,7.25,22.0,0.3125,14,0,False,52.45,46.25,variable_burst,105
Priority,8.55,11.05,8.55,19.0,0.3389830508474576,9,1,False,52.25,46.25,variable_burst,105
Adaptive,7.45,9.95,7.45,19.0,0.3389830508474576,9,1,True,46.75,46.25,variable_burst,105
FCFS,12.15,15.15,12.15,22.5,0.2898550724637681,9,0,False,72.0,58.0,variable_burst,106
SJF,9.15,12.15,9.15,24.5,0.2898550724637681,9,1,False,58.0,58.0,variable_burst,106
Round Robin (q=2),17.25,20.25,9.55,27.5,0.2631578947368421,16,0,False,69.2,58.0,variable_burst,106
Priority,11.55,14.55,11.55,26.0,0.2898550724637681,9,1,False,70.75,58.0,variable_burst,106
Adaptive,9.45,12.45,9.45,24.5,0.2898550724637681,9,0,True,59.5,58.0,variable_burst,106
FCFS,53.95,68.95,53.95,147.5,0.06472491909385113,9,0,False,343.5,174.1,variable_burst,107
SJF,27.55,42.55,27.55,110.5,0.06472491909385113,9,0,False,193.0,174.1,variable_burst,107
Round Robin (q=2),63.6,78.6,9.75,143.0,0.053475935828877004,74,1,False,174.1,174.1,variable_burst,107
Priority,73.55,88.55,73.55,149.5,0.06472491909385113,9,1,False,442.5,174.1,variable_burst,107
Adaptive,55.85,70.85,13.85,127.5,0.058823529411764705,40,1,True,175.0,174.1,variable_burst,107
FCFS,49.25,60.55,49.25,111.5,0.08438818565400844,9,0,False,302.0,117.95,variable_burst,108
SJF,16.65,27.95,16.65,78.5,0.08438818565400844,9,1,False,122.5,117.95,variable_burst,108
Round Robin (q=2),37.45,48.75,7.25,103.0,0.06993006993006994,58,2,False,117.95,117.95,variable_burst,108
Priority,43.25,54.55,43.25,109.5,0.08438818565400844,9,1,False,271.0,117.95,variable_burst,108
Adaptive,36.5,47.8,8.95,94.5,0.07434944237918216,41,2,True,119.55,117.95,variable_burst,108
FCFS,48.35,57.25,48.35,76.5,0.10695187165775401,9,0,False,280.0,83.5,variable_burst,109
SJF,11.35,20.25,11.35,53.5,0.10695187165775401,9,1,False,83.5,83.5,variable_burst,109
Round Robin (q=2),26.45,35.35,8.1,69.0,0.09174311926605505,40,2,False,93.35,83.5,variable_burst,109
Priority,48.85,57.75,48.85,89.5,0.10695187165775401,9,0,False,289.0,83.5,variable_burst,109
Adaptive,27.0,35.9,10.7,64.0,0.09615384615384616,30,2,True,101.8,83.5,variable_burst,109
FCFS,22.45,28.05,22.45,47.5,0.1652892561983471,9,0,False,136.0,32.95,variable_burst,110
SJF,21.15,26.75,21.15,47.5,0.1652892561983471,9,2,False,129.5,32.95,variable_burst,110
Round Robin (q=2),7.9,13.5,3.95,18.5,0.16,13,1,False,32.95,32.95,variable_burst,110
Priority,21.55,27.15,21.55,47.5,0.1652892561983471,9,1,False,131.5,32.95,variable_burst,110
Adaptive,7.9,13.5,3.95,18.5,0.16,13,1,True,32.95,32.95,variable_burst,110
FCFS,10.45,13.15,10.45,21.5,0.31746031746031744,9,0,False,63.0,52.5,variable_burst,111
SJF,8.35,11.05,8.35,21.5,0.31746031746031744,9,1,False,52.5,52.5,variable_burst,111
Round Robin (q=2),14.6,17.3,8.1,24.5,0.2898550724637681,15,0,False,59.25,52.5,variable_burst,111
Priority,9.35,12.05,9.35,21.5,0.31746031746031744,9,1,False,57.5,52.5,variable_burst,111
Adaptive,8.35,11.05,8.35,21.5,0.31746031746031744,9,1,True,52.5,52.5,variable_burst,111
FCFS,14.25,22.55,14.25,46.5,0.11428571428571428,9,0,False,94.5,73.0,variable_burst,112
SJF,9.95,18.25,9.95,46.5,0.11428571428571428,9,0,False,73.0,73.0,variable_burst,112
Round Robin (q=2),19.6,27.9,6.6,63.0,0.09615384615384616,42,0,False,77.5,73.0,variable_burst,112
Priority,29.75,38.05,29.75,80.0,0.11428571428571428,9,2,False,188.75,73.0,variable_burst,112
Adaptive,19.6,27.9,6.6,63.0,0.09615384615384616,42,0,True,77.5,73.0,variable_burst,112
FCFS,18.25,23.65,18.25,49.5,0.17094017094017094,9,0,False,116.0,49.0,variable_burst,113
SJF,7.75,13.15,7.75,20.5,0.17094017094017094,9,1,False,49.0,49.0,variable_burst,113
Round Robin (q=2),14.6,20.0,7.9,24.0,0.16129032258064516,16,0,False,58.2,49.0,variable_burst,113
Priority,10.75,16.15,10.75,20.5,0.17094017094017094,9,0,False,64.0,49.0,variable_burst,113
Adaptive,14.6,20.0,7.9,24.0,0.16129032258064516,16,0,True,58.2,49.0,variable_burst,113
FCFS,32.65,40.85,32.65,71.5,0.11560693641618497,9,0,False,199.0,70.5,variable_burst,114
SJF,9.55,17.75,9.55,45.5,0.11560693641618497,9,1,False,70.5,70.5,variable_burst,114
Round Robin (q=2),22.0,30.2,6.65,61.0,0.09803921568627451,40,2,False,79.1,70.5,variable_burst,114
Priority,30.35,38.55,30.35,75.0,0.11560693641618497,9,2,False,189.25,70.5,variable_burst,114
Adaptive,22.0,30.2,6.65,61.0,0.09803921568627451,40,2,True,79.1,70.5,variable_burst,114
FCFS,45.65,53.25,45.65,68.5,0.12422360248447205,9,0,False,262.5,82.5,variable_burst,115
SJF,11.25,18.85,11.25,52.5,0.12422360248447205,9,1,False,82.5,82.5,variable_burst,115
Round Robin (q=2),27.15,34.75,8.5,65.5,0.10471204188481675,39,2,False,93.9,82.5,variable_burst,115
Priority,40.05,47.65,40.05,70.5,0.12422360248447205,9,0,False,235.5,82.5,variable_burst,115
Adaptive,27.15,34.75,8.5,65.5,0.10471204188481675,39,2,True,93.9,82.5,variable_burst,115
FCFS,39.85,50.65,39.85,79.5,0.08888888888888889,9,0,False,239.0,113.5,variable_burst,116
SJF,15.65,26.45,15.65,70.5,0.08888888888888889,9,2,False,113.5,113.5,variable_burst,116
Round Robin (q=2),39.55,50.35,8.4,93.0,0.07434944237918216,53,2,False,119.65,113.5,variable_burst,116
Priority,55.85,66.65,55.85,101.5,0.08888888888888889,9,0,False,330.0,113.5,variable_burst,116
Adaptive,33.05,43.85,10.0,84.0,0.07936507936507936,36,2,True,115.05,113.5,variable_burst,116
FCFS,51.65,63.65,51.65,86.0,0.08032128514056225,9,0,False,301.25,133.25,variable_burst,117
SJF,35.35,47.35,35.35,84.5,0.08032128514056225,9,1,False,219.0,133.25,variable_burst,117
Round Robin (q=2),44.9,56.9,8.4,109.5,0.06688963210702341,59,2,False,133.25,133.25,variable_burst,117
Priority,71.85,83.85,71.85,122.0,0.08032128514056225,9,0,False,420.25,133.25,variable_burst,117
Adaptive,37.55,49.55,15.1,95.5,0.07380073800738007,31,2,True,145.7,133.25,variable_burst,117
FCFS,19.25,24.95,19.25,47.5,0.16260162601626016,9,0,False,120.0,31.0,variable_burst,118
SJF,4.65,10.35,4.65,15.5,0.16260162601626016,9,1,False,31.0,31.0,variable_burst,118
Round Robin (q=2),8.25,13.95,5.0,18.5,0.15503875968992248,15,1,False,37.5,31.0,variable_burst,118
Priority,22.95,28.65,22.95,49.5,0.16260162601626016,9,1,False,139.5,31.0,variable_burst,118
Adaptive,8.25,13.95,5.0,18.5,0.15503875968992248,15,1,True,37.5,31.0,variable_burst,118
FCFS,52.15,63.25,52.15,81.5,0.08658008658008658,9,0,False,301.5,128.0,variable_burst,119
SJF,17.85,28.95,17.85,77.5,0.08658008658008658,9,1,False,128.0,128.0,variable_burst,119
Round Robin (q=2),42.25,53.35,9.15,99.5,0.07272727272727272,53,2,False,128.6,128.0,variable_burst,119
Priority,53.65,64.75,53.65,87.5,0.08658008658008658,9,0,False,312.0,128.0,variable_burst,119
Adaptive,41.2,52.3,12.15,93.0,0.07633587786259542,40,2,True,136.3,128.0,variable_burst,119
FCFS,14.95,21.25,14.95,52.5,0.14814814814814814,9,0,False,101.0,47.5,variable_burst,120
SJF,7.45,13.75,7.45,20.5,0.14814814814814814,9,0,False,47.5,47.5,variable_burst,120
Round Robin (q=2),11.35,17.65,6.95,23.5,0.14184397163120568,15,0,False,50.9,47.5,variable_burst,120
Priority,12.35,18.65,12.35,54.5,0.14814814814814814,9,0,False,89.0,47.5,variable_burst,120
Adaptive,11.35,17.65,6.95,23.5,0.14184397163120568,15,0,True,50.9,47.5,variable_burst,120
FCFS,34.85,41.75,34.85,57.5,0.1360544217687075,9,0,False,203.0,68.5,variable_burst,121
SJF,10.45,17.35,10.45,32.5,0.1360544217687075,9,1,False,68.5,68.5,variable_burst,121
Round Robin (q=2),22.65,29.55,7.6,38.0,0.12658227848101267,20,0,False,72.05,68.5,variable_burst,121
Priority,39.75,46.65,39.75,65.5,0.1360544217687075,9,0,False,231.5,68.5,variable_burst,121
Adaptive,22.65,29.55,7.6,38.0,0.12658227848101267,20,0,True,72.05,68.5,variable_burst,121
FCFS,5.75,11.25,5.75,10.5,0.16806722689075632,9,0,False,34.0,30.25,variable_burst,122
SJF,4.75,10.25,4.75,13.0,0.16806722689075632,9,1,False,30.25,30.25,variable_burst,122
Round Robin (q=2),7.3,12.8,5.15,15.5,0.16260162601626016,13,0,False,35.650000000000006,30.25,variable_burst,122
Priority,16.75,22.25,16.75,49.5,0.16806722689075632,9,1,False,108.5,30.25,variable_burst,122
Adaptive,7.3,12.8,5.15,15.5,0.16260162601626016,13,0,True,35.650000000000006,30.25,variable_burst,122
FCFS,50.55,61.95,50.55,106.5,0.08438818565400844,9,0,False,306.0,117.0,variable_burst,123
SJF,15.55,26.95,15.55,78.5,0.08438818565400844,9,2,False,117.0,117.0,variable_burst,123
Round Robin (q=2),38.6,50.0,7.75,103.5,0.06968641114982578,59,2,False,121.35,117.0,variable_burst,123
Priority,57.15,68.55,57.15,110.5,0.08438818565400844,9,0,False,341.0,117.0,variable_burst,123
Adaptive,34.15,45.55,9.3,94.0,0.07462686567164178,40,2,True,118.35,117.0,variable_burst,123
FCFS,45.55,57.65,45.55,81.5,0.0796812749003984,9,0,False,268.5,132.25,variable_burst,124
SJF,19.15,31.25,19.15,81.5,0.0796812749003984,9,1,False,136.5,132.25,variable_burst,124
Round Robin (q=2),44.5,56.6,8.25,109.5,0.06622516556291391,60,2,False,132.25,132.25,variable_burst,124
Priority,44.95,57.05,44.95,119.0,0.0796812749003984,9,0,False,284.25,132.25,variable_burst,124
Adaptive,37.15,49.25,13.75,95.5,0.072992700729927,32,2,True,139.9,132.25,variable_burst,124
FCFS,38.35,48.55,38.35,67.5,0.09389671361502347,9,0,False,225.5,105.45,variable_burst,125
SJF,25.95,36.15,25.95,68.5,0.09389671361502347,9,1,False,164.0,105.45,variable_burst,125
Round Robin (q=2),34.2,44.4,6.5,90.5,0.07782101167315175,53,2,False,105.45,105.45,variable_burst,125
Priority,32.15,42.35,32.15,97.5,0.09389671361502347,9,1,False,209.5,105.45,variable_burst,125
Adaptive,32.4,42.6,8.35,82.5,0.08298755186721991,37,2,True,107.05,105.45,variable_burst,125
FCFS,73.05,83.15,73.05,95.5,0.0947867298578199,9,0,False,413.0,115.44999999999999,variable_burst,126
SJF,40.75,50.85,40.75,63.5,0.0947867298578199,9,0,False,235.5,115.44999999999999,variable_burst,126
Round Robin (q=2),33.55,43.65,9.85,85.0,0.07905138339920949,51,2,False,115.44999999999999,115.44999999999999,variable_burst,126
Priority,54.75,64.85,54.75,97.5,0.0947867298578199,9,0,False,322.5,115.44999999999999,variable_burst,126
Adaptive,34.6,44.7,13.25,77.0,0.08403361344537816,36,2,True,126.1,115.44999999999999,variable_burst,126
FCFS,10.65,13.05,10.65,21.0,0.3508771929824561,9,0,False,63.75,55.0,variable_burst,127
SJF,8.95,11.35,8.95,20.5,0.3508771929824561,9,0,False,55.0,55.0,variable_burst,127
Round Robin (q=2),14.35,16.75,8.65,23.5,0.3225806451612903,14,0,False,60.7,55.0,variable_burst,127
Priority,12.05,14.45,12.05,23.5,0.3508771929824561,9,0,False,72.0,55.0,variable_burst,127
Adaptive,8.95,11.35,8.95,20.5,0.3508771929824561,9,0,True,55.0,55.0,variable_burst,127
FCFS,50.05,62.45,50.05,77.5,0.07782101167315175,9,0,False,289.0,125.0,variable_burst,128
SJF,17.25,29.65,17.25,77.5,0.07782101167315175,9,1,False,125.0,125.0,variable_burst,128
Round Robin (q=2),43.75,56.15,8.8,108.0,0.06472491909385113,61,2,False,132.95,125.0,variable_burst,128
Priority,56.75,69.15,56.75,115.5,0.07782101167315175,9,1,False,341.5,125.0,variable_burst,128
Adaptive,35.75,48.15,12.65,93.5,0.07142857142857142,32,2,True,133.1,125.0,variable_burst,128
FCFS,35.95,43.65,35.95,71.5,0.12269938650306748,9,0,False,215.5,71.5,variable_burst,129
SJF,9.75,17.45,9.75,45.5,0.12269938650306748,9,1,False,71.5,71.5,variable_burst,129
Round Robin (q=2),22.25,29.95,7.9,63.5,0.10309278350515463,40,1,False,85.6,71.5,variable_burst,129
Priority,47.15,54.85,47.15,72.0,0.12269938650306748,9,0,False,271.75,71.5,variable_burst,129
Adaptive,22.25,29.95,7.9,63.5,0.10309278350515463,40,1,True,85.6,71.5,variable_burst,129
FCFS,15.25,21.05,15.25,55.5,0.16,9,0,False,104.0,58.0,variable_burst,130
SJF,9.35,15.15,9.35,22.5,0.16,9,0,False,58.0,58.0,variable_burst,130
Round Robin (q=2),16.45,22.25,9.6,25.5,0.15267175572519084,15,0,False,67.6,58.0,variable_burst,130
Priority,34.45,40.25,34.45,58.0,0.16,9,0,False,201.25,58.0,variable_burst,130
Adaptive,16.45,22.25,9.6,25.5,0.15267175572519084,15,0,True,67.6,58.0,variable_burst,130
FCFS,28.75,37.35,28.75,46.5,0.11049723756906077,9,0,False,167.0,83.1,variable_burst,131
SJF,27.75,36.35,27.75,46.5,0.11049723756906077,9,0,False,162.0,83.1,variable_burst,131
Round Robin (q=2),23.55,32.15,6.95,63.5,0.09523809523809523,38,1,False,83.1,83.1,variable_burst,131
Priority,45.45,54.05,45.45,81.5,0.11049723756906077,9,0,False,268.0,83.1,variable_burst,131
Adaptive,26.1,34.7,9.35,59.5,0.09900990099009901,30,1,True,93.25,83.1,variable_burst,131
FCFS,39.35,50.55,39.35,100.5,0.08583690987124463,9,0,False,247.0,115.5,variable_burst,132
SJF,16.15,27.35,16.15,69.5,0.08583690987124463,9,0,False,115.5,115.5,variable_burst,132
Round Robin (q=2),39.9,51.1,8.75,92.5,0.07168458781362007,55,1,False,121.15,115.5,variable_burst,132
Priority,39.65,50.85,39.65,71.0,0.08583690987124463,9,0,False,233.75,115.5,variable_burst,132
Adaptive,37.55,48.75,10.65,84.5,0.07604562737642585,39,1,True,122.4,115.5,variable_burst,132
FCFS,31.15,37.05,31.15,54.0,0.15748031496062992,9,0,False,182.75,55.5,variable_burst,133
SJF,8.75,14.65,8.75,23.5,0.15748031496062992,9,1,False,55.5,55.5,variable_burst,133
Round Robin (q=2),14.95,20.85,8.5,26.5,0.15037593984962405,15,0,False,62.2,55.5,variable_burst,133
Priority,24.05,29.95,24.05,58.5,0.15748031496062992,9,1,False,149.5,55.5,variable_burst,133
Adaptive,14.95,20.85,8.5,26.5,0.15037593984962405,15,0,True,62.2,55.5,variable_burst,133
FCFS,6.75,12.15,6.75,18.5,0.17094017094017094,9,0,False,43.0,42.5,variable_burst,134
SJF,6.65,12.05,6.65,18.5,0.17094017094017094,9,0,False,42.5,42.5,variable_burst,134
Round Robin (q=2),11.55,16.95,5.05,21.5,0.16260162601626016,15,0,False,42.5,42.5,variable_burst,134
Priority,18.25,23.65,18.25,47.5,0.17094017094017094,9,0,False,115.0,42.5,variable_burst,134
Adaptive,11.55,16.95,5.05,21.5,0.16260162601626016,15,0,True,42.5,42.5,variable_burst,134
FCFS,38.85,50.35,38.85,73.0,0.08368200836820083,9,0,False,230.75,112.0,variable_burst,135
SJF,15.15,26.65,15.15,72.5,0.08368200836820083,9,1,False,112.0,112.0,variable_burst,135
Round Robin (q=2),38.5,50.0,7.0,99.0,0.06920415224913495,59,2,False,116.0,112.0,variable_burst,135
Priority,51.15,62.65,51.15,80.0,0.08368200836820083,9,0,False,295.75,112.0,variable_burst,135
Adaptive,31.35,42.85,8.6,90.5,0.07407407407407407,40,2,True,111.0,112.0,variable_burst,135
FCFS,8.35,10.45,8.35,17.5,0.39215686274509803,9,0,False,50.5,42.0,variable_burst,136
SJF,6.35,8.45,6.35,20.5,0.39215686274509803,9,1,False,42.0,42.0,variable_burst,136
Round Robin (q=2),10.85,12.95,6.95,20.0,0.35714285714285715,14,0,False,48.65,42.0,variable_burst,136
Priority,7.95,10.05,7.95,17.5,0.39215686274509803,9,0,False,48.5,42.0,variable_burst,136
Adaptive,6.55,8.65,6.55,17.5,0.39215686274509803,9,1,True,41.5,42.0,variable_burst,136
FCFS,59.25,68.55,59.25,87.5,0.10256410256410256,9,0,False,340.0,97.0,variable_burst,137
SJF,32.75,42.05,32.75,56.5,0.10256410256410256,9,0,False,192.0,97.0,variable_burst,137
Round Robin (q=2),27.3,36.6,8.05,75.0,0.08620689655172414,46,2,False,97.0,97.0,variable_burst,137
Priority,37.55,46.85,37.55,56.5,0.10256410256410256,9,0,False,216.0,97.0,variable_burst,137
Adaptive,29.3,38.6,10.35,69.5,0.09090909090909091,34,2,True,105.45,97.0,variable_burst,137
FCFS,12.05,17.65,12.05,43.5,0.1652892561983471,9,0,False,82.0,39.0,variable_burst,138
SJF,6.05,11.65,6.05,17.5,0.1652892561983471,9,0,False,39.0,39.0,variable_burst,138
Round Robin (q=2),10.65,16.25,5.2,21.0,0.15625,16,0,False,41.95,39.0,variable_burst,138
Priority,9.35,14.95,9.35,43.5,0.1652892561983471,9,0,False,68.5,39.0,variable_burst,138
Adaptive,10.65,16.25,5.2,21.0,0.15625,16,0,True,41.95,39.0,variable_burst,138
FCFS,18.15,22.75,18.15,42.5,0.19801980198019803,9,0,False,112.0,47.0,variable_burst,139
SJF,7.45,12.05,7.45,19.5,0.19801980198019803,9,2,False,47.0,47.0,variable_burst,139
Round Robin (q=2),14.85,19.45,8.55,22.0,0.18867924528301888,14,0,False,60.050000000000004,47.0,variable_burst,139
Priority,11.85,16.45,11.85,41.5,0.19801980198019803,9,0,False,80.0,47.0,variable_burst,139
Adaptive,14.85,19.45,8.55,22.0,0.18867924528301888,14,0,True,60.050000000000004,47.0,variable_burst,139
FCFS,112.55,133.65,112.55,200.0,0.04640371229698376,9,0,False,662.75,279.7,variable_burst,140
SJF,57.75,78.85,57.75,169.5,0.04640371229698376,9,1,False,373.5,279.7,variable_burst,140
Round Robin (q=2),129.7,150.8,10.25,218.0,0.03787878787878788,106,0,False,279.7,279.7,variable_burst,140
Priority,99.25,120.35,99.25,204.5,0.04640371229698376,9,0,False,598.5,279.7,variable_burst,140
Adaptive,114.7,135.8,23.25,185.0,0.04329004329004329,40,0,True,300.2,279.7,variable_burst,140
FCFS,7.65,10.45,7.65,17.5,0.3076923076923077,9,0,False,47.0,43.5,variable_burst,141
SJF,6.95,9.75,6.95,17.5,0.3076923076923077,9,0,False,43.5,43.5,variable_burst,141
Round Robin (q=2),11.55,14.35,6.35,22.0,0.28169014084507044,15,0,False,47.95,43.5,variable_burst,141
Priority,7.15,9.95,7.15,17.5,0.3076923076923077,9,0,False,44.5,43.5,variable_burst,141
Adaptive,7.15,9.95,7.15,17.5,0.3076923076923077,9,0,True,44.5,43.5,variable_burst,141
FCFS,38.95,46.45,38.95,68.5,0.12578616352201258,9,0,False,229.0,79.0,variable_burst,142
SJF,10.95,18.45,10.95,48.5,0.12578616352201258,9,1,False,79.0,79.0,variable_burst,142
Round Robin (q=2),23.95,31.45,8.85,64.0,0.10526315789473684,40,2,False,91.35,79.0,variable_burst,142
Priority,19.45,26.95,19.45,73.5,0.12578616352201258,9,2,False,134.0,79.0,variable_burst,142
Adaptive,23.95,31.45,8.85,64.0,0.10526315789473684,40,2,True,91.35,79.0,variable_burst,142
FCFS,48.85,56.65,48.85,72.5,0.12121212121212122,9,0,False,280.5,100.5,variable_burst,143
SJF,27.95,35.75,27.95,52.5,0.12121212121212122,9,0,False,166.0,100.5,variable_burst,143
Round Robin (q=2),31.3,39.1,8.8,68.0,0.10204081632653061,40,2,False,100.5,100.5,variable_burst,143
Priority,39.35,47.15,39.35,72.5,0.12121212121212122,9,0,False,233.0,100.5,variable_burst,143
Adaptive,31.3,39.1,8.8,68.0,0.10204081632653061,40,2,True,100.5,100.5,variable_burst,143
FCFS,73.25,84.55,73.25,101.5,0.0851063829787234,9,0,False,417.0,132.65,variable_burst,144
SJF,31.85,43.15,31.85,78.5,0.0851063829787234,9,1,False,198.5,132.65,variable_burst,144
Round Robin (q=2),45.0,56.3,9.35,100.5,0.07168458781362007,53,3,False,132.65,132.65,variable_burst,144
Priority,41.45,52.75,41.45,78.5,0.0851063829787234,9,0,False,246.5,132.65,variable_burst,144
Adaptive,41.15,52.45,12.55,93.0,0.07575757575757576,38,2,True,137.85,132.65,variable_burst,144
FCFS,17.95,23.45,17.95,44.5,0.16806722689075632,9,0,False,112.0,54.0,variable_burst,145
SJF,8.35,13.85,8.35,24.5,0.16806722689075632,9,1,False,54.0,54.0,variable_burst,145
Round Robin (q=2),15.5,21.0,7.8,28.5,0.15748031496062992,17,0,False,60.95,54.0,variable_burst,145
Priority,27.05,32.55,27.05,50.0,0.16806722689075632,9,0,False,160.25,54.0,variable_burst,145
Adaptive,15.5,21.0,7.8,28.5,0.15748031496062992,17,0,True,60.95,54.0,variable_burst,145
FCFS,41.15,47.45,41.15,57.5,0.14814814814814814,9,0,False,234.5,74.0,variable_burst,146
SJF,11.55,17.85,11.55,32.5,0.14814814814814814,9,1,False,74.0,74.0,variable_burst,146
Round Robin (q=2),23.05,29.35,8.75,37.0,0.1388888888888889,18,0,False,76.55,74.0,variable_burst,146
Priority,40.95,47.25,40.95,57.5,0.14814814814814814,9,0,False,233.5,74.0,variable_burst,146
Adaptive,23.05,29.35,8.75,37.0,0.1388888888888889,18,0,True,76.55,74.0,variable_burst,146
FCFS,41.35,53.65,41.35,117.0,0.0784313725490196,9,0,False,265.25,135.65,variable_burst,147
SJF,18.85,31.15,18.85,84.5,0.0784313725490196,9,1,False,136.5,135.65,variable_burst,147
Round Robin (q=2),43.0,55.3,9.35,110.5,0.06514657980456026,61,1,False,135.65,135.65,variable_burst,147
Priority,50.05,62.35,50.05,89.0,0.0784313725490196,9,0,False,294.75,135.65,variable_burst,147
Adaptive,35.95,48.25,13.15,97.0,0.07168458781362007,33,1,True,137.05,135.65,variable_burst,147
FCFS,5.05,10.55,5.05,12.5,0.16806722689075632,9,0,False,31.5,29.0,variable_burst,148
SJF,4.55,10.05,4.55,12.5,0.16806722689075632,9,0,False,29.0,29.0,variable_burst,148
Round Robin (q=2),7.65,13.15,4.2,15.0,0.16129032258064516,14,0,False,31.950000000000003,29.0,variable_burst,148
Priority,5.15,10.65,5.15,13.0,0.16806722689075632,9,0,False,32.25,29.0,variable_burst,148
Adaptive,7.65,13.15,4.2,15.0,0.16129032258064516,14,0,True,31.950000000000003,29.0,variable_burst,148
FCFS,101.95,122.55,101.95,202.5,0.047505938242280284,9,0,False,611.0,272.9,variable_burst,149
SJF,57.45,78.05,57.45,166.5,0.047505938242280284,9,1,False,370.5,272.9,variable_burst,149
Round Robin (q=2),126.35,146.95,9.95,213.5,0.038834951456310676,103,0,False,272.9,272.9,variable_burst,149
Priority,103.05,123.65,103.05,169.5,0.047505938242280284,9,0,False,600.0,272.9,variable_burst,149
Adaptive,111.25,131.85,21.25,183.5,0.044444444444444446,38,0,True,288.0,272.9,variable_burst,149
FCFS,30.45,35.75,30.45,47.5,0.17391304347826086,9,0,False,176.0,42.0,variable_burst,150
SJF,6.25,11.55,6.25,21.5,0.17391304347826086,9,1,False,42.0,42.0,variable_burst,150
Round Robin (q=2),11.15,16.45,6.9,23.5,0.16806722689075632,13,1,False,50.5,42.0,variable_burst,150
Priority,22.95,28.25,22.95,47.5,0.17391304347826086,9,0,False,138.5,42.0,variable_burst,150
Adaptive,11.15,16.45,6.9,23.5,0.16806722689075632,13,1,True,50.5,42.0,variable_burst,150
FCFS,14.15,23.25,14.15,49.5,0.10471204188481675,9,0,False,95.5,77.0,variable_burst,151
SJF,10.45,19.55,10.45,49.5,0.10471204188481675,9,0,False,77.0,77.0,variable_burst,151
Round Robin (q=2),20.05,29.15,6.6,67.0,0.08849557522123894,44,0,False,79.95,77.0,variable_burst,151
Priority,42.45,51.55,42.45,87.5,0.10471204188481675,9,3,False,256.0,77.0,variable_burst,151
Adaptive,19.1,28.2,7.45,62.0,0.09302325581395349,33,0,True,79.9,77.0,variable_burst,151
FCFS,25.55,32.85,25.55,67.5,0.12903225806451613,9,0,False,161.5,79.5,variable_burst,152
SJF,11.45,18.75,11.45,44.5,0.12903225806451613,9,0,False,79.5,79.5,variable_burst,152
Round Robin (q=2),23.45,30.75,8.95,60.0,0.1092896174863388,37,1,False,89.25,79.5,variable_burst,152
Priority,24.55,31.85,24.55,71.5,0.12903225806451613,9,1,False,158.5,79.5,variable_burst,152
Adaptive,23.45,30.75,8.95,60.0,0.1092896174863388,37,1,True,89.25,79.5,variable_burst,152
FCFS,36.95,45.45,36.95,49.5,0.11173184357541899,9,0,False,209.5,98.65,variable_burst,153
SJF,35.25,43.75,35.25,49.5,0.11173184357541899,9,0,False,201.0,98.65,variable_burst,153
Round Robin (q=2),27.75,36.25,8.6,73.0,0.09302325581395349,45,1,False,98.65,98.65,variable_burst,153
Priority,42.95,51.45,42.95,83.0,0.11173184357541899,9,0,False,256.25,98.65,variable_burst,153
Adaptive,23.95,32.45,11.65,62.5,0.1,30,1,True,101.8,98.65,variable_burst,153
FCFS,42.65,57.45,42.65,109.5,0.06557377049180328,9,0,False,268.0,165.55,variable_burst,154
SJF,25.25,40.05,25.25,110.5,0.06557377049180328,9,1,False,181.5,165.55,variable_burst,154
Round Robin (q=2),60.0,74.8,8.45,143.5,0.05390835579514825,75,1,False,165.55,165.55,variable_burst,154
Priority,51.95,66.75,51.95,109.5,0.06557377049180328,9,0,False,314.5,165.55,variable_burst,154
Adaptive,52.45,67.25,12.15,126.0,0.05952380952380952,40,1,True,164.05,165.55,variable_burst,154
FCFS,18.25,23.35,18.25,44.5,0.18018018018018017,9,0,False,113.5,41.0,variable_burst,155
SJF,6.45,11.55,6.45,17.5,0.18018018018018017,9,1,False,41.0,41.0,variable_burst,155
Round Robin (q=2),9.75,14.85,6.4,20.5,0.17094017094017094,15,1,False,45.6,41.0,variable_burst,155
Priority,15.75,20.85,15.75,44.5,0.18018018018018017,9,1,False,101.0,41.0,variable_burst,155
Adaptive,9.75,14.85,6.4,20.5,0.17094017094017094,15,1,True,45.6,41.0,variable_burst,155
FCFS,30.55,42.55,30.55,80.5,0.08032128514056225,9,0,False,193.0,126.65,variable_burst,156
SJF,19.15,31.15,19.15,80.5,0.08032128514056225,9,0,False,136.0,126.65,variable_burst,156
Round Robin (q=2),41.8,53.8,8.15,104.5,0.06734006734006734,57,1,False,126.65,126.65,variable_burst,156
Priority,57.95,69.95,57.95,119.5,0.08032128514056225,9,1,False,349.5,126.65,variable_burst,156
Adaptive,33.5,45.5,12.75,91.0,0.07407407407407407,30,1,True,130.0,126.65,variable_burst,156
FCFS,50.95,59.35,50.95,83.5,0.11299435028248588,9,0,False,296.5,80.0,variable_burst,157
SJF,10.85,19.25,10.85,51.5,0.11299435028248588,9,1,False,80.0,80.0,variable_burst,157
Round Robin (q=2),22.6,31.0,8.55,67.5,0.09569377990430622,41,2,False,90.55000000000001,80.0,variable_burst,157
Priority,39.75,48.15,39.75,83.0,0.11299435028248588,9,2,False,240.25,80.0,variable_burst,157
Adaptive,20.95,29.35,10.25,61.5,0.10152284263959391,29,2,True,92.7,80.0,variable_burst,157
FCFS,24.35,29.15,24.35,37.5,0.19047619047619047,9,0,False,140.5,38.5,variable_burst,158
SJF,5.45,10.25,5.45,22.5,0.19047619047619047,9,2,False,38.5,38.5,variable_burst,158
Round Robin (q=2),12.05,16.85,6.15,26.0,0.17857142857142858,16,1,False,49.650000000000006,38.5,variable_burst,158
Priority,26.55,31.35,26.55,42.0,0.19047619047619047,9,0,False,153.75,38.5,variable_burst,158
Adaptive,12.05,16.85,6.15,26.0,0.17857142857142858,16,1,True,49.650000000000006,38.5,variable_burst,158
FCFS,56.85,69.45,56.85,112.5,0.07662835249042145,9,0,False,340.5,124.7,variable_burst,159
SJF,39.45,52.05,39.45,79.5,0.07662835249042145,9,0,False,237.0,124.7,variable_burst,159
Round Robin (q=2),41.1,53.7,6.9,112.0,0.06349206349206349,63,2,False,124.7,124.7,variable_burst,159
Priority,46.35,58.95,46.35,112.5,0.07662835249042145,9,0,False,288.0,124.7,variable_burst,159
Adaptive,35.85,48.45,11.4,95.0,0.07017543859649122,33,2,True,128.95,124.7,variable_burst,159
FCFS,29.85,39.75,29.85,54.5,0.0966183574879227,9,0,False,176.5,91.5,variable_burst,160
SJF,12.85,22.75,12.85,54.5,0.0966183574879227,9,0,False,91.5,91.5,variable_burst,160
Round Robin (q=2),29.15,39.05,9.55,79.5,0.08064516129032258,50,1,False,107.1,91.5,variable_burst,160
Priority,29.25,39.15,29.25,96.5,0.0966183574879227,9,2,False,194.5,91.5,variable_burst,160
Adaptive,27.65,37.55,11.15,72.5,0.08547008547008547,36,1,True,108.5,91.5,variable_burst,160
FCFS,10.95,16.85,10.95,52.5,0.15748031496062992,9,0,False,81.0,40.65,variable_burst,161
SJF,6.45,12.35,6.45,18.5,0.15748031496062992,9,0,False,41.5,40.65,variable_burst,161
Round Robin (q=2),10.15,16.05,5.0,21.0,0.15151515151515152,14,0,False,40.65,40.65,variable_burst,161
Priority,17.55,23.45,17.55,54.0,0.15748031496062992,9,3,False,114.75,40.65,variable_burst,161
Adaptive,10.15,16.05,5.0,21.0,0.15151515151515152,14,0,True,40.65,40.65,variable_burst,161
FCFS,42.25,50.15,42.25,75.5,0.11976047904191617,9,0,False,249.0,77.5,variable_burst,162
SJF,10.85,18.75,10.85,46.5,0.11976047904191617,9,0,False,77.5,77.5,variable_burst,162
Round Robin (q=2),22.5,30.4,7.55,61.5,0.10204081632653061,38,1,False,83.45,77.5,variable_burst,162
Priority,51.25,59.15,51.25,75.5,0.11976047904191617,9,0,False,294.0,77.5,variable_burst,162
Adaptive,22.5,30.4,7.55,61.5,0.10204081632653061,38,1,True,83.45,77.5,variable_burst,162
FCFS,55.85,66.15,55.85,98.5,0.09302325581395349,9,0,False,328.5,110.5,variable_burst,163
SJF,15.15,25.45,15.15,69.5,0.09302325581395349,9,2,False,110.5,110.5,variable_burst,163
Round Robin (q=2),35.45,45.75,7.85,90.0,0.0784313725490196,49,3,False,111.85,110.5,variable_burst,163
Priority,40.15,50.45,40.15,96.5,0.09302325581395349,9,0,False,249.0,110.5,variable_burst,163
Adaptive,33.7,44.0,9.55,82.0,0.08333333333333333,34,3,True,112.9,110.5,variable_burst,163
FCFS,16.65,26.95,16.65,70.5,0.09302325581395349,9,0,False,118.5,85.75,variable_burst,164
SJF,11.25,21.55,11.25,63.5,0.09302325581395349,9,1,False,88.0,85.75,variable_burst,164
Round Robin (q=2),27.0,37.3,4.0,85.5,0.07722007722007722,53,1,False,85.75,85.75,variable_burst,164
Priority,25.95,36.25,25.95,74.5,0.09302325581395349,9,1,False,167.0,85.75,variable_burst,164
Adaptive,24.8,35.1,4.25,78.0,0.08196721311475409,38,1,True,80.8,85.75,variable_burst,164
FCFS,63.75,73.75,63.75,92.5,0.09569377990430622,9,0,False,365.0,109.94999999999999,variable_burst,165
SJF,40.35,50.35,40.35,63.5,0.09569377990430622,9,0,False,233.5,109.94999999999999,variable_burst,165
Round Robin (q=2),32.65,42.65,8.95,83.0,0.08064516129032258,48,2,False,109.94999999999999,109.94999999999999,variable_burst,165
Priority,60.35,70.35,60.35,94.5,0.09569377990430622,9,0,False,349.0,109.94999999999999,variable_burst,165
Adaptive,35.25,45.25,11.6,78.0,0.08438818565400844,37,2,True,120.65,109.94999999999999,variable_burst,165
FCFS,26.95,35.75,26.95,80.5,0.10810810810810811,9,0,False,175.0,71.5,variable_burst,166
SJF,9.85,18.65,9.85,44.5,0.10810810810810811,9,0,False,71.5,71.5,variable_burst,166
Round Robin (q=2),20.15,28.95,7.6,61.5,0.09259259259259259,40,1,False,81.3,71.5,variable_burst,166
Priority,43.15,51.95,43.15,82.0,0.10810810810810811,9,0,False,256.75,71.5,variable_burst,166
Adaptive,19.15,27.95,8.8,55.0,0.0975609756097561,29,1,True,81.85,71.5,variable_burst,166
FCFS,28.85,38.45,28.85,93.5,0.09950248756218906,9,0,False,191.0,90.5,variable_burst,167
SJF,12.45,22.05,12.45,56.5,0.09950248756218906,9,0,False,90.5,90.5,variable_burst,167
Round Robin (q=2),26.3,35.9,8.0,76.5,0.08298755186721991,49,0,False,96.55,90.5,variable_burst,167
Priority,32.65,42.25,32.65,98.5,0.09950248756218906,9,1,False,212.5,90.5,variable_burst,167
Adaptive,24.7,34.3,9.95,69.5,0.0881057268722467,35,0,True,99.25,90.5,variable_burst,167
FCFS,49.15,58.75,49.15,92.5,0.09950248756218906,9,0,False,292.0,109.0,variable_burst,168
SJF,15.35,24.95,15.35,64.5,0.09950248756218906,9,1,False,109.0,109.0,variable_burst,168
Round Robin (q=2),35.2,44.8,9.6,80.5,0.08333333333333333,48,1,False,113.85,109.0,variable_burst,168
Priority,48.15,57.75,48.15,91.5,0.09950248756218906,9,0,False,286.5,109.0,variable_burst,168
Adaptive,32.0,41.6,13.05,72.5,0.08888888888888889,33,1,True,120.45,109.0,variable_burst,168
FCFS,56.45,68.75,56.45,86.5,0.0784313725490196,9,0,False,325.5,123.0,variable_burst,169
SJF,36.15,48.45,36.15,82.5,0.0784313725490196,9,1,False,222.0,123.0,variable_burst,169
Round Robin (q=2),39.45,51.75,7.45,107.5,0.06557377049180328,59,2,False,123.0,123.0,variable_burst,169
Priority,69.35,81.65,69.35,121.5,0.0784313725490196,9,0,False,407.5,123.0,variable_burst,169
Adaptive,34.6,46.9,10.15,94.0,0.07194244604316546,32,2,True,122.2,123.0,variable_burst,169
FCFS,18.45,26.85,18.45,57.0,0.11299435028248588,9,0,False,120.75,78.0,variable_burst,170
SJF,11.15,19.55,11.15,44.5,0.11299435028248588,9,0,False,78.0,78.0,variable_burst,170
Round Robin (q=2),22.4,30.8,8.7,59.0,0.0970873786407767,38,0,False,86.69999999999999,78.0,variable_burst,170
Priority,18.05,26.45,18.05,46.0,0.11299435028248588,9,2,False,113.25,78.0,variable_burst,170
Adaptive,20.65,29.05,10.25,54.0,0.10204081632653061,28,0,True,88.65,78.0,variable_burst,170
FCFS,41.75,50.95,41.75,83.5,0.10362694300518134,9,0,False,250.5,93.5,variable_burst,171
SJF,13.05,22.25,13.05,56.5,0.10362694300518134,9,1,False,93.5,93.5,variable_burst,171
Round Robin (q=2),27.4,36.6,9.45,74.0,0.08771929824561403,44,2,False,102.19999999999999,93.5,variable_burst,171
Priority,42.75,51.95,42.75,82.5,0.10362694300518134,9,0,False,255.0,93.5,variable_burst,171
Adaptive,27.9,37.1,10.95,68.5,0.09216589861751152,33,2,True,105.94999999999999,93.5,variable_burst,171
FCFS,61.15,70.25,61.15,80.5,0.10471204188481675,9,0,False,346.0,97.94999999999999,variable_burst,172
SJF,33.15,42.25,33.15,56.5,0.10471204188481675,9,0,False,194.0,97.94999999999999,variable_burst,172
Round Robin (q=2),27.9,37.0,8.2,74.5,0.0881057268722467,45,2,False,97.94999999999999,97.94999999999999,variable_burst,172
Priority,49.55,58.65,49.55,85.0,0.10471204188481675,9,0,False,290.25,97.94999999999999,variable_burst,172
Adaptive,27.65,36.75,11.35,69.0,0.09302325581395349,33,2,True,107.55,97.94999999999999,variable_burst,172
FCFS,35.65,44.25,35.65,79.5,0.11049723756906077,9,0,False,218.0,72.0,variable_burst,173
SJF,9.55,18.15,9.55,48.5,0.11049723756906077,9,1,False,72.0,72.0,variable_burst,173
Round Robin (q=2),20.4,29.0,7.1,65.5,0.09302325581395349,43,1,False,81.55,72.0,variable_burst,173
Priority,39.55,48.15,39.55,79.5,0.11049723756906077,9,0,False,237.5,72.0,variable_burst,173
Adaptive,17.7,26.3,7.65,59.0,0.09900990099009901,30,1,True,77.8,72.0,variable_burst,173
FCFS,48.25,60.45,48.25,114.5,0.07905138339920949,9,0,False,298.5,118.7,variable_burst,174
SJF,31.75,43.95,31.75,78.5,0.07905138339920949,9,1,False,198.0,118.7,variable_burst,174
Round Robin (q=2),38.6,50.8,6.9,105.0,0.06535947712418301,62,2,False,118.7,118.7,variable_burst,174
Priority,61.75,73.95,61.75,119.0,0.07905138339920949,9,0,False,368.25,118.7,variable_burst,174
Adaptive,33.35,45.55,11.2,90.5,0.07220216606498195,33,2,True,123.4,118.7,variable_burst,174
FCFS,14.45,20.55,14.45,49.5,0.15267175572519084,9,0,False,97.0,43.5,variable_burst,175
SJF,6.85,12.95,6.85,18.5,0.15267175572519084,9,2,False,43.5,43.5,variable_burst,175
Round Robin (q=2),13.25,19.35,5.45,22.5,0.14388489208633093,17,0,False,46.3,43.5,variable_burst,175
Priority,24.65,30.75,24.65,52.0,0.15267175572519084,9,1,False,149.25,43.5,variable_burst,175
Adaptive,13.25,19.35,5.45,22.5,0.14388489208633093,17,0,True,46.3,43.5,variable_burst,175
FCFS,39.95,46.05,39.95,58.5,0.15267175572519084,9,0,False,229.0,87.95,variable_burst,176
SJF,37.15,43.25,37.15,55.5,0.15267175572519084,9,0,False,213.5,87.95,variable_burst,176
Round Robin (q=2),26.3,32.4,10.6,38.5,0.14184397163120568,19,0,False,87.95,87.95,variable_burst,176
Priority,40.75,46.85,40.75,61.5,0.15267175572519084,9,0,False,234.5,87.95,variable_burst,176
Adaptive,26.3,32.4,10.6,38.5,0.14184397163120568,19,0,True,87.95,87.95,variable_burst,176
FCFS,16.65,22.35,16.65,52.5,0.16260162601626016,9,0,False,109.5,46.5,variable_burst,177
SJF,7.35,13.05,7.35,19.5,0.16260162601626016,9,0,False,46.5,46.5,variable_burst,177
Round Robin (q=2),13.4,19.1,7.2,22.5,0.15503875968992248,15,0,False,53.45,46.5,variable_burst,177
Priority,24.35,30.05,24.35,60.5,0.16260162601626016,9,2,False,152.0,46.5,variable_burst,177
Adaptive,13.4,19.1,7.2,22.5,0.15503875968992248,15,0,True,53.45,46.5,variable_burst,177
FCFS,37.55,44.05,37.55,57.5,0.14388489208633093,9,0,False,216.5,63.5,variable_burst,178
SJF,9.75,16.25,9.75,29.5,0.14388489208633093,9,1,False,63.5,63.5,variable_burst,178
Round Robin (q=2),19.75,26.25,10.15,34.0,0.13513513513513514,18,0,False,77.35,63.5,variable_burst,178
Priority,40.55,47.05,40.55,60.0,0.14388489208633093,9,0,False,232.75,63.5,variable_burst,178
Adaptive,19.75,26.25,10.15,34.0,0.13513513513513514,18,0,True,77.35,63.5,variable_burst,178
FCFS,43.95,53.75,43.95,92.5,0.0975609756097561,9,0,False,266.0,106.4,variable_burst,179
SJF,30.05,39.85,30.05,64.5,0.0975609756097561,9,1,False,182.5,106.4,variable_burst,179
Round Robin (q=2),32.0,41.8,8.1,84.0,0.08196721311475409,48,2,False,106.4,106.4,variable_burst,179
Priority,68.75,78.55,68.75,99.5,0.0975609756097561,9,0,False,393.5,106.4,variable_burst,179
Adaptive,29.35,39.15,10.2,77.0,0.08695652173913043,34,2,True,108.65,106.4,variable_burst,179
FCFS,96.85,114.45,96.85,166.5,0.055401662049861494,9,0,False,567.5,230.95,variable_burst,180
SJF,47.25,64.85,47.25,140.5,0.055401662049861494,9,1,False,306.5,230.95,variable_burst,180
Round Robin (q=2),97.3,114.9,10.85,180.5,0.045351473922902494,89,0,False,230.95,230.95,variable_burst,180
Priority,94.45,112.05,94.45,171.5,0.055401662049861494,9,0,False,558.0,230.95,variable_burst,180
Adaptive,82.8,100.4,19.6,153.5,0.05128205128205128,38,0,True,237.95,230.95,variable_burst,180
FCFS,9.05,11.55,9.05,17.5,0.3389830508474576,9,0,False,54.0,47.25,variable_burst,181
SJF,7.65,10.15,7.65,18.0,0.3389830508474576,9,0,False,47.25,47.25,variable_burst,181
Round Robin (q=2),13.05,15.55,7.2,22.5,0.3125,14,0,False,53.1,47.25,variable_burst,181
Priority,9.45,11.95,9.45,20.0,0.3389830508474576,9,2,False,57.25,47.25,variable_burst,181
Adaptive,7.95,10.45,7.95,18.0,0.3389830508474576,9,0,True,48.75,47.25,variable_burst,181
FCFS,27.25,32.55,27.25,45.5,0.17391304347826086,9,0,False,159.0,36.0,variable_burst,182
SJF,5.15,10.45,5.15,20.5,0.17391304347826086,9,2,False,36.0,36.0,variable_burst,182
Round Robin (q=2),9.2,14.5,6.7,22.0,0.1694915254237288,12,1,False,47.0,36.0,variable_burst,182
Priority,33.15,38.45,33.15,48.5,0.17391304347826086,9,0,False,190.0,36.0,variable_burst,182
Adaptive,9.2,14.5,6.7,22.0,0.1694915254237288,12,1,True,47.0,36.0,variable_burst,182
FCFS,57.65,67.15,57.65,90.5,0.10050251256281408,9,0,False,333.5,118.6,variable_burst,183
SJF,31.45,40.95,31.45,69.5,0.10050251256281408,9,1,False,192.0,118.6,variable_burst,183
Round Robin (q=2),40.2,49.7,8.35,90.0,0.08368200836820083,49,3,False,118.6,118.6,variable_burst,183
Priority,55.05,64.55,55.05,91.0,0.10050251256281408,9,0,False,320.75,118.6,variable_burst,183
Adaptive,39.0,48.5,11.75,83.0,0.08888888888888889,35,3,True,127.5,118.6,variable_burst,183
FCFS,40.15,49.05,40.15,80.5,0.10695187165775401,9,0,False,241.0,93.35,variable_burst,184
SJF,35.45,44.35,35.45,48.5,0.10695187165775401,9,0,False,201.5,93.35,variable_burst,184
Round Robin (q=2),25.75,34.65,8.15,70.0,0.08968609865470852,45,1,False,93.35,93.35,variable_burst,184
Priority,38.05,46.95,38.05,50.5,0.10695187165775401,9,0,False,215.5,93.35,variable_burst,184
Adaptive,21.0,29.9,10.5,62.5,0.09615384615384616,30,1,True,94.25,93.35,variable_burst,184
FCFS,62.25,77.05,62.25,138.5,0.06557377049180328,9,0,False,380.5,171.65,variable_burst,185
SJF,45.65,60.45,45.65,110.5,0.06557377049180328,9,1,False,283.5,171.65,variable_burst,185
Round Robin (q=2),66.0,80.8,8.6,142.5,0.05434782608695652,72,2,False,171.65,171.65,variable_burst,185
Priority,77.45,92.25,77.45,142.0,0.06557377049180328,9,0,False,458.25,171.65,variable_burst,185
Adaptive,57.25,72.05,14.0,125.5,0.05970149253731343,39,2,True,176.0,171.65,variable_burst,185
FCFS,18.65,23.55,18.65,44.0,0.18691588785046728,9,0,False,115.25,48.5,variable_burst,186
SJF,7.65,12.55,7.65,20.5,0.18691588785046728,9,2,False,48.5,48.5,variable_burst,186
Round Robin (q=2),14.55,19.45,8.3,23.5,0.17857142857142858,14,0,False,59.5,48.5,variable_burst,186
Priority,15.45,20.35,15.45,45.5,0.18691588785046728,9,0,False,100.0,48.5,variable_burst,186
Adaptive,14.55,19.45,8.3,23.5,0.17857142857142858,14,0,True,59.5,48.5,variable_burst,186
FCFS,20.65,27.25,20.65,56.5,0.14184397163120568,9,0,False,131.5,55.5,variable_burst,187
SJF,8.65,15.25,8.65,24.5,0.14184397163120568,9,1,False,55.5,55.5,variable_burst,187
Round Robin (q=2),14.95,21.55,7.2,28.0,0.13513513513513514,16,0,False,57.75,55.5,variable_burst,187
Priority,10.05,16.65,10.05,28.0,0.14184397163120568,9,2,False,64.25,55.5,variable_burst,187
Adaptive,14.95,21.55,7.2,28.0,0.13513513513513514,16,0,True,57.75,55.5,variable_burst,187
FCFS,58.25,74.15,58.25,119.5,0.06116207951070336,9,0,False,351.0,185.5,variable_burst,188
SJF,29.55,45.45,29.55,119.5,0.06116207951070336,9,1,False,207.5,185.5,variable_burst,188
Round Robin (q=2),71.3,87.2,9.05,156.0,0.05012531328320802,81,2,False,185.5,185.5,variable_burst,188
Priority,79.45,95.35,79.45,158.5,0.06116207951070336,9,0,False,476.5,185.5,variable_burst,188
Adaptive,58.05,73.95,15.75,132.0,0.056818181818181816,34,2,True,187.05,185.5,variable_burst,188
FCFS,43.75,55.75,43.75,72.5,0.08032128514056225,9,0,False,255.0,117.5,variable_burst,189
SJF,16.25,28.25,16.25,72.5,0.08032128514056225,9,1,False,117.5,117.5,variable_burst,189
Round Robin (q=2),39.2,51.2,8.15,101.0,0.06734006734006734,57,2,False,122.30000000000001,117.5,variable_burst,189
Priority,34.05,46.05,34.05,72.5,0.08032128514056225,9,0,False,206.5,117.5,variable_burst,189
Adaptive,32.15,44.15,11.25,90.0,0.07380073800738007,31,2,True,122.15,117.5,variable_burst,189
FCFS,76.85,88.55,76.85,108.5,0.0823045267489712,9,0,False,438.5,135.0,variable_burst,190
SJF,18.65,30.35,18.65,83.5,0.0823045267489712,9,2,False,135.0,135.0,variable_burst,190
Round Robin (q=2),48.65,60.35,10.1,109.5,0.06802721088435375,60,2,False,143.8,135.0,variable_burst,190
Priority,53.95,65.65,53.95,114.5,0.0823045267489712,9,0,False,327.0,135.0,variable_burst,190
Adaptive,41.35,53.05,16.15,94.5,0.07547169811320754,31,3,True,153.2,135.0,variable_burst,190
FCFS,6.25,8.75,6.25,12.5,0.3389830508474576,9,0,False,37.5,34.75,variable_burst,191
SJF,5.05,7.55,5.05,19.0,0.3389830508474576,9,1,False,34.75,34.75,variable_burst,191
Round Robin (q=2),8.9,11.4,5.4,18.0,0.3125,14,0,False,39.5,34.75,variable_burst,191
Priority,7.65,10.15,7.65,26.5,0.3389830508474576,9,1,False,51.5,34.75,variable_burst,191
Adaptive,5.45,7.95,5.45,12.5,0.3389830508474576,9,0,True,33.5,34.75,variable_burst,191
FCFS,15.25,23.65,15.25,50.5,0.11299435028248588,9,0,False,101.5,71.5,variable_burst,192
SJF,9.85,18.25,9.85,44.5,0.11299435028248588,9,0,False,71.5,71.5,variable_burst,192
Round Robin (q=2),21.05,29.45,7.0,61.0,0.09523809523809523,42,0,False,79.55,71.5,variable_burst,192
Priority,21.35,29.75,21.35,78.5,0.11299435028248588,9,1,False,146.0,71.5,variable_burst,192
Adaptive,17.35,25.75,8.25,54.5,0.10152284263959391,29,0,True,77.6,71.5,variable_burst,192
FCFS,30.65,36.55,30.65,46.0,0.15748031496062992,9,0,False,176.25,43.8,variable_burst,193
SJF,29.35,35.25,29.35,47.0,0.15748031496062992,9,0,False,170.25,43.8,variable_burst,193
Round Robin (q=2),10.15,16.05,5.35,24.5,0.15037593984962405,15,1,False,43.8,43.8,variable_burst,193
Priority,31.25,37.15,31.25,50.5,0.15748031496062992,9,0,False,181.5,43.8,variable_burst,193
Adaptive,10.15,16.05,5.35,24.5,0.15037593984962405,15,1,True,43.8,43.8,variable_burst,193
FCFS,35.75,40.85,35.75,50.5,0.18018018018018017,9,0,False,204.0,73.35,variable_burst,194
SJF,31.75,36.85,31.75,47.5,0.18018018018018017,9,0,False,182.5,73.35,variable_burst,194
Round Robin (q=2),18.4,23.5,10.05,29.5,0.17094017094017094,15,0,False,73.35,73.35,variable_burst,194
Priority,33.95,39.05,33.95,50.5,0.18018018018018017,9,0,False,195.0,73.35,variable_burst,194
Adaptive,18.4,23.5,10.05,29.5,0.17094017094017094,15,0,True,73.35,73.35,variable_burst,194
FCFS,77.05,89.35,77.05,115.5,0.0784313725490196,9,0,False,443.0,132.55,variable_burst,195
SJF,35.45,47.75,35.45,86.5,0.0784313725490196,9,1,False,220.5,132.55,variable_burst,195
Round Robin (q=2),42.9,55.2,8.35,112.5,0.06514657980456026,61,3,False,132.55,132.55,variable_burst,195
Priority,56.95,69.25,56.95,117.5,0.0784313725490196,9,0,False,343.5,132.55,variable_burst,195
Adaptive,39.25,51.55,11.85,98.5,0.07168458781362007,33,3,True,135.9,132.55,variable_burst,195
FCFS,22.05,28.25,22.05,52.5,0.15037593984962405,9,0,False,136.5,43.5,variable_burst,196
SJF,6.55,12.75,6.55,21.5,0.15037593984962405,9,1,False,43.5,43.5,variable_burst,196
Round Robin (q=2),11.35,17.55,5.95,24.5,0.14388489208633093,15,1,False,47.4,43.5,variable_burst,196
Priority,7.25,13.45,7.25,21.5,0.15037593984962405,9,3,False,47.0,43.5,variable_burst,196
Adaptive,11.35,17.55,5.95,24.5,0.14388489208633093,15,1,True,47.4,43.5,variable_burst,196
FCFS,70.05,81.65,70.05,106.5,0.08298755186721991,9,0,False,403.5,127.35,variable_burst,197
SJF,33.35,44.95,33.35,74.5,0.08298755186721991,9,1,False,204.0,127.35,variable_burst,197
Round Robin (q=2),42.75,54.35,8.9,98.0,0.07017543859649122,53,3,False,127.35,127.35,variable_burst,197
Priority,62.75,74.35,62.75,106.5,0.08298755186721991,9,0,False,367.0,127.35,variable_burst,197
Adaptive,40.35,51.95,11.6,91.5,0.07407407407407407,38,3,True,132.5,127.35,variable_burst,197
FCFS,14.55,20.35,14.55,54.5,0.16,9,0,False,100.0,55.0,variable_burst,198
SJF,8.75,14.55,8.75,22.5,0.16,9,0,False,55.0,55.0,variable_burst,198
Round Robin (q=2),14.65,20.45,8.95,25.5,0.15267175572519084,15,0,False,63.199999999999996,55.0,variable_burst,198
Priority,16.45,22.25,16.45,55.0,0.16,9,1,False,109.75,55.0,variable_burst,198
Adaptive,14.65,20.45,8.95,25.5,0.15267175572519084,15,0,True,63.199999999999996,55.0,variable_burst,198
FCFS,34.55,43.25,34.55,78.5,0.1092896174863388,9,0,False,212.0,93.5,variable_burst,199
SJF,13.35,22.05,13.35,53.5,0.1092896174863388,9,1,False,93.5,93.5,variable_burst,199
Round Robin (q=2),29.65,38.35,9.2,69.5,0.09302325581395349,41,1,False,101.19999999999999,93.5,variable_burst,199
Priority,32.25,40.95,32.25,88.5,0.1092896174863388,9,2,False,205.5,93.5,variable_burst,199
Adaptive,22.3,31.0,11.35,62.5,0.09950248756218906,27,1,True,98.95,93.5,variable_burst,199
